[INFO] Scanning for projects...
[INFO] 
[INFO] ---------------------< org.example:annonceService >---------------------
[INFO] Building annonceService 0.0.1-SNAPSHOT
[INFO]   from pom.xml
[INFO] --------------------------------[ jar ]---------------------------------
[INFO] 
[INFO] >>> spring-boot:4.0.0:run (default-cli) > test-compile @ annonceService >>>
[INFO] 
[INFO] --- resources:3.3.1:resources (default-resources) @ annonceService ---
[INFO] Copying 1 resource from src/main/resources to target/classes
[INFO] Copying 0 resource from src/main/resources to target/classes
[INFO] 
[INFO] --- compiler:3.14.1:compile (default-compile) @ annonceService ---
[INFO] Recompiling the module because of changed source code.
[INFO] Compiling 20 source files with javac [debug parameters release 17] to target/classes
[WARNING] /Users/abderrahimdefaoui/Desktop/blood-donaiton-main/backend/annonceService/annonceService/src/main/java/org/example/annonceservice/Mapper/AnnonceMapper.java:[13,16] Unmapped target properties: "location, hospital, User".
[INFO] /Users/abderrahimdefaoui/Desktop/blood-donaiton-main/backend/annonceService/annonceService/src/main/java/org/example/annonceservice/Entity/Annonce.java: /Users/abderrahimdefaoui/Desktop/blood-donaiton-main/backend/annonceService/annonceService/src/main/java/org/example/annonceservice/Entity/Annonce.java uses or overrides a deprecated API.
[INFO] /Users/abderrahimdefaoui/Desktop/blood-donaiton-main/backend/annonceService/annonceService/src/main/java/org/example/annonceservice/Entity/Annonce.java: Recompile with -Xlint:deprecation for details.
[INFO] 
[INFO] --- resources:3.3.1:testResources (default-testResources) @ annonceService ---
[INFO] skip non existing resourceDirectory /Users/abderrahimdefaoui/Desktop/blood-donaiton-main/backend/annonceService/annonceService/src/test/resources
[INFO] 
[INFO] --- compiler:3.14.1:testCompile (default-testCompile) @ annonceService ---
[INFO] Recompiling the module because of changed dependency.
[INFO] Compiling 1 source file with javac [debug parameters release 17] to target/test-classes
[INFO] 
[INFO] <<< spring-boot:4.0.0:run (default-cli) < test-compile @ annonceService <<<
[INFO] 
[INFO] 
[INFO] --- spring-boot:4.0.0:run (default-cli) @ annonceService ---
[INFO] Attaching agents: []

  .   ____          _            __ _ _
 /\\ / ___'_ __ _ _(_)_ __  __ _ \ \ \ \
( ( )\___ | '_ | '_| | '_ \/ _` | \ \ \ \
 \\/  ___)| |_)| | | | | || (_| |  ) ) ) )
  '  |____| .__|_| |_|_| |_\__, | / / / /
 =========|_|==============|___/=/_/_/_/

 :: Spring Boot ::                (v4.0.0)

2026-01-12T21:44:59.960+01:00  INFO 59125 --- [annonceService] [           main] o.e.a.AnnonceServiceApplication          : Starting AnnonceServiceApplication using Java 17.0.17 with PID 59125 (/Users/abderrahimdefaoui/Desktop/blood-donaiton-main/backend/annonceService/annonceService/target/classes started by abderrahimdefaoui in /Users/abderrahimdefaoui/Desktop/blood-donaiton-main/backend/annonceService/annonceService)
2026-01-12T21:44:59.962+01:00  INFO 59125 --- [annonceService] [           main] o.e.a.AnnonceServiceApplication          : No active profile set, falling back to 1 default profile: "default"
2026-01-12T21:45:00.494+01:00  INFO 59125 --- [annonceService] [           main] .s.d.r.c.RepositoryConfigurationDelegate : Bootstrapping Spring Data JPA repositories in DEFAULT mode.
2026-01-12T21:45:00.600+01:00  INFO 59125 --- [annonceService] [           main] .s.d.r.c.RepositoryConfigurationDelegate : Finished Spring Data repository scanning in 99 ms. Found 1 JPA repository interface.
2026-01-12T21:45:00.788+01:00  INFO 59125 --- [annonceService] [           main] o.s.cloud.context.scope.GenericScope     : BeanFactory id=edb1070b-644b-3869-b2c6-30a24553b899
2026-01-12T21:45:00.999+01:00  INFO 59125 --- [annonceService] [           main] o.s.boot.tomcat.TomcatWebServer          : Tomcat initialized with port 9094 (http)
2026-01-12T21:45:01.007+01:00  INFO 59125 --- [annonceService] [           main] o.apache.catalina.core.StandardService   : Starting service [Tomcat]
2026-01-12T21:45:01.008+01:00  INFO 59125 --- [annonceService] [           main] o.apache.catalina.core.StandardEngine    : Starting Servlet engine: [Apache Tomcat/11.0.14]
2026-01-12T21:45:01.068+01:00  INFO 59125 --- [annonceService] [           main] b.w.c.s.WebApplicationContextInitializer : Root WebApplicationContext: initialization completed in 1059 ms
2026-01-12T21:45:01.191+01:00  INFO 59125 --- [annonceService] [           main] o.hibernate.jpa.internal.util.LogHelper  : HHH000204: Processing PersistenceUnitInfo [name: default]
2026-01-12T21:45:01.214+01:00  INFO 59125 --- [annonceService] [           main] org.hibernate.Version                    : HHH000412: Hibernate ORM core version 7.1.8.Final
2026-01-12T21:45:01.458+01:00  INFO 59125 --- [annonceService] [           main] o.s.o.j.p.SpringPersistenceUnitInfo      : No LoadTimeWeaver setup: ignoring JPA class transformer
2026-01-12T21:45:01.486+01:00  INFO 59125 --- [annonceService] [           main] com.zaxxer.hikari.HikariDataSource       : HikariPool-1 - Starting...
2026-01-12T21:45:01.701+01:00  INFO 59125 --- [annonceService] [           main] com.zaxxer.hikari.pool.HikariPool        : HikariPool-1 - Added connection com.mysql.cj.jdbc.ConnectionImpl@42805abe
2026-01-12T21:45:01.702+01:00  INFO 59125 --- [annonceService] [           main] com.zaxxer.hikari.HikariDataSource       : HikariPool-1 - Start completed.
2026-01-12T21:45:01.735+01:00  WARN 59125 --- [annonceService] [           main] org.hibernate.orm.deprecation            : HHH90000025: MySQLDialect does not need to be specified explicitly using 'hibernate.dialect' (remove the property setting and it will be selected by default)
2026-01-12T21:45:01.747+01:00  INFO 59125 --- [annonceService] [           main] org.hibernate.orm.connections.pooling    : HHH10001005: Database info:
	Database JDBC URL [jdbc:mysql://localhost:3306/annonce_db?createDatabaseIfNotExist=true]
	Database driver: MySQL Connector/J
	Database dialect: MySQLDialect
	Database version: 8.0.44
	Default catalog/schema: annonce_db/undefined
	Autocommit mode: undefined/unknown
	Isolation level: REPEATABLE_READ [default REPEATABLE_READ]
	JDBC fetch size: none
	Pool: DatasourceConnectionProviderImpl
	Minimum pool size: undefined/unknown
	Maximum pool size: undefined/unknown
2026-01-12T21:45:01.819+01:00  WARN 59125 --- [annonceService] [           main] org.hibernate.orm.deprecation            : HHH90000033: Encountered use of deprecated annotation [interface jakarta.persistence.Temporal] at org.example.annonceservice.Entity.Annonce.deadline.
2026-01-12T21:45:01.820+01:00  WARN 59125 --- [annonceService] [           main] org.hibernate.orm.deprecation            : HHH90000033: Encountered use of deprecated annotation [interface jakarta.persistence.Temporal] at org.example.annonceservice.Entity.Annonce.requestDate.
2026-01-12T21:45:02.262+01:00  INFO 59125 --- [annonceService] [           main] o.h.e.t.j.p.i.JtaPlatformInitiator       : HHH000489: No JTA platform available (set 'hibernate.transaction.jta.platform' to enable JTA platform integration)
2026-01-12T21:45:02.307+01:00  INFO 59125 --- [annonceService] [           main] j.LocalContainerEntityManagerFactoryBean : Initialized JPA EntityManagerFactory for persistence unit 'default'
2026-01-12T21:45:02.351+01:00  INFO 59125 --- [annonceService] [           main] o.s.d.j.r.query.QueryEnhancerFactories   : Hibernate is in classpath; If applicable, HQL parser will be used.
2026-01-12T21:45:02.472+01:00  WARN 59125 --- [annonceService] [           main] JpaBaseConfiguration$JpaWebConfiguration : spring.jpa.open-in-view is enabled by default. Therefore, database queries may be performed during view rendering. Explicitly configure spring.jpa.open-in-view to disable this warning
2026-01-12T21:45:02.856+01:00  INFO 59125 --- [annonceService] [           main] DiscoveryClientOptionalArgsConfiguration : Eureka HTTP Client uses RestClient.
2026-01-12T21:45:02.873+01:00  WARN 59125 --- [annonceService] [           main] iguration$LoadBalancerCaffeineWarnLogger : Spring Cloud LoadBalancer is currently working with the default cache. While this cache implementation is useful for development and tests, it's recommended to use Caffeine cache in production.You can switch to using Caffeine cache, by adding it and org.springframework.cache.caffeine.CaffeineCacheManager to the classpath.
2026-01-12T21:45:02.892+01:00  INFO 59125 --- [annonceService] [           main] o.s.boot.tomcat.TomcatWebServer          : Tomcat started on port 9094 (http) with context path '/'
2026-01-12T21:45:02.901+01:00  INFO 59125 --- [annonceService] [           main] o.e.a.AnnonceServiceApplication          : Started AnnonceServiceApplication in 3.241 seconds (process running for 3.588)
2026-01-12T21:46:16.600+01:00  INFO 59125 --- [annonceService] [nio-9094-exec-1] o.a.c.c.C.[Tomcat].[localhost].[/]       : Initializing Spring DispatcherServlet 'dispatcherServlet'
2026-01-12T21:46:16.602+01:00  INFO 59125 --- [annonceService] [nio-9094-exec-1] o.s.web.servlet.DispatcherServlet        : Initializing Servlet 'dispatcherServlet'
2026-01-12T21:46:16.607+01:00  INFO 59125 --- [annonceService] [nio-9094-exec-1] o.s.web.servlet.DispatcherServlet        : Completed initialization in 5 ms
2026-01-12T21:46:16.629+01:00  INFO 59125 --- [annonceService] [nio-9094-exec-1] o.e.a.Controller.AnnonceController       : Requête GET /api/annonces - liste des annonces
2026-01-12T21:46:16.629+01:00  INFO 59125 --- [annonceService] [nio-9094-exec-1] o.e.a.Service.AnnonceService             : Récupération de toutes les annonces
Hibernate: select a1_0.id,a1_0.blood_type,a1_0.deadline,a1_0.description,a1_0.hospital_id,a1_0.location_id,a1_0.quantity,a1_0.request_date,a1_0.status,a1_0.urgent_level,a1_0.user_id from post_annonce a1_0
2026-01-12T21:46:16.732+01:00  INFO 59125 --- [annonceService] [nio-9094-exec-1] o.e.a.Service.AnnonceService             : Récupération réussie de 0 annonces
2026-01-12T21:46:29.083+01:00  INFO 59125 --- [annonceService] [nio-9094-exec-2] o.e.a.Controller.AnnonceController       : Requête GET /api/annonces - liste des annonces
2026-01-12T21:46:29.083+01:00  INFO 59125 --- [annonceService] [nio-9094-exec-2] o.e.a.Service.AnnonceService             : Récupération de toutes les annonces
Hibernate: select a1_0.id,a1_0.blood_type,a1_0.deadline,a1_0.description,a1_0.hospital_id,a1_0.location_id,a1_0.quantity,a1_0.request_date,a1_0.status,a1_0.urgent_level,a1_0.user_id from post_annonce a1_0
2026-01-12T21:46:29.097+01:00  INFO 59125 --- [annonceService] [nio-9094-exec-2] o.e.a.Service.AnnonceService             : Récupération réussie de 0 annonces
2026-01-12T21:49:46.761+01:00  INFO 59125 --- [annonceService] [nio-9094-exec-4] o.e.a.Controller.AnnonceController       : Requête GET /api/annonces - liste des annonces par hospital 1
2026-01-12T21:49:46.762+01:00  INFO 59125 --- [annonceService] [nio-9094-exec-4] o.e.a.Service.AnnonceService             : Récupération de toutes les annonces pour l'hospital 1
Hibernate: select a1_0.id,a1_0.blood_type,a1_0.deadline,a1_0.description,a1_0.hospital_id,a1_0.location_id,a1_0.quantity,a1_0.request_date,a1_0.status,a1_0.urgent_level,a1_0.user_id from post_annonce a1_0 where a1_0.hospital_id=?
2026-01-12T21:49:46.924+01:00  INFO 59125 --- [annonceService] [nio-9094-exec-4] o.e.a.Service.AnnonceService             : Récupération réussie de 0 annonces
2026-01-12T21:51:52.965+01:00  INFO 59125 --- [annonceService] [nio-9094-exec-6] o.e.a.Controller.AnnonceController       : Requête POST /api/annonces - création annonce
2026-01-12T21:51:52.965+01:00  INFO 59125 --- [annonceService] [nio-9094-exec-6] o.e.a.Service.AnnonceService             : Création d'une nouvelle annonce: AB+
Hibernate: insert into post_annonce (blood_type,deadline,description,hospital_id,location_id,quantity,request_date,status,urgent_level,user_id) values (?,?,?,?,?,?,?,?,?,?)
2026-01-12T21:51:53.075+01:00  INFO 59125 --- [annonceService] [nio-9094-exec-6] o.a.kafka.common.config.AbstractConfig   : ProducerConfig values: 
	acks = -1
	batch.size = 16384
	bootstrap.servers = [localhost:9099]
	buffer.memory = 33554432
	client.dns.lookup = use_all_dns_ips
	client.id = annonceService-producer-1
	compression.gzip.level = -1
	compression.lz4.level = 9
	compression.type = none
	compression.zstd.level = 3
	connections.max.idle.ms = 540000
	delivery.timeout.ms = 120000
	enable.idempotence = true
	enable.metrics.push = true
	interceptor.classes = []
	key.serializer = class org.apache.kafka.common.serialization.StringSerializer
	linger.ms = 5
	max.block.ms = 60000
	max.in.flight.requests.per.connection = 5
	max.request.size = 1048576
	metadata.max.age.ms = 300000
	metadata.max.idle.ms = 300000
	metadata.recovery.rebootstrap.trigger.ms = 300000
	metadata.recovery.strategy = rebootstrap
	metric.reporters = [org.apache.kafka.common.metrics.JmxReporter]
	metrics.num.samples = 2
	metrics.recording.level = INFO
	metrics.sample.window.ms = 30000
	partitioner.adaptive.partitioning.enable = true
	partitioner.availability.timeout.ms = 0
	partitioner.class = null
	partitioner.ignore.keys = false
	receive.buffer.bytes = 32768
	reconnect.backoff.max.ms = 1000
	reconnect.backoff.ms = 50
	request.timeout.ms = 30000
	retries = 2147483647
	retry.backoff.max.ms = 1000
	retry.backoff.ms = 100
	sasl.client.callback.handler.class = null
	sasl.jaas.config = null
	sasl.kerberos.kinit.cmd = /usr/bin/kinit
	sasl.kerberos.min.time.before.relogin = 60000
	sasl.kerberos.service.name = null
	sasl.kerberos.ticket.renew.jitter = 0.05
	sasl.kerberos.ticket.renew.window.factor = 0.8
	sasl.login.callback.handler.class = null
	sasl.login.class = null
	sasl.login.connect.timeout.ms = null
	sasl.login.read.timeout.ms = null
	sasl.login.refresh.buffer.seconds = 300
	sasl.login.refresh.min.period.seconds = 60
	sasl.login.refresh.window.factor = 0.8
	sasl.login.refresh.window.jitter = 0.05
	sasl.login.retry.backoff.max.ms = 10000
	sasl.login.retry.backoff.ms = 100
	sasl.mechanism = GSSAPI
	sasl.oauthbearer.assertion.algorithm = RS256
	sasl.oauthbearer.assertion.claim.aud = null
	sasl.oauthbearer.assertion.claim.exp.seconds = 300
	sasl.oauthbearer.assertion.claim.iss = null
	sasl.oauthbearer.assertion.claim.jti.include = false
	sasl.oauthbearer.assertion.claim.nbf.seconds = 60
	sasl.oauthbearer.assertion.claim.sub = null
	sasl.oauthbearer.assertion.file = null
	sasl.oauthbearer.assertion.private.key.file = null
	sasl.oauthbearer.assertion.private.key.passphrase = null
	sasl.oauthbearer.assertion.template.file = null
	sasl.oauthbearer.client.credentials.client.id = null
	sasl.oauthbearer.client.credentials.client.secret = null
	sasl.oauthbearer.clock.skew.seconds = 30
	sasl.oauthbearer.expected.audience = null
	sasl.oauthbearer.expected.issuer = null
	sasl.oauthbearer.header.urlencode = false
	sasl.oauthbearer.jwks.endpoint.refresh.ms = 3600000
	sasl.oauthbearer.jwks.endpoint.retry.backoff.max.ms = 10000
	sasl.oauthbearer.jwks.endpoint.retry.backoff.ms = 100
	sasl.oauthbearer.jwks.endpoint.url = null
	sasl.oauthbearer.jwt.retriever.class = class org.apache.kafka.common.security.oauthbearer.DefaultJwtRetriever
	sasl.oauthbearer.jwt.validator.class = class org.apache.kafka.common.security.oauthbearer.DefaultJwtValidator
	sasl.oauthbearer.scope = null
	sasl.oauthbearer.scope.claim.name = scope
	sasl.oauthbearer.sub.claim.name = sub
	sasl.oauthbearer.token.endpoint.url = null
	security.protocol = PLAINTEXT
	security.providers = null
	send.buffer.bytes = 131072
	socket.connection.setup.timeout.max.ms = 30000
	socket.connection.setup.timeout.ms = 10000
	ssl.cipher.suites = null
	ssl.enabled.protocols = [TLSv1.2, TLSv1.3]
	ssl.endpoint.identification.algorithm = https
	ssl.engine.factory.class = null
	ssl.key.password = null
	ssl.keymanager.algorithm = SunX509
	ssl.keystore.certificate.chain = null
	ssl.keystore.key = null
	ssl.keystore.location = null
	ssl.keystore.password = null
	ssl.keystore.type = JKS
	ssl.protocol = TLSv1.3
	ssl.provider = null
	ssl.secure.random.implementation = null
	ssl.trustmanager.algorithm = PKIX
	ssl.truststore.certificates = null
	ssl.truststore.location = null
	ssl.truststore.password = null
	ssl.truststore.type = JKS
	transaction.timeout.ms = 60000
	transaction.two.phase.commit.enable = false
	transactional.id = null
	value.serializer = class org.springframework.kafka.support.serializer.JacksonJsonSerializer

2026-01-12T21:51:53.090+01:00  INFO 59125 --- [annonceService] [nio-9094-exec-6] o.a.k.c.t.i.KafkaMetricsCollector        : initializing Kafka metrics collector
2026-01-12T21:51:53.119+01:00  INFO 59125 --- [annonceService] [nio-9094-exec-6] o.a.k.clients.producer.KafkaProducer     : [Producer clientId=annonceService-producer-1] Instantiated an idempotent producer.
2026-01-12T21:51:53.138+01:00  INFO 59125 --- [annonceService] [nio-9094-exec-6] o.a.kafka.common.utils.AppInfoParser     : Kafka version: 4.1.1
2026-01-12T21:51:53.138+01:00  INFO 59125 --- [annonceService] [nio-9094-exec-6] o.a.kafka.common.utils.AppInfoParser     : Kafka commitId: be816b82d25370ce
2026-01-12T21:51:53.138+01:00  INFO 59125 --- [annonceService] [nio-9094-exec-6] o.a.kafka.common.utils.AppInfoParser     : Kafka startTimeMs: 1768251113137
2026-01-12T21:51:53.256+01:00  INFO 59125 --- [annonceService] [vice-producer-1] org.apache.kafka.clients.NetworkClient   : [Producer clientId=annonceService-producer-1] Node -1 disconnected.
2026-01-12T21:51:53.256+01:00  WARN 59125 --- [annonceService] [vice-producer-1] org.apache.kafka.clients.NetworkClient   : [Producer clientId=annonceService-producer-1] Connection to node -1 (localhost/127.0.0.1:9099) could not be established. Node may not be available.
2026-01-12T21:51:53.257+01:00  WARN 59125 --- [annonceService] [vice-producer-1] org.apache.kafka.clients.NetworkClient   : [Producer clientId=annonceService-producer-1] Bootstrap broker localhost:9099 (id: -1 rack: null isFenced: false) disconnected
2026-01-12T21:51:53.361+01:00  INFO 59125 --- [annonceService] [vice-producer-1] org.apache.kafka.clients.NetworkClient   : [Producer clientId=annonceService-producer-1] Node -1 disconnected.
2026-01-12T21:51:53.361+01:00  WARN 59125 --- [annonceService] [vice-producer-1] org.apache.kafka.clients.NetworkClient   : [Producer clientId=annonceService-producer-1] Connection to node -1 (localhost/127.0.0.1:9099) could not be established. Node may not be available.
2026-01-12T21:51:53.361+01:00  WARN 59125 --- [annonceService] [vice-producer-1] org.apache.kafka.clients.NetworkClient   : [Producer clientId=annonceService-producer-1] Bootstrap broker localhost:9099 (id: -1 rack: null isFenced: false) disconnected
2026-01-12T21:51:53.467+01:00  INFO 59125 --- [annonceService] [vice-producer-1] org.apache.kafka.clients.NetworkClient   : [Producer clientId=annonceService-producer-1] Node -1 disconnected.
2026-01-12T21:51:53.468+01:00  WARN 59125 --- [annonceService] [vice-producer-1] org.apache.kafka.clients.NetworkClient   : [Producer clientId=annonceService-producer-1] Connection to node -1 (localhost/127.0.0.1:9099) could not be established. Node may not be available.
2026-01-12T21:51:53.468+01:00  WARN 59125 --- [annonceService] [vice-producer-1] org.apache.kafka.clients.NetworkClient   : [Producer clientId=annonceService-producer-1] Bootstrap broker localhost:9099 (id: -1 rack: null isFenced: false) disconnected
2026-01-12T21:51:53.680+01:00  INFO 59125 --- [annonceService] [vice-producer-1] org.apache.kafka.clients.NetworkClient   : [Producer clientId=annonceService-producer-1] Node -1 disconnected.
2026-01-12T21:51:53.681+01:00  WARN 59125 --- [annonceService] [vice-producer-1] org.apache.kafka.clients.NetworkClient   : [Producer clientId=annonceService-producer-1] Connection to node -1 (localhost/127.0.0.1:9099) could not be established. Node may not be available.
2026-01-12T21:51:53.681+01:00  WARN 59125 --- [annonceService] [vice-producer-1] org.apache.kafka.clients.NetworkClient   : [Producer clientId=annonceService-producer-1] Bootstrap broker localhost:9099 (id: -1 rack: null isFenced: false) disconnected
2026-01-12T21:51:54.049+01:00  INFO 59125 --- [annonceService] [vice-producer-1] org.apache.kafka.clients.NetworkClient   : [Producer clientId=annonceService-producer-1] Node -1 disconnected.
2026-01-12T21:51:54.049+01:00  WARN 59125 --- [annonceService] [vice-producer-1] org.apache.kafka.clients.NetworkClient   : [Producer clientId=annonceService-producer-1] Connection to node -1 (localhost/127.0.0.1:9099) could not be established. Node may not be available.
2026-01-12T21:51:54.050+01:00  WARN 59125 --- [annonceService] [vice-producer-1] org.apache.kafka.clients.NetworkClient   : [Producer clientId=annonceService-producer-1] Bootstrap broker localhost:9099 (id: -1 rack: null isFenced: false) disconnected
2026-01-12T21:51:54.153+01:00  INFO 59125 --- [annonceService] [vice-producer-1] org.apache.kafka.clients.Metadata        : [Producer clientId=annonceService-producer-1] Rebootstrapping with [localhost/127.0.0.1:9099]
2026-01-12T21:51:54.205+01:00  INFO 59125 --- [annonceService] [vice-producer-1] org.apache.kafka.clients.Metadata        : [Producer clientId=annonceService-producer-1] Rebootstrapping with [localhost/127.0.0.1:9099]
2026-01-12T21:51:54.258+01:00  INFO 59125 --- [annonceService] [vice-producer-1] org.apache.kafka.clients.Metadata        : [Producer clientId=annonceService-producer-1] Rebootstrapping with [localhost/127.0.0.1:9099]
2026-01-12T21:51:54.310+01:00  INFO 59125 --- [annonceService] [vice-producer-1] org.apache.kafka.clients.Metadata        : [Producer clientId=annonceService-producer-1] Rebootstrapping with [localhost/127.0.0.1:9099]
2026-01-12T21:51:54.364+01:00  INFO 59125 --- [annonceService] [vice-producer-1] org.apache.kafka.clients.Metadata        : [Producer clientId=annonceService-producer-1] Rebootstrapping with [localhost/127.0.0.1:9099]
2026-01-12T21:51:54.417+01:00  INFO 59125 --- [annonceService] [vice-producer-1] org.apache.kafka.clients.Metadata        : [Producer clientId=annonceService-producer-1] Rebootstrapping with [localhost/127.0.0.1:9099]
2026-01-12T21:51:54.474+01:00  INFO 59125 --- [annonceService] [vice-producer-1] org.apache.kafka.clients.Metadata        : [Producer clientId=annonceService-producer-1] Rebootstrapping with [localhost/127.0.0.1:9099]
2026-01-12T21:51:54.529+01:00  INFO 59125 --- [annonceService] [vice-producer-1] org.apache.kafka.clients.Metadata        : [Producer clientId=annonceService-producer-1] Rebootstrapping with [localhost/127.0.0.1:9099]
2026-01-12T21:51:54.582+01:00  INFO 59125 --- [annonceService] [vice-producer-1] org.apache.kafka.clients.Metadata        : [Producer clientId=annonceService-producer-1] Rebootstrapping with [localhost/127.0.0.1:9099]
2026-01-12T21:51:54.637+01:00  INFO 59125 --- [annonceService] [vice-producer-1] org.apache.kafka.clients.Metadata        : [Producer clientId=annonceService-producer-1] Rebootstrapping with [localhost/127.0.0.1:9099]
2026-01-12T21:51:54.690+01:00  INFO 59125 --- [annonceService] [vice-producer-1] org.apache.kafka.clients.Metadata        : [Producer clientId=annonceService-producer-1] Rebootstrapping with [localhost/127.0.0.1:9099]
2026-01-12T21:51:54.747+01:00  INFO 59125 --- [annonceService] [vice-producer-1] org.apache.kafka.clients.NetworkClient   : [Producer clientId=annonceService-producer-1] Node -1 disconnected.
2026-01-12T21:51:54.748+01:00  WARN 59125 --- [annonceService] [vice-producer-1] org.apache.kafka.clients.NetworkClient   : [Producer clientId=annonceService-producer-1] Connection to node -1 (localhost/127.0.0.1:9099) could not be established. Node may not be available.
2026-01-12T21:51:54.748+01:00  WARN 59125 --- [annonceService] [vice-producer-1] org.apache.kafka.clients.NetworkClient   : [Producer clientId=annonceService-producer-1] Bootstrap broker localhost:9099 (id: -1 rack: null isFenced: false) disconnected
2026-01-12T21:51:55.421+01:00  INFO 59125 --- [annonceService] [vice-producer-1] org.apache.kafka.clients.Metadata        : [Producer clientId=annonceService-producer-1] Rebootstrapping with [localhost/127.0.0.1:9099]
2026-01-12T21:51:55.606+01:00  INFO 59125 --- [annonceService] [vice-producer-1] org.apache.kafka.clients.Metadata        : [Producer clientId=annonceService-producer-1] Rebootstrapping with [localhost/127.0.0.1:9099]
2026-01-12T21:51:55.658+01:00  INFO 59125 --- [annonceService] [vice-producer-1] org.apache.kafka.clients.Metadata        : [Producer clientId=annonceService-producer-1] Rebootstrapping with [localhost/127.0.0.1:9099]
2026-01-12T21:51:55.713+01:00  INFO 59125 --- [annonceService] [vice-producer-1] org.apache.kafka.clients.Metadata        : [Producer clientId=annonceService-producer-1] Rebootstrapping with [localhost/127.0.0.1:9099]
2026-01-12T21:51:55.766+01:00  INFO 59125 --- [annonceService] [vice-producer-1] org.apache.kafka.clients.NetworkClient   : [Producer clientId=annonceService-producer-1] Node -1 disconnected.
2026-01-12T21:51:55.766+01:00  WARN 59125 --- [annonceService] [vice-producer-1] org.apache.kafka.clients.NetworkClient   : [Producer clientId=annonceService-producer-1] Connection to node -1 (localhost/127.0.0.1:9099) could not be established. Node may not be available.
2026-01-12T21:51:55.767+01:00  WARN 59125 --- [annonceService] [vice-producer-1] org.apache.kafka.clients.NetworkClient   : [Producer clientId=annonceService-producer-1] Bootstrap broker localhost:9099 (id: -1 rack: null isFenced: false) disconnected
2026-01-12T21:51:56.709+01:00  INFO 59125 --- [annonceService] [vice-producer-1] org.apache.kafka.clients.NetworkClient   : [Producer clientId=annonceService-producer-1] Node -1 disconnected.
2026-01-12T21:51:56.709+01:00  WARN 59125 --- [annonceService] [vice-producer-1] org.apache.kafka.clients.NetworkClient   : [Producer clientId=annonceService-producer-1] Connection to node -1 (localhost/127.0.0.1:9099) could not be established. Node may not be available.
2026-01-12T21:51:56.710+01:00  WARN 59125 --- [annonceService] [vice-producer-1] org.apache.kafka.clients.NetworkClient   : [Producer clientId=annonceService-producer-1] Bootstrap broker localhost:9099 (id: -1 rack: null isFenced: false) disconnected
2026-01-12T21:51:57.541+01:00  INFO 59125 --- [annonceService] [vice-producer-1] org.apache.kafka.clients.Metadata        : [Producer clientId=annonceService-producer-1] Rebootstrapping with [localhost/127.0.0.1:9099]
2026-01-12T21:51:57.597+01:00  INFO 59125 --- [annonceService] [vice-producer-1] org.apache.kafka.clients.Metadata        : [Producer clientId=annonceService-producer-1] Rebootstrapping with [localhost/127.0.0.1:9099]
2026-01-12T21:51:57.705+01:00  INFO 59125 --- [annonceService] [vice-producer-1] org.apache.kafka.clients.Metadata        : [Producer clientId=annonceService-producer-1] Rebootstrapping with [localhost/127.0.0.1:9099]
2026-01-12T21:51:57.759+01:00  INFO 59125 --- [annonceService] [vice-producer-1] org.apache.kafka.clients.NetworkClient   : [Producer clientId=annonceService-producer-1] Node -1 disconnected.
2026-01-12T21:51:57.759+01:00  WARN 59125 --- [annonceService] [vice-producer-1] org.apache.kafka.clients.NetworkClient   : [Producer clientId=annonceService-producer-1] Connection to node -1 (localhost/127.0.0.1:9099) could not be established. Node may not be available.
2026-01-12T21:51:57.761+01:00  WARN 59125 --- [annonceService] [vice-producer-1] org.apache.kafka.clients.NetworkClient   : [Producer clientId=annonceService-producer-1] Bootstrap broker localhost:9099 (id: -1 rack: null isFenced: false) disconnected
2026-01-12T21:51:58.697+01:00  INFO 59125 --- [annonceService] [vice-producer-1] org.apache.kafka.clients.Metadata        : [Producer clientId=annonceService-producer-1] Rebootstrapping with [localhost/127.0.0.1:9099]
2026-01-12T21:51:58.760+01:00  INFO 59125 --- [annonceService] [vice-producer-1] org.apache.kafka.clients.NetworkClient   : [Producer clientId=annonceService-producer-1] Node -1 disconnected.
2026-01-12T21:51:58.760+01:00  WARN 59125 --- [annonceService] [vice-producer-1] org.apache.kafka.clients.NetworkClient   : [Producer clientId=annonceService-producer-1] Connection to node -1 (localhost/127.0.0.1:9099) could not be established. Node may not be available.
2026-01-12T21:51:58.761+01:00  WARN 59125 --- [annonceService] [vice-producer-1] org.apache.kafka.clients.NetworkClient   : [Producer clientId=annonceService-producer-1] Bootstrap broker localhost:9099 (id: -1 rack: null isFenced: false) disconnected
2026-01-12T21:51:59.638+01:00  INFO 59125 --- [annonceService] [vice-producer-1] org.apache.kafka.clients.Metadata        : [Producer clientId=annonceService-producer-1] Rebootstrapping with [localhost/127.0.0.1:9099]
2026-01-12T21:51:59.691+01:00  INFO 59125 --- [annonceService] [vice-producer-1] org.apache.kafka.clients.NetworkClient   : [Producer clientId=annonceService-producer-1] Node -1 disconnected.
2026-01-12T21:51:59.691+01:00  WARN 59125 --- [annonceService] [vice-producer-1] org.apache.kafka.clients.NetworkClient   : [Producer clientId=annonceService-producer-1] Connection to node -1 (localhost/127.0.0.1:9099) could not be established. Node may not be available.
2026-01-12T21:51:59.691+01:00  WARN 59125 --- [annonceService] [vice-producer-1] org.apache.kafka.clients.NetworkClient   : [Producer clientId=annonceService-producer-1] Bootstrap broker localhost:9099 (id: -1 rack: null isFenced: false) disconnected
2026-01-12T21:51:59.797+01:00  INFO 59125 --- [annonceService] [vice-producer-1] org.apache.kafka.clients.Metadata        : [Producer clientId=annonceService-producer-1] Rebootstrapping with [localhost/127.0.0.1:9099]
2026-01-12T21:51:59.850+01:00  INFO 59125 --- [annonceService] [vice-producer-1] org.apache.kafka.clients.Metadata        : [Producer clientId=annonceService-producer-1] Rebootstrapping with [localhost/127.0.0.1:9099]
2026-01-12T21:51:59.902+01:00  INFO 59125 --- [annonceService] [vice-producer-1] org.apache.kafka.clients.Metadata        : [Producer clientId=annonceService-producer-1] Rebootstrapping with [localhost/127.0.0.1:9099]
2026-01-12T21:51:59.954+01:00  INFO 59125 --- [annonceService] [vice-producer-1] org.apache.kafka.clients.Metadata        : [Producer clientId=annonceService-producer-1] Rebootstrapping with [localhost/127.0.0.1:9099]
2026-01-12T21:52:00.007+01:00  INFO 59125 --- [annonceService] [vice-producer-1] org.apache.kafka.clients.Metadata        : [Producer clientId=annonceService-producer-1] Rebootstrapping with [localhost/127.0.0.1:9099]
2026-01-12T21:52:00.058+01:00  INFO 59125 --- [annonceService] [vice-producer-1] org.apache.kafka.clients.Metadata        : [Producer clientId=annonceService-producer-1] Rebootstrapping with [localhost/127.0.0.1:9099]
2026-01-12T21:52:00.109+01:00  INFO 59125 --- [annonceService] [vice-producer-1] org.apache.kafka.clients.Metadata        : [Producer clientId=annonceService-producer-1] Rebootstrapping with [localhost/127.0.0.1:9099]
2026-01-12T21:52:00.161+01:00  INFO 59125 --- [annonceService] [vice-producer-1] org.apache.kafka.clients.Metadata        : [Producer clientId=annonceService-producer-1] Rebootstrapping with [localhost/127.0.0.1:9099]
2026-01-12T21:52:00.212+01:00  INFO 59125 --- [annonceService] [vice-producer-1] org.apache.kafka.clients.Metadata        : [Producer clientId=annonceService-producer-1] Rebootstrapping with [localhost/127.0.0.1:9099]
2026-01-12T21:52:00.271+01:00  INFO 59125 --- [annonceService] [vice-producer-1] org.apache.kafka.clients.Metadata        : [Producer clientId=annonceService-producer-1] Rebootstrapping with [localhost/127.0.0.1:9099]
2026-01-12T21:52:00.322+01:00  INFO 59125 --- [annonceService] [vice-producer-1] org.apache.kafka.clients.Metadata        : [Producer clientId=annonceService-producer-1] Rebootstrapping with [localhost/127.0.0.1:9099]
2026-01-12T21:52:00.373+01:00  INFO 59125 --- [annonceService] [vice-producer-1] org.apache.kafka.clients.Metadata        : [Producer clientId=annonceService-producer-1] Rebootstrapping with [localhost/127.0.0.1:9099]
2026-01-12T21:52:00.425+01:00  INFO 59125 --- [annonceService] [vice-producer-1] org.apache.kafka.clients.Metadata        : [Producer clientId=annonceService-producer-1] Rebootstrapping with [localhost/127.0.0.1:9099]
2026-01-12T21:52:00.479+01:00  INFO 59125 --- [annonceService] [vice-producer-1] org.apache.kafka.clients.Metadata        : [Producer clientId=annonceService-producer-1] Rebootstrapping with [localhost/127.0.0.1:9099]
2026-01-12T21:52:00.530+01:00  INFO 59125 --- [annonceService] [vice-producer-1] org.apache.kafka.clients.Metadata        : [Producer clientId=annonceService-producer-1] Rebootstrapping with [localhost/127.0.0.1:9099]
2026-01-12T21:52:00.581+01:00  INFO 59125 --- [annonceService] [vice-producer-1] org.apache.kafka.clients.Metadata        : [Producer clientId=annonceService-producer-1] Rebootstrapping with [localhost/127.0.0.1:9099]
2026-01-12T21:52:00.632+01:00  INFO 59125 --- [annonceService] [vice-producer-1] org.apache.kafka.clients.Metadata        : [Producer clientId=annonceService-producer-1] Rebootstrapping with [localhost/127.0.0.1:9099]
2026-01-12T21:52:00.684+01:00  INFO 59125 --- [annonceService] [vice-producer-1] org.apache.kafka.clients.Metadata        : [Producer clientId=annonceService-producer-1] Rebootstrapping with [localhost/127.0.0.1:9099]
2026-01-12T21:52:00.735+01:00  INFO 59125 --- [annonceService] [vice-producer-1] org.apache.kafka.clients.NetworkClient   : [Producer clientId=annonceService-producer-1] Node -1 disconnected.
2026-01-12T21:52:00.735+01:00  WARN 59125 --- [annonceService] [vice-producer-1] org.apache.kafka.clients.NetworkClient   : [Producer clientId=annonceService-producer-1] Connection to node -1 (localhost/127.0.0.1:9099) could not be established. Node may not be available.
2026-01-12T21:52:00.735+01:00  WARN 59125 --- [annonceService] [vice-producer-1] org.apache.kafka.clients.NetworkClient   : [Producer clientId=annonceService-producer-1] Bootstrap broker localhost:9099 (id: -1 rack: null isFenced: false) disconnected
2026-01-12T21:52:01.576+01:00  INFO 59125 --- [annonceService] [vice-producer-1] org.apache.kafka.clients.Metadata        : [Producer clientId=annonceService-producer-1] Rebootstrapping with [localhost/127.0.0.1:9099]
2026-01-12T21:52:01.698+01:00  INFO 59125 --- [annonceService] [vice-producer-1] org.apache.kafka.clients.Metadata        : [Producer clientId=annonceService-producer-1] Rebootstrapping with [localhost/127.0.0.1:9099]
2026-01-12T21:52:01.751+01:00  INFO 59125 --- [annonceService] [vice-producer-1] org.apache.kafka.clients.NetworkClient   : [Producer clientId=annonceService-producer-1] Node -1 disconnected.
2026-01-12T21:52:01.751+01:00  WARN 59125 --- [annonceService] [vice-producer-1] org.apache.kafka.clients.NetworkClient   : [Producer clientId=annonceService-producer-1] Connection to node -1 (localhost/127.0.0.1:9099) could not be established. Node may not be available.
2026-01-12T21:52:01.751+01:00  WARN 59125 --- [annonceService] [vice-producer-1] org.apache.kafka.clients.NetworkClient   : [Producer clientId=annonceService-producer-1] Bootstrap broker localhost:9099 (id: -1 rack: null isFenced: false) disconnected
2026-01-12T21:52:02.674+01:00  INFO 59125 --- [annonceService] [vice-producer-1] org.apache.kafka.clients.Metadata        : [Producer clientId=annonceService-producer-1] Rebootstrapping with [localhost/127.0.0.1:9099]
2026-01-12T21:52:02.726+01:00  INFO 59125 --- [annonceService] [vice-producer-1] org.apache.kafka.clients.Metadata        : [Producer clientId=annonceService-producer-1] Rebootstrapping with [localhost/127.0.0.1:9099]
2026-01-12T21:52:02.779+01:00  INFO 59125 --- [annonceService] [vice-producer-1] org.apache.kafka.clients.NetworkClient   : [Producer clientId=annonceService-producer-1] Node -1 disconnected.
2026-01-12T21:52:02.780+01:00  WARN 59125 --- [annonceService] [vice-producer-1] org.apache.kafka.clients.NetworkClient   : [Producer clientId=annonceService-producer-1] Connection to node -1 (localhost/127.0.0.1:9099) could not be established. Node may not be available.
2026-01-12T21:52:02.780+01:00  WARN 59125 --- [annonceService] [vice-producer-1] org.apache.kafka.clients.NetworkClient   : [Producer clientId=annonceService-producer-1] Bootstrap broker localhost:9099 (id: -1 rack: null isFenced: false) disconnected
2026-01-12T21:52:03.712+01:00  INFO 59125 --- [annonceService] [vice-producer-1] org.apache.kafka.clients.Metadata        : [Producer clientId=annonceService-producer-1] Rebootstrapping with [localhost/127.0.0.1:9099]
2026-01-12T21:52:03.781+01:00  INFO 59125 --- [annonceService] [vice-producer-1] org.apache.kafka.clients.NetworkClient   : [Producer clientId=annonceService-producer-1] Node -1 disconnected.
2026-01-12T21:52:03.781+01:00  WARN 59125 --- [annonceService] [vice-producer-1] org.apache.kafka.clients.NetworkClient   : [Producer clientId=annonceService-producer-1] Connection to node -1 (localhost/127.0.0.1:9099) could not be established. Node may not be available.
2026-01-12T21:52:03.781+01:00  WARN 59125 --- [annonceService] [vice-producer-1] org.apache.kafka.clients.NetworkClient   : [Producer clientId=annonceService-producer-1] Bootstrap broker localhost:9099 (id: -1 rack: null isFenced: false) disconnected
2026-01-12T21:52:04.752+01:00  INFO 59125 --- [annonceService] [vice-producer-1] org.apache.kafka.clients.NetworkClient   : [Producer clientId=annonceService-producer-1] Node -1 disconnected.
2026-01-12T21:52:04.752+01:00  WARN 59125 --- [annonceService] [vice-producer-1] org.apache.kafka.clients.NetworkClient   : [Producer clientId=annonceService-producer-1] Connection to node -1 (localhost/127.0.0.1:9099) could not be established. Node may not be available.
2026-01-12T21:52:04.752+01:00  WARN 59125 --- [annonceService] [vice-producer-1] org.apache.kafka.clients.NetworkClient   : [Producer clientId=annonceService-producer-1] Bootstrap broker localhost:9099 (id: -1 rack: null isFenced: false) disconnected
2026-01-12T21:52:05.755+01:00  INFO 59125 --- [annonceService] [vice-producer-1] org.apache.kafka.clients.NetworkClient   : [Producer clientId=annonceService-producer-1] Node -1 disconnected.
2026-01-12T21:52:05.755+01:00  WARN 59125 --- [annonceService] [vice-producer-1] org.apache.kafka.clients.NetworkClient   : [Producer clientId=annonceService-producer-1] Connection to node -1 (localhost/127.0.0.1:9099) could not be established. Node may not be available.
2026-01-12T21:52:05.755+01:00  WARN 59125 --- [annonceService] [vice-producer-1] org.apache.kafka.clients.NetworkClient   : [Producer clientId=annonceService-producer-1] Bootstrap broker localhost:9099 (id: -1 rack: null isFenced: false) disconnected
2026-01-12T21:52:06.629+01:00  INFO 59125 --- [annonceService] [vice-producer-1] org.apache.kafka.clients.Metadata        : [Producer clientId=annonceService-producer-1] Rebootstrapping with [localhost/127.0.0.1:9099]
2026-01-12T21:52:06.756+01:00  INFO 59125 --- [annonceService] [vice-producer-1] org.apache.kafka.clients.NetworkClient   : [Producer clientId=annonceService-producer-1] Node -1 disconnected.
2026-01-12T21:52:06.757+01:00  WARN 59125 --- [annonceService] [vice-producer-1] org.apache.kafka.clients.NetworkClient   : [Producer clientId=annonceService-producer-1] Connection to node -1 (localhost/127.0.0.1:9099) could not be established. Node may not be available.
2026-01-12T21:52:06.757+01:00  WARN 59125 --- [annonceService] [vice-producer-1] org.apache.kafka.clients.NetworkClient   : [Producer clientId=annonceService-producer-1] Bootstrap broker localhost:9099 (id: -1 rack: null isFenced: false) disconnected
2026-01-12T21:52:07.641+01:00  INFO 59125 --- [annonceService] [vice-producer-1] org.apache.kafka.clients.NetworkClient   : [Producer clientId=annonceService-producer-1] Node -1 disconnected.
2026-01-12T21:52:07.642+01:00  WARN 59125 --- [annonceService] [vice-producer-1] org.apache.kafka.clients.NetworkClient   : [Producer clientId=annonceService-producer-1] Connection to node -1 (localhost/127.0.0.1:9099) could not be established. Node may not be available.
2026-01-12T21:52:07.642+01:00  WARN 59125 --- [annonceService] [vice-producer-1] org.apache.kafka.clients.NetworkClient   : [Producer clientId=annonceService-producer-1] Bootstrap broker localhost:9099 (id: -1 rack: null isFenced: false) disconnected
2026-01-12T21:52:07.745+01:00  INFO 59125 --- [annonceService] [vice-producer-1] org.apache.kafka.clients.Metadata        : [Producer clientId=annonceService-producer-1] Rebootstrapping with [localhost/127.0.0.1:9099]
2026-01-12T21:52:07.797+01:00  INFO 59125 --- [annonceService] [vice-producer-1] org.apache.kafka.clients.Metadata        : [Producer clientId=annonceService-producer-1] Rebootstrapping with [localhost/127.0.0.1:9099]
2026-01-12T21:52:07.852+01:00  INFO 59125 --- [annonceService] [vice-producer-1] org.apache.kafka.clients.Metadata        : [Producer clientId=annonceService-producer-1] Rebootstrapping with [localhost/127.0.0.1:9099]
2026-01-12T21:52:07.904+01:00  INFO 59125 --- [annonceService] [vice-producer-1] org.apache.kafka.clients.Metadata        : [Producer clientId=annonceService-producer-1] Rebootstrapping with [localhost/127.0.0.1:9099]
2026-01-12T21:52:07.956+01:00  INFO 59125 --- [annonceService] [vice-producer-1] org.apache.kafka.clients.Metadata        : [Producer clientId=annonceService-producer-1] Rebootstrapping with [localhost/127.0.0.1:9099]
2026-01-12T21:52:08.008+01:00  INFO 59125 --- [annonceService] [vice-producer-1] org.apache.kafka.clients.Metadata        : [Producer clientId=annonceService-producer-1] Rebootstrapping with [localhost/127.0.0.1:9099]
2026-01-12T21:52:08.060+01:00  INFO 59125 --- [annonceService] [vice-producer-1] org.apache.kafka.clients.Metadata        : [Producer clientId=annonceService-producer-1] Rebootstrapping with [localhost/127.0.0.1:9099]
2026-01-12T21:52:08.112+01:00  INFO 59125 --- [annonceService] [vice-producer-1] org.apache.kafka.clients.Metadata        : [Producer clientId=annonceService-producer-1] Rebootstrapping with [localhost/127.0.0.1:9099]
2026-01-12T21:52:08.164+01:00  INFO 59125 --- [annonceService] [vice-producer-1] org.apache.kafka.clients.Metadata        : [Producer clientId=annonceService-producer-1] Rebootstrapping with [localhost/127.0.0.1:9099]
2026-01-12T21:52:08.216+01:00  INFO 59125 --- [annonceService] [vice-producer-1] org.apache.kafka.clients.Metadata        : [Producer clientId=annonceService-producer-1] Rebootstrapping with [localhost/127.0.0.1:9099]
2026-01-12T21:52:08.269+01:00  INFO 59125 --- [annonceService] [vice-producer-1] org.apache.kafka.clients.Metadata        : [Producer clientId=annonceService-producer-1] Rebootstrapping with [localhost/127.0.0.1:9099]
2026-01-12T21:52:08.321+01:00  INFO 59125 --- [annonceService] [vice-producer-1] org.apache.kafka.clients.Metadata        : [Producer clientId=annonceService-producer-1] Rebootstrapping with [localhost/127.0.0.1:9099]
2026-01-12T21:52:08.373+01:00  INFO 59125 --- [annonceService] [vice-producer-1] org.apache.kafka.clients.Metadata        : [Producer clientId=annonceService-producer-1] Rebootstrapping with [localhost/127.0.0.1:9099]
2026-01-12T21:52:08.424+01:00  INFO 59125 --- [annonceService] [vice-producer-1] org.apache.kafka.clients.Metadata        : [Producer clientId=annonceService-producer-1] Rebootstrapping with [localhost/127.0.0.1:9099]
2026-01-12T21:52:08.481+01:00  INFO 59125 --- [annonceService] [vice-producer-1] org.apache.kafka.clients.NetworkClient   : [Producer clientId=annonceService-producer-1] Node -1 disconnected.
2026-01-12T21:52:08.481+01:00  WARN 59125 --- [annonceService] [vice-producer-1] org.apache.kafka.clients.NetworkClient   : [Producer clientId=annonceService-producer-1] Connection to node -1 (localhost/127.0.0.1:9099) could not be established. Node may not be available.
2026-01-12T21:52:08.481+01:00  WARN 59125 --- [annonceService] [vice-producer-1] org.apache.kafka.clients.NetworkClient   : [Producer clientId=annonceService-producer-1] Bootstrap broker localhost:9099 (id: -1 rack: null isFenced: false) disconnected
2026-01-12T21:52:09.408+01:00  INFO 59125 --- [annonceService] [vice-producer-1] org.apache.kafka.clients.Metadata        : [Producer clientId=annonceService-producer-1] Rebootstrapping with [localhost/127.0.0.1:9099]
2026-01-12T21:52:09.463+01:00  INFO 59125 --- [annonceService] [vice-producer-1] org.apache.kafka.clients.Metadata        : [Producer clientId=annonceService-producer-1] Rebootstrapping with [localhost/127.0.0.1:9099]
2026-01-12T21:52:09.517+01:00  INFO 59125 --- [annonceService] [vice-producer-1] org.apache.kafka.clients.NetworkClient   : [Producer clientId=annonceService-producer-1] Node -1 disconnected.
2026-01-12T21:52:09.519+01:00  WARN 59125 --- [annonceService] [vice-producer-1] org.apache.kafka.clients.NetworkClient   : [Producer clientId=annonceService-producer-1] Connection to node -1 (localhost/127.0.0.1:9099) could not be established. Node may not be available.
2026-01-12T21:52:09.520+01:00  WARN 59125 --- [annonceService] [vice-producer-1] org.apache.kafka.clients.NetworkClient   : [Producer clientId=annonceService-producer-1] Bootstrap broker localhost:9099 (id: -1 rack: null isFenced: false) disconnected
2026-01-12T21:52:10.348+01:00  INFO 59125 --- [annonceService] [vice-producer-1] org.apache.kafka.clients.NetworkClient   : [Producer clientId=annonceService-producer-1] Node -1 disconnected.
2026-01-12T21:52:10.349+01:00  WARN 59125 --- [annonceService] [vice-producer-1] org.apache.kafka.clients.NetworkClient   : [Producer clientId=annonceService-producer-1] Connection to node -1 (localhost/127.0.0.1:9099) could not be established. Node may not be available.
2026-01-12T21:52:10.349+01:00  WARN 59125 --- [annonceService] [vice-producer-1] org.apache.kafka.clients.NetworkClient   : [Producer clientId=annonceService-producer-1] Bootstrap broker localhost:9099 (id: -1 rack: null isFenced: false) disconnected
2026-01-12T21:52:10.520+01:00  INFO 59125 --- [annonceService] [vice-producer-1] org.apache.kafka.clients.Metadata        : [Producer clientId=annonceService-producer-1] Rebootstrapping with [localhost/127.0.0.1:9099]
2026-01-12T21:52:10.575+01:00  INFO 59125 --- [annonceService] [vice-producer-1] org.apache.kafka.clients.Metadata        : [Producer clientId=annonceService-producer-1] Rebootstrapping with [localhost/127.0.0.1:9099]
2026-01-12T21:52:10.627+01:00  INFO 59125 --- [annonceService] [vice-producer-1] org.apache.kafka.clients.Metadata        : [Producer clientId=annonceService-producer-1] Rebootstrapping with [localhost/127.0.0.1:9099]
2026-01-12T21:52:10.680+01:00  INFO 59125 --- [annonceService] [vice-producer-1] org.apache.kafka.clients.Metadata        : [Producer clientId=annonceService-producer-1] Rebootstrapping with [localhost/127.0.0.1:9099]
2026-01-12T21:52:10.733+01:00  INFO 59125 --- [annonceService] [vice-producer-1] org.apache.kafka.clients.Metadata        : [Producer clientId=annonceService-producer-1] Rebootstrapping with [localhost/127.0.0.1:9099]
2026-01-12T21:52:10.785+01:00  INFO 59125 --- [annonceService] [vice-producer-1] org.apache.kafka.clients.Metadata        : [Producer clientId=annonceService-producer-1] Rebootstrapping with [localhost/127.0.0.1:9099]
2026-01-12T21:52:10.836+01:00  INFO 59125 --- [annonceService] [vice-producer-1] org.apache.kafka.clients.Metadata        : [Producer clientId=annonceService-producer-1] Rebootstrapping with [localhost/127.0.0.1:9099]
2026-01-12T21:52:10.892+01:00  INFO 59125 --- [annonceService] [vice-producer-1] org.apache.kafka.clients.Metadata        : [Producer clientId=annonceService-producer-1] Rebootstrapping with [localhost/127.0.0.1:9099]
2026-01-12T21:52:10.944+01:00  INFO 59125 --- [annonceService] [vice-producer-1] org.apache.kafka.clients.Metadata        : [Producer clientId=annonceService-producer-1] Rebootstrapping with [localhost/127.0.0.1:9099]
2026-01-12T21:52:10.997+01:00  INFO 59125 --- [annonceService] [vice-producer-1] org.apache.kafka.clients.Metadata        : [Producer clientId=annonceService-producer-1] Rebootstrapping with [localhost/127.0.0.1:9099]
2026-01-12T21:52:11.052+01:00  INFO 59125 --- [annonceService] [vice-producer-1] org.apache.kafka.clients.Metadata        : [Producer clientId=annonceService-producer-1] Rebootstrapping with [localhost/127.0.0.1:9099]
2026-01-12T21:52:11.104+01:00  INFO 59125 --- [annonceService] [vice-producer-1] org.apache.kafka.clients.Metadata        : [Producer clientId=annonceService-producer-1] Rebootstrapping with [localhost/127.0.0.1:9099]
2026-01-12T21:52:11.155+01:00  INFO 59125 --- [annonceService] [vice-producer-1] org.apache.kafka.clients.Metadata        : [Producer clientId=annonceService-producer-1] Rebootstrapping with [localhost/127.0.0.1:9099]
2026-01-12T21:52:11.207+01:00  INFO 59125 --- [annonceService] [vice-producer-1] org.apache.kafka.clients.Metadata        : [Producer clientId=annonceService-producer-1] Rebootstrapping with [localhost/127.0.0.1:9099]
2026-01-12T21:52:11.258+01:00  INFO 59125 --- [annonceService] [vice-producer-1] org.apache.kafka.clients.Metadata        : [Producer clientId=annonceService-producer-1] Rebootstrapping with [localhost/127.0.0.1:9099]
2026-01-12T21:52:11.309+01:00  INFO 59125 --- [annonceService] [vice-producer-1] org.apache.kafka.clients.Metadata        : [Producer clientId=annonceService-producer-1] Rebootstrapping with [localhost/127.0.0.1:9099]
2026-01-12T21:52:11.361+01:00  INFO 59125 --- [annonceService] [vice-producer-1] org.apache.kafka.clients.NetworkClient   : [Producer clientId=annonceService-producer-1] Node -1 disconnected.
2026-01-12T21:52:11.361+01:00  WARN 59125 --- [annonceService] [vice-producer-1] org.apache.kafka.clients.NetworkClient   : [Producer clientId=annonceService-producer-1] Connection to node -1 (localhost/127.0.0.1:9099) could not be established. Node may not be available.
2026-01-12T21:52:11.361+01:00  WARN 59125 --- [annonceService] [vice-producer-1] org.apache.kafka.clients.NetworkClient   : [Producer clientId=annonceService-producer-1] Bootstrap broker localhost:9099 (id: -1 rack: null isFenced: false) disconnected
2026-01-12T21:52:12.239+01:00  INFO 59125 --- [annonceService] [vice-producer-1] org.apache.kafka.clients.Metadata        : [Producer clientId=annonceService-producer-1] Rebootstrapping with [localhost/127.0.0.1:9099]
2026-01-12T21:52:12.364+01:00  INFO 59125 --- [annonceService] [vice-producer-1] org.apache.kafka.clients.NetworkClient   : [Producer clientId=annonceService-producer-1] Node -1 disconnected.
2026-01-12T21:52:12.364+01:00  WARN 59125 --- [annonceService] [vice-producer-1] org.apache.kafka.clients.NetworkClient   : [Producer clientId=annonceService-producer-1] Connection to node -1 (localhost/127.0.0.1:9099) could not be established. Node may not be available.
2026-01-12T21:52:12.364+01:00  WARN 59125 --- [annonceService] [vice-producer-1] org.apache.kafka.clients.NetworkClient   : [Producer clientId=annonceService-producer-1] Bootstrap broker localhost:9099 (id: -1 rack: null isFenced: false) disconnected
2026-01-12T21:52:13.227+01:00  INFO 59125 --- [annonceService] [vice-producer-1] org.apache.kafka.clients.Metadata        : [Producer clientId=annonceService-producer-1] Rebootstrapping with [localhost/127.0.0.1:9099]
2026-01-12T21:52:13.370+01:00  INFO 59125 --- [annonceService] [vice-producer-1] org.apache.kafka.clients.NetworkClient   : [Producer clientId=annonceService-producer-1] Node -1 disconnected.
2026-01-12T21:52:13.370+01:00  WARN 59125 --- [annonceService] [vice-producer-1] org.apache.kafka.clients.NetworkClient   : [Producer clientId=annonceService-producer-1] Connection to node -1 (localhost/127.0.0.1:9099) could not be established. Node may not be available.
2026-01-12T21:52:13.371+01:00  WARN 59125 --- [annonceService] [vice-producer-1] org.apache.kafka.clients.NetworkClient   : [Producer clientId=annonceService-producer-1] Bootstrap broker localhost:9099 (id: -1 rack: null isFenced: false) disconnected
2026-01-12T21:52:14.214+01:00  INFO 59125 --- [annonceService] [vice-producer-1] org.apache.kafka.clients.NetworkClient   : [Producer clientId=annonceService-producer-1] Node -1 disconnected.
2026-01-12T21:52:14.214+01:00  WARN 59125 --- [annonceService] [vice-producer-1] org.apache.kafka.clients.NetworkClient   : [Producer clientId=annonceService-producer-1] Connection to node -1 (localhost/127.0.0.1:9099) could not be established. Node may not be available.
2026-01-12T21:52:14.214+01:00  WARN 59125 --- [annonceService] [vice-producer-1] org.apache.kafka.clients.NetworkClient   : [Producer clientId=annonceService-producer-1] Bootstrap broker localhost:9099 (id: -1 rack: null isFenced: false) disconnected
2026-01-12T21:52:14.319+01:00  INFO 59125 --- [annonceService] [vice-producer-1] org.apache.kafka.clients.Metadata        : [Producer clientId=annonceService-producer-1] Rebootstrapping with [localhost/127.0.0.1:9099]
2026-01-12T21:52:14.371+01:00  INFO 59125 --- [annonceService] [vice-producer-1] org.apache.kafka.clients.Metadata        : [Producer clientId=annonceService-producer-1] Rebootstrapping with [localhost/127.0.0.1:9099]
2026-01-12T21:52:14.423+01:00  INFO 59125 --- [annonceService] [vice-producer-1] org.apache.kafka.clients.Metadata        : [Producer clientId=annonceService-producer-1] Rebootstrapping with [localhost/127.0.0.1:9099]
2026-01-12T21:52:14.478+01:00  INFO 59125 --- [annonceService] [vice-producer-1] org.apache.kafka.clients.Metadata        : [Producer clientId=annonceService-producer-1] Rebootstrapping with [localhost/127.0.0.1:9099]
2026-01-12T21:52:14.530+01:00  INFO 59125 --- [annonceService] [vice-producer-1] org.apache.kafka.clients.Metadata        : [Producer clientId=annonceService-producer-1] Rebootstrapping with [localhost/127.0.0.1:9099]
2026-01-12T21:52:14.582+01:00  INFO 59125 --- [annonceService] [vice-producer-1] org.apache.kafka.clients.Metadata        : [Producer clientId=annonceService-producer-1] Rebootstrapping with [localhost/127.0.0.1:9099]
2026-01-12T21:52:14.634+01:00  INFO 59125 --- [annonceService] [vice-producer-1] org.apache.kafka.clients.Metadata        : [Producer clientId=annonceService-producer-1] Rebootstrapping with [localhost/127.0.0.1:9099]
2026-01-12T21:52:14.689+01:00  INFO 59125 --- [annonceService] [vice-producer-1] org.apache.kafka.clients.Metadata        : [Producer clientId=annonceService-producer-1] Rebootstrapping with [localhost/127.0.0.1:9099]
2026-01-12T21:52:14.741+01:00  INFO 59125 --- [annonceService] [vice-producer-1] org.apache.kafka.clients.Metadata        : [Producer clientId=annonceService-producer-1] Rebootstrapping with [localhost/127.0.0.1:9099]
2026-01-12T21:52:14.795+01:00  INFO 59125 --- [annonceService] [vice-producer-1] org.apache.kafka.clients.Metadata        : [Producer clientId=annonceService-producer-1] Rebootstrapping with [localhost/127.0.0.1:9099]
2026-01-12T21:52:14.847+01:00  INFO 59125 --- [annonceService] [vice-producer-1] org.apache.kafka.clients.Metadata        : [Producer clientId=annonceService-producer-1] Rebootstrapping with [localhost/127.0.0.1:9099]
2026-01-12T21:52:14.899+01:00  INFO 59125 --- [annonceService] [vice-producer-1] org.apache.kafka.clients.Metadata        : [Producer clientId=annonceService-producer-1] Rebootstrapping with [localhost/127.0.0.1:9099]
2026-01-12T21:52:14.950+01:00  INFO 59125 --- [annonceService] [vice-producer-1] org.apache.kafka.clients.Metadata        : [Producer clientId=annonceService-producer-1] Rebootstrapping with [localhost/127.0.0.1:9099]
2026-01-12T21:52:15.002+01:00  INFO 59125 --- [annonceService] [vice-producer-1] org.apache.kafka.clients.Metadata        : [Producer clientId=annonceService-producer-1] Rebootstrapping with [localhost/127.0.0.1:9099]
2026-01-12T21:52:15.054+01:00  INFO 59125 --- [annonceService] [vice-producer-1] org.apache.kafka.clients.Metadata        : [Producer clientId=annonceService-producer-1] Rebootstrapping with [localhost/127.0.0.1:9099]
2026-01-12T21:52:15.106+01:00  INFO 59125 --- [annonceService] [vice-producer-1] org.apache.kafka.clients.Metadata        : [Producer clientId=annonceService-producer-1] Rebootstrapping with [localhost/127.0.0.1:9099]
2026-01-12T21:52:15.158+01:00  INFO 59125 --- [annonceService] [vice-producer-1] org.apache.kafka.clients.Metadata        : [Producer clientId=annonceService-producer-1] Rebootstrapping with [localhost/127.0.0.1:9099]
2026-01-12T21:52:15.210+01:00  INFO 59125 --- [annonceService] [vice-producer-1] org.apache.kafka.clients.Metadata        : [Producer clientId=annonceService-producer-1] Rebootstrapping with [localhost/127.0.0.1:9099]
2026-01-12T21:52:15.263+01:00  INFO 59125 --- [annonceService] [vice-producer-1] org.apache.kafka.clients.NetworkClient   : [Producer clientId=annonceService-producer-1] Node -1 disconnected.
2026-01-12T21:52:15.264+01:00  WARN 59125 --- [annonceService] [vice-producer-1] org.apache.kafka.clients.NetworkClient   : [Producer clientId=annonceService-producer-1] Connection to node -1 (localhost/127.0.0.1:9099) could not be established. Node may not be available.
2026-01-12T21:52:15.264+01:00  WARN 59125 --- [annonceService] [vice-producer-1] org.apache.kafka.clients.NetworkClient   : [Producer clientId=annonceService-producer-1] Bootstrap broker localhost:9099 (id: -1 rack: null isFenced: false) disconnected
2026-01-12T21:52:16.192+01:00  INFO 59125 --- [annonceService] [vice-producer-1] org.apache.kafka.clients.NetworkClient   : [Producer clientId=annonceService-producer-1] Node -1 disconnected.
2026-01-12T21:52:16.192+01:00  WARN 59125 --- [annonceService] [vice-producer-1] org.apache.kafka.clients.NetworkClient   : [Producer clientId=annonceService-producer-1] Connection to node -1 (localhost/127.0.0.1:9099) could not be established. Node may not be available.
2026-01-12T21:52:16.193+01:00  WARN 59125 --- [annonceService] [vice-producer-1] org.apache.kafka.clients.NetworkClient   : [Producer clientId=annonceService-producer-1] Bootstrap broker localhost:9099 (id: -1 rack: null isFenced: false) disconnected
2026-01-12T21:52:17.195+01:00  INFO 59125 --- [annonceService] [vice-producer-1] org.apache.kafka.clients.NetworkClient   : [Producer clientId=annonceService-producer-1] Node -1 disconnected.
2026-01-12T21:52:17.195+01:00  WARN 59125 --- [annonceService] [vice-producer-1] org.apache.kafka.clients.NetworkClient   : [Producer clientId=annonceService-producer-1] Connection to node -1 (localhost/127.0.0.1:9099) could not be established. Node may not be available.
2026-01-12T21:52:17.196+01:00  WARN 59125 --- [annonceService] [vice-producer-1] org.apache.kafka.clients.NetworkClient   : [Producer clientId=annonceService-producer-1] Bootstrap broker localhost:9099 (id: -1 rack: null isFenced: false) disconnected
2026-01-12T21:52:18.132+01:00  INFO 59125 --- [annonceService] [vice-producer-1] org.apache.kafka.clients.NetworkClient   : [Producer clientId=annonceService-producer-1] Node -1 disconnected.
2026-01-12T21:52:18.133+01:00  WARN 59125 --- [annonceService] [vice-producer-1] org.apache.kafka.clients.NetworkClient   : [Producer clientId=annonceService-producer-1] Connection to node -1 (localhost/127.0.0.1:9099) could not be established. Node may not be available.
2026-01-12T21:52:18.133+01:00  WARN 59125 --- [annonceService] [vice-producer-1] org.apache.kafka.clients.NetworkClient   : [Producer clientId=annonceService-producer-1] Bootstrap broker localhost:9099 (id: -1 rack: null isFenced: false) disconnected
2026-01-12T21:52:18.237+01:00  INFO 59125 --- [annonceService] [vice-producer-1] org.apache.kafka.clients.Metadata        : [Producer clientId=annonceService-producer-1] Rebootstrapping with [localhost/127.0.0.1:9099]
2026-01-12T21:52:18.289+01:00  INFO 59125 --- [annonceService] [vice-producer-1] org.apache.kafka.clients.Metadata        : [Producer clientId=annonceService-producer-1] Rebootstrapping with [localhost/127.0.0.1:9099]
2026-01-12T21:52:18.341+01:00  INFO 59125 --- [annonceService] [vice-producer-1] org.apache.kafka.clients.Metadata        : [Producer clientId=annonceService-producer-1] Rebootstrapping with [localhost/127.0.0.1:9099]
2026-01-12T21:52:18.395+01:00  INFO 59125 --- [annonceService] [vice-producer-1] org.apache.kafka.clients.Metadata        : [Producer clientId=annonceService-producer-1] Rebootstrapping with [localhost/127.0.0.1:9099]
2026-01-12T21:52:18.447+01:00  INFO 59125 --- [annonceService] [vice-producer-1] org.apache.kafka.clients.Metadata        : [Producer clientId=annonceService-producer-1] Rebootstrapping with [localhost/127.0.0.1:9099]
2026-01-12T21:52:18.499+01:00  INFO 59125 --- [annonceService] [vice-producer-1] org.apache.kafka.clients.Metadata        : [Producer clientId=annonceService-producer-1] Rebootstrapping with [localhost/127.0.0.1:9099]
2026-01-12T21:52:18.551+01:00  INFO 59125 --- [annonceService] [vice-producer-1] org.apache.kafka.clients.Metadata        : [Producer clientId=annonceService-producer-1] Rebootstrapping with [localhost/127.0.0.1:9099]
2026-01-12T21:52:18.603+01:00  INFO 59125 --- [annonceService] [vice-producer-1] org.apache.kafka.clients.Metadata        : [Producer clientId=annonceService-producer-1] Rebootstrapping with [localhost/127.0.0.1:9099]
2026-01-12T21:52:18.656+01:00  INFO 59125 --- [annonceService] [vice-producer-1] org.apache.kafka.clients.Metadata        : [Producer clientId=annonceService-producer-1] Rebootstrapping with [localhost/127.0.0.1:9099]
2026-01-12T21:52:18.708+01:00  INFO 59125 --- [annonceService] [vice-producer-1] org.apache.kafka.clients.Metadata        : [Producer clientId=annonceService-producer-1] Rebootstrapping with [localhost/127.0.0.1:9099]
2026-01-12T21:52:18.761+01:00  INFO 59125 --- [annonceService] [vice-producer-1] org.apache.kafka.clients.Metadata        : [Producer clientId=annonceService-producer-1] Rebootstrapping with [localhost/127.0.0.1:9099]
2026-01-12T21:52:18.814+01:00  INFO 59125 --- [annonceService] [vice-producer-1] org.apache.kafka.clients.Metadata        : [Producer clientId=annonceService-producer-1] Rebootstrapping with [localhost/127.0.0.1:9099]
2026-01-12T21:52:18.866+01:00  INFO 59125 --- [annonceService] [vice-producer-1] org.apache.kafka.clients.Metadata        : [Producer clientId=annonceService-producer-1] Rebootstrapping with [localhost/127.0.0.1:9099]
2026-01-12T21:52:18.919+01:00  INFO 59125 --- [annonceService] [vice-producer-1] org.apache.kafka.clients.Metadata        : [Producer clientId=annonceService-producer-1] Rebootstrapping with [localhost/127.0.0.1:9099]
2026-01-12T21:52:18.971+01:00  INFO 59125 --- [annonceService] [vice-producer-1] org.apache.kafka.clients.Metadata        : [Producer clientId=annonceService-producer-1] Rebootstrapping with [localhost/127.0.0.1:9099]
2026-01-12T21:52:19.023+01:00  INFO 59125 --- [annonceService] [vice-producer-1] org.apache.kafka.clients.Metadata        : [Producer clientId=annonceService-producer-1] Rebootstrapping with [localhost/127.0.0.1:9099]
2026-01-12T21:52:19.075+01:00  INFO 59125 --- [annonceService] [vice-producer-1] org.apache.kafka.clients.Metadata        : [Producer clientId=annonceService-producer-1] Rebootstrapping with [localhost/127.0.0.1:9099]
2026-01-12T21:52:19.128+01:00  INFO 59125 --- [annonceService] [vice-producer-1] org.apache.kafka.clients.Metadata        : [Producer clientId=annonceService-producer-1] Rebootstrapping with [localhost/127.0.0.1:9099]
2026-01-12T21:52:19.181+01:00  INFO 59125 --- [annonceService] [vice-producer-1] org.apache.kafka.clients.NetworkClient   : [Producer clientId=annonceService-producer-1] Node -1 disconnected.
2026-01-12T21:52:19.181+01:00  WARN 59125 --- [annonceService] [vice-producer-1] org.apache.kafka.clients.NetworkClient   : [Producer clientId=annonceService-producer-1] Connection to node -1 (localhost/127.0.0.1:9099) could not be established. Node may not be available.
2026-01-12T21:52:19.181+01:00  WARN 59125 --- [annonceService] [vice-producer-1] org.apache.kafka.clients.NetworkClient   : [Producer clientId=annonceService-producer-1] Bootstrap broker localhost:9099 (id: -1 rack: null isFenced: false) disconnected
2026-01-12T21:52:20.107+01:00  INFO 59125 --- [annonceService] [vice-producer-1] org.apache.kafka.clients.Metadata        : [Producer clientId=annonceService-producer-1] Rebootstrapping with [localhost/127.0.0.1:9099]
2026-01-12T21:52:20.159+01:00  INFO 59125 --- [annonceService] [vice-producer-1] org.apache.kafka.clients.Metadata        : [Producer clientId=annonceService-producer-1] Rebootstrapping with [localhost/127.0.0.1:9099]
2026-01-12T21:52:20.211+01:00  INFO 59125 --- [annonceService] [vice-producer-1] org.apache.kafka.clients.NetworkClient   : [Producer clientId=annonceService-producer-1] Node -1 disconnected.
2026-01-12T21:52:20.211+01:00  WARN 59125 --- [annonceService] [vice-producer-1] org.apache.kafka.clients.NetworkClient   : [Producer clientId=annonceService-producer-1] Connection to node -1 (localhost/127.0.0.1:9099) could not be established. Node may not be available.
2026-01-12T21:52:20.211+01:00  WARN 59125 --- [annonceService] [vice-producer-1] org.apache.kafka.clients.NetworkClient   : [Producer clientId=annonceService-producer-1] Bootstrap broker localhost:9099 (id: -1 rack: null isFenced: false) disconnected
2026-01-12T21:52:21.214+01:00  INFO 59125 --- [annonceService] [vice-producer-1] org.apache.kafka.clients.NetworkClient   : [Producer clientId=annonceService-producer-1] Node -1 disconnected.
2026-01-12T21:52:21.214+01:00  WARN 59125 --- [annonceService] [vice-producer-1] org.apache.kafka.clients.NetworkClient   : [Producer clientId=annonceService-producer-1] Connection to node -1 (localhost/127.0.0.1:9099) could not be established. Node may not be available.
2026-01-12T21:52:21.214+01:00  WARN 59125 --- [annonceService] [vice-producer-1] org.apache.kafka.clients.NetworkClient   : [Producer clientId=annonceService-producer-1] Bootstrap broker localhost:9099 (id: -1 rack: null isFenced: false) disconnected
2026-01-12T21:52:22.190+01:00  INFO 59125 --- [annonceService] [vice-producer-1] org.apache.kafka.clients.Metadata        : [Producer clientId=annonceService-producer-1] Rebootstrapping with [localhost/127.0.0.1:9099]
2026-01-12T21:52:22.242+01:00  INFO 59125 --- [annonceService] [vice-producer-1] org.apache.kafka.clients.NetworkClient   : [Producer clientId=annonceService-producer-1] Node -1 disconnected.
2026-01-12T21:52:22.242+01:00  WARN 59125 --- [annonceService] [vice-producer-1] org.apache.kafka.clients.NetworkClient   : [Producer clientId=annonceService-producer-1] Connection to node -1 (localhost/127.0.0.1:9099) could not be established. Node may not be available.
2026-01-12T21:52:22.242+01:00  WARN 59125 --- [annonceService] [vice-producer-1] org.apache.kafka.clients.NetworkClient   : [Producer clientId=annonceService-producer-1] Bootstrap broker localhost:9099 (id: -1 rack: null isFenced: false) disconnected
2026-01-12T21:52:23.077+01:00  INFO 59125 --- [annonceService] [nio-9094-exec-7] o.e.a.Controller.AnnonceController       : Requête GET /api/annonces - liste des annonces par hospital 1
2026-01-12T21:52:23.077+01:00  INFO 59125 --- [annonceService] [nio-9094-exec-7] o.e.a.Service.AnnonceService             : Récupération de toutes les annonces pour l'hospital 1
Hibernate: select a1_0.id,a1_0.blood_type,a1_0.deadline,a1_0.description,a1_0.hospital_id,a1_0.location_id,a1_0.quantity,a1_0.request_date,a1_0.status,a1_0.urgent_level,a1_0.user_id from post_annonce a1_0 where a1_0.hospital_id=?
2026-01-12T21:52:23.092+01:00  INFO 59125 --- [annonceService] [nio-9094-exec-7] o.e.a.Service.AnnonceService             : Récupération réussie de 1 annonces
2026-01-12T21:52:23.250+01:00  INFO 59125 --- [annonceService] [vice-producer-1] org.apache.kafka.clients.NetworkClient   : [Producer clientId=annonceService-producer-1] Node -1 disconnected.
2026-01-12T21:52:23.250+01:00  WARN 59125 --- [annonceService] [vice-producer-1] org.apache.kafka.clients.NetworkClient   : [Producer clientId=annonceService-producer-1] Connection to node -1 (localhost/127.0.0.1:9099) could not be established. Node may not be available.
2026-01-12T21:52:23.250+01:00  WARN 59125 --- [annonceService] [vice-producer-1] org.apache.kafka.clients.NetworkClient   : [Producer clientId=annonceService-producer-1] Bootstrap broker localhost:9099 (id: -1 rack: null isFenced: false) disconnected
2026-01-12T21:52:24.122+01:00  INFO 59125 --- [annonceService] [vice-producer-1] org.apache.kafka.clients.NetworkClient   : [Producer clientId=annonceService-producer-1] Node -1 disconnected.
2026-01-12T21:52:24.123+01:00  WARN 59125 --- [annonceService] [vice-producer-1] org.apache.kafka.clients.NetworkClient   : [Producer clientId=annonceService-producer-1] Connection to node -1 (localhost/127.0.0.1:9099) could not be established. Node may not be available.
2026-01-12T21:52:24.123+01:00  WARN 59125 --- [annonceService] [vice-producer-1] org.apache.kafka.clients.NetworkClient   : [Producer clientId=annonceService-producer-1] Bootstrap broker localhost:9099 (id: -1 rack: null isFenced: false) disconnected
2026-01-12T21:52:25.021+01:00  INFO 59125 --- [annonceService] [vice-producer-1] org.apache.kafka.clients.Metadata        : [Producer clientId=annonceService-producer-1] Rebootstrapping with [localhost/127.0.0.1:9099]
2026-01-12T21:52:25.074+01:00  INFO 59125 --- [annonceService] [vice-producer-1] org.apache.kafka.clients.NetworkClient   : [Producer clientId=annonceService-producer-1] Node -1 disconnected.
2026-01-12T21:52:25.074+01:00  WARN 59125 --- [annonceService] [vice-producer-1] org.apache.kafka.clients.NetworkClient   : [Producer clientId=annonceService-producer-1] Connection to node -1 (localhost/127.0.0.1:9099) could not be established. Node may not be available.
2026-01-12T21:52:25.074+01:00  WARN 59125 --- [annonceService] [vice-producer-1] org.apache.kafka.clients.NetworkClient   : [Producer clientId=annonceService-producer-1] Bootstrap broker localhost:9099 (id: -1 rack: null isFenced: false) disconnected
2026-01-12T21:52:25.179+01:00  INFO 59125 --- [annonceService] [vice-producer-1] org.apache.kafka.clients.Metadata        : [Producer clientId=annonceService-producer-1] Rebootstrapping with [localhost/127.0.0.1:9099]
2026-01-12T21:52:25.231+01:00  INFO 59125 --- [annonceService] [vice-producer-1] org.apache.kafka.clients.Metadata        : [Producer clientId=annonceService-producer-1] Rebootstrapping with [localhost/127.0.0.1:9099]
2026-01-12T21:52:25.283+01:00  INFO 59125 --- [annonceService] [vice-producer-1] org.apache.kafka.clients.Metadata        : [Producer clientId=annonceService-producer-1] Rebootstrapping with [localhost/127.0.0.1:9099]
2026-01-12T21:52:25.334+01:00  INFO 59125 --- [annonceService] [vice-producer-1] org.apache.kafka.clients.Metadata        : [Producer clientId=annonceService-producer-1] Rebootstrapping with [localhost/127.0.0.1:9099]
2026-01-12T21:52:25.386+01:00  INFO 59125 --- [annonceService] [vice-producer-1] org.apache.kafka.clients.Metadata        : [Producer clientId=annonceService-producer-1] Rebootstrapping with [localhost/127.0.0.1:9099]
2026-01-12T21:52:25.437+01:00  INFO 59125 --- [annonceService] [vice-producer-1] org.apache.kafka.clients.Metadata        : [Producer clientId=annonceService-producer-1] Rebootstrapping with [localhost/127.0.0.1:9099]
2026-01-12T21:52:25.488+01:00  INFO 59125 --- [annonceService] [vice-producer-1] org.apache.kafka.clients.Metadata        : [Producer clientId=annonceService-producer-1] Rebootstrapping with [localhost/127.0.0.1:9099]
2026-01-12T21:52:25.539+01:00  INFO 59125 --- [annonceService] [vice-producer-1] org.apache.kafka.clients.Metadata        : [Producer clientId=annonceService-producer-1] Rebootstrapping with [localhost/127.0.0.1:9099]
2026-01-12T21:52:25.591+01:00  INFO 59125 --- [annonceService] [vice-producer-1] org.apache.kafka.clients.Metadata        : [Producer clientId=annonceService-producer-1] Rebootstrapping with [localhost/127.0.0.1:9099]
2026-01-12T21:52:25.642+01:00  INFO 59125 --- [annonceService] [vice-producer-1] org.apache.kafka.clients.Metadata        : [Producer clientId=annonceService-producer-1] Rebootstrapping with [localhost/127.0.0.1:9099]
2026-01-12T21:52:25.694+01:00  INFO 59125 --- [annonceService] [vice-producer-1] org.apache.kafka.clients.Metadata        : [Producer clientId=annonceService-producer-1] Rebootstrapping with [localhost/127.0.0.1:9099]
2026-01-12T21:52:25.746+01:00  INFO 59125 --- [annonceService] [vice-producer-1] org.apache.kafka.clients.Metadata        : [Producer clientId=annonceService-producer-1] Rebootstrapping with [localhost/127.0.0.1:9099]
2026-01-12T21:52:25.797+01:00  INFO 59125 --- [annonceService] [vice-producer-1] org.apache.kafka.clients.Metadata        : [Producer clientId=annonceService-producer-1] Rebootstrapping with [localhost/127.0.0.1:9099]
2026-01-12T21:52:25.849+01:00  INFO 59125 --- [annonceService] [vice-producer-1] org.apache.kafka.clients.Metadata        : [Producer clientId=annonceService-producer-1] Rebootstrapping with [localhost/127.0.0.1:9099]
2026-01-12T21:52:25.901+01:00  INFO 59125 --- [annonceService] [vice-producer-1] org.apache.kafka.clients.Metadata        : [Producer clientId=annonceService-producer-1] Rebootstrapping with [localhost/127.0.0.1:9099]
2026-01-12T21:52:25.953+01:00  INFO 59125 --- [annonceService] [vice-producer-1] org.apache.kafka.clients.Metadata        : [Producer clientId=annonceService-producer-1] Rebootstrapping with [localhost/127.0.0.1:9099]
2026-01-12T21:52:26.004+01:00  INFO 59125 --- [annonceService] [vice-producer-1] org.apache.kafka.clients.Metadata        : [Producer clientId=annonceService-producer-1] Rebootstrapping with [localhost/127.0.0.1:9099]
2026-01-12T21:52:26.055+01:00  INFO 59125 --- [annonceService] [vice-producer-1] org.apache.kafka.clients.Metadata        : [Producer clientId=annonceService-producer-1] Rebootstrapping with [localhost/127.0.0.1:9099]
2026-01-12T21:52:26.108+01:00  INFO 59125 --- [annonceService] [vice-producer-1] org.apache.kafka.clients.NetworkClient   : [Producer clientId=annonceService-producer-1] Node -1 disconnected.
2026-01-12T21:52:26.108+01:00  WARN 59125 --- [annonceService] [vice-producer-1] org.apache.kafka.clients.NetworkClient   : [Producer clientId=annonceService-producer-1] Connection to node -1 (localhost/127.0.0.1:9099) could not be established. Node may not be available.
2026-01-12T21:52:26.108+01:00  WARN 59125 --- [annonceService] [vice-producer-1] org.apache.kafka.clients.NetworkClient   : [Producer clientId=annonceService-producer-1] Bootstrap broker localhost:9099 (id: -1 rack: null isFenced: false) disconnected
2026-01-12T21:52:27.085+01:00  INFO 59125 --- [annonceService] [vice-producer-1] org.apache.kafka.clients.NetworkClient   : [Producer clientId=annonceService-producer-1] Node -1 disconnected.
2026-01-12T21:52:27.085+01:00  WARN 59125 --- [annonceService] [vice-producer-1] org.apache.kafka.clients.NetworkClient   : [Producer clientId=annonceService-producer-1] Connection to node -1 (localhost/127.0.0.1:9099) could not be established. Node may not be available.
2026-01-12T21:52:27.085+01:00  WARN 59125 --- [annonceService] [vice-producer-1] org.apache.kafka.clients.NetworkClient   : [Producer clientId=annonceService-producer-1] Bootstrap broker localhost:9099 (id: -1 rack: null isFenced: false) disconnected
2026-01-12T21:52:27.188+01:00  INFO 59125 --- [annonceService] [vice-producer-1] org.apache.kafka.clients.Metadata        : [Producer clientId=annonceService-producer-1] Rebootstrapping with [localhost/127.0.0.1:9099]
2026-01-12T21:52:27.240+01:00  INFO 59125 --- [annonceService] [vice-producer-1] org.apache.kafka.clients.Metadata        : [Producer clientId=annonceService-producer-1] Rebootstrapping with [localhost/127.0.0.1:9099]
2026-01-12T21:52:27.291+01:00  INFO 59125 --- [annonceService] [vice-producer-1] org.apache.kafka.clients.Metadata        : [Producer clientId=annonceService-producer-1] Rebootstrapping with [localhost/127.0.0.1:9099]
2026-01-12T21:52:27.342+01:00  INFO 59125 --- [annonceService] [vice-producer-1] org.apache.kafka.clients.Metadata        : [Producer clientId=annonceService-producer-1] Rebootstrapping with [localhost/127.0.0.1:9099]
2026-01-12T21:52:27.394+01:00  INFO 59125 --- [annonceService] [vice-producer-1] org.apache.kafka.clients.Metadata        : [Producer clientId=annonceService-producer-1] Rebootstrapping with [localhost/127.0.0.1:9099]
2026-01-12T21:52:27.446+01:00  INFO 59125 --- [annonceService] [vice-producer-1] org.apache.kafka.clients.Metadata        : [Producer clientId=annonceService-producer-1] Rebootstrapping with [localhost/127.0.0.1:9099]
2026-01-12T21:52:27.497+01:00  INFO 59125 --- [annonceService] [vice-producer-1] org.apache.kafka.clients.Metadata        : [Producer clientId=annonceService-producer-1] Rebootstrapping with [localhost/127.0.0.1:9099]
2026-01-12T21:52:27.548+01:00  INFO 59125 --- [annonceService] [vice-producer-1] org.apache.kafka.clients.Metadata        : [Producer clientId=annonceService-producer-1] Rebootstrapping with [localhost/127.0.0.1:9099]
2026-01-12T21:52:27.599+01:00  INFO 59125 --- [annonceService] [vice-producer-1] org.apache.kafka.clients.Metadata        : [Producer clientId=annonceService-producer-1] Rebootstrapping with [localhost/127.0.0.1:9099]
2026-01-12T21:52:27.650+01:00  INFO 59125 --- [annonceService] [vice-producer-1] org.apache.kafka.clients.Metadata        : [Producer clientId=annonceService-producer-1] Rebootstrapping with [localhost/127.0.0.1:9099]
2026-01-12T21:52:27.704+01:00  INFO 59125 --- [annonceService] [vice-producer-1] org.apache.kafka.clients.Metadata        : [Producer clientId=annonceService-producer-1] Rebootstrapping with [localhost/127.0.0.1:9099]
2026-01-12T21:52:27.756+01:00  INFO 59125 --- [annonceService] [vice-producer-1] org.apache.kafka.clients.Metadata        : [Producer clientId=annonceService-producer-1] Rebootstrapping with [localhost/127.0.0.1:9099]
2026-01-12T21:52:27.807+01:00  INFO 59125 --- [annonceService] [vice-producer-1] org.apache.kafka.clients.Metadata        : [Producer clientId=annonceService-producer-1] Rebootstrapping with [localhost/127.0.0.1:9099]
2026-01-12T21:52:27.859+01:00  INFO 59125 --- [annonceService] [vice-producer-1] org.apache.kafka.clients.Metadata        : [Producer clientId=annonceService-producer-1] Rebootstrapping with [localhost/127.0.0.1:9099]
2026-01-12T21:52:27.911+01:00  INFO 59125 --- [annonceService] [vice-producer-1] org.apache.kafka.clients.Metadata        : [Producer clientId=annonceService-producer-1] Rebootstrapping with [localhost/127.0.0.1:9099]
2026-01-12T21:52:27.962+01:00  INFO 59125 --- [annonceService] [vice-producer-1] org.apache.kafka.clients.Metadata        : [Producer clientId=annonceService-producer-1] Rebootstrapping with [localhost/127.0.0.1:9099]
2026-01-12T21:52:28.014+01:00  INFO 59125 --- [annonceService] [vice-producer-1] org.apache.kafka.clients.NetworkClient   : [Producer clientId=annonceService-producer-1] Node -1 disconnected.
2026-01-12T21:52:28.015+01:00  WARN 59125 --- [annonceService] [vice-producer-1] org.apache.kafka.clients.NetworkClient   : [Producer clientId=annonceService-producer-1] Connection to node -1 (localhost/127.0.0.1:9099) could not be established. Node may not be available.
2026-01-12T21:52:28.015+01:00  WARN 59125 --- [annonceService] [vice-producer-1] org.apache.kafka.clients.NetworkClient   : [Producer clientId=annonceService-producer-1] Bootstrap broker localhost:9099 (id: -1 rack: null isFenced: false) disconnected
2026-01-12T21:52:28.937+01:00  INFO 59125 --- [annonceService] [vice-producer-1] org.apache.kafka.clients.Metadata        : [Producer clientId=annonceService-producer-1] Rebootstrapping with [localhost/127.0.0.1:9099]
2026-01-12T21:52:28.991+01:00  INFO 59125 --- [annonceService] [vice-producer-1] org.apache.kafka.clients.NetworkClient   : [Producer clientId=annonceService-producer-1] Node -1 disconnected.
2026-01-12T21:52:28.991+01:00  WARN 59125 --- [annonceService] [vice-producer-1] org.apache.kafka.clients.NetworkClient   : [Producer clientId=annonceService-producer-1] Connection to node -1 (localhost/127.0.0.1:9099) could not be established. Node may not be available.
2026-01-12T21:52:28.992+01:00  WARN 59125 --- [annonceService] [vice-producer-1] org.apache.kafka.clients.NetworkClient   : [Producer clientId=annonceService-producer-1] Bootstrap broker localhost:9099 (id: -1 rack: null isFenced: false) disconnected
2026-01-12T21:52:29.097+01:00  INFO 59125 --- [annonceService] [vice-producer-1] org.apache.kafka.clients.Metadata        : [Producer clientId=annonceService-producer-1] Rebootstrapping with [localhost/127.0.0.1:9099]
2026-01-12T21:52:29.149+01:00  INFO 59125 --- [annonceService] [vice-producer-1] org.apache.kafka.clients.Metadata        : [Producer clientId=annonceService-producer-1] Rebootstrapping with [localhost/127.0.0.1:9099]
2026-01-12T21:52:29.201+01:00  INFO 59125 --- [annonceService] [vice-producer-1] org.apache.kafka.clients.Metadata        : [Producer clientId=annonceService-producer-1] Rebootstrapping with [localhost/127.0.0.1:9099]
2026-01-12T21:52:29.253+01:00  INFO 59125 --- [annonceService] [vice-producer-1] org.apache.kafka.clients.Metadata        : [Producer clientId=annonceService-producer-1] Rebootstrapping with [localhost/127.0.0.1:9099]
2026-01-12T21:52:29.305+01:00  INFO 59125 --- [annonceService] [vice-producer-1] org.apache.kafka.clients.Metadata        : [Producer clientId=annonceService-producer-1] Rebootstrapping with [localhost/127.0.0.1:9099]
2026-01-12T21:52:29.357+01:00  INFO 59125 --- [annonceService] [vice-producer-1] org.apache.kafka.clients.Metadata        : [Producer clientId=annonceService-producer-1] Rebootstrapping with [localhost/127.0.0.1:9099]
2026-01-12T21:52:29.408+01:00  INFO 59125 --- [annonceService] [vice-producer-1] org.apache.kafka.clients.Metadata        : [Producer clientId=annonceService-producer-1] Rebootstrapping with [localhost/127.0.0.1:9099]
2026-01-12T21:52:29.460+01:00  INFO 59125 --- [annonceService] [vice-producer-1] org.apache.kafka.clients.Metadata        : [Producer clientId=annonceService-producer-1] Rebootstrapping with [localhost/127.0.0.1:9099]
2026-01-12T21:52:29.511+01:00  INFO 59125 --- [annonceService] [vice-producer-1] org.apache.kafka.clients.Metadata        : [Producer clientId=annonceService-producer-1] Rebootstrapping with [localhost/127.0.0.1:9099]
2026-01-12T21:52:29.563+01:00  INFO 59125 --- [annonceService] [vice-producer-1] org.apache.kafka.clients.Metadata        : [Producer clientId=annonceService-producer-1] Rebootstrapping with [localhost/127.0.0.1:9099]
2026-01-12T21:52:29.615+01:00  INFO 59125 --- [annonceService] [vice-producer-1] org.apache.kafka.clients.Metadata        : [Producer clientId=annonceService-producer-1] Rebootstrapping with [localhost/127.0.0.1:9099]
2026-01-12T21:52:29.667+01:00  INFO 59125 --- [annonceService] [vice-producer-1] org.apache.kafka.clients.Metadata        : [Producer clientId=annonceService-producer-1] Rebootstrapping with [localhost/127.0.0.1:9099]
2026-01-12T21:52:29.720+01:00  INFO 59125 --- [annonceService] [vice-producer-1] org.apache.kafka.clients.Metadata        : [Producer clientId=annonceService-producer-1] Rebootstrapping with [localhost/127.0.0.1:9099]
2026-01-12T21:52:29.771+01:00  INFO 59125 --- [annonceService] [vice-producer-1] org.apache.kafka.clients.Metadata        : [Producer clientId=annonceService-producer-1] Rebootstrapping with [localhost/127.0.0.1:9099]
2026-01-12T21:52:29.823+01:00  INFO 59125 --- [annonceService] [vice-producer-1] org.apache.kafka.clients.Metadata        : [Producer clientId=annonceService-producer-1] Rebootstrapping with [localhost/127.0.0.1:9099]
2026-01-12T21:52:29.876+01:00  INFO 59125 --- [annonceService] [vice-producer-1] org.apache.kafka.clients.Metadata        : [Producer clientId=annonceService-producer-1] Rebootstrapping with [localhost/127.0.0.1:9099]
2026-01-12T21:52:29.928+01:00  INFO 59125 --- [annonceService] [vice-producer-1] org.apache.kafka.clients.Metadata        : [Producer clientId=annonceService-producer-1] Rebootstrapping with [localhost/127.0.0.1:9099]
2026-01-12T21:52:29.979+01:00  INFO 59125 --- [annonceService] [vice-producer-1] org.apache.kafka.clients.Metadata        : [Producer clientId=annonceService-producer-1] Rebootstrapping with [localhost/127.0.0.1:9099]
2026-01-12T21:52:30.032+01:00  INFO 59125 --- [annonceService] [vice-producer-1] org.apache.kafka.clients.NetworkClient   : [Producer clientId=annonceService-producer-1] Node -1 disconnected.
2026-01-12T21:52:30.032+01:00  WARN 59125 --- [annonceService] [vice-producer-1] org.apache.kafka.clients.NetworkClient   : [Producer clientId=annonceService-producer-1] Connection to node -1 (localhost/127.0.0.1:9099) could not be established. Node may not be available.
2026-01-12T21:52:30.032+01:00  WARN 59125 --- [annonceService] [vice-producer-1] org.apache.kafka.clients.NetworkClient   : [Producer clientId=annonceService-producer-1] Bootstrap broker localhost:9099 (id: -1 rack: null isFenced: false) disconnected
2026-01-12T21:52:30.952+01:00  INFO 59125 --- [annonceService] [vice-producer-1] org.apache.kafka.clients.Metadata        : [Producer clientId=annonceService-producer-1] Rebootstrapping with [localhost/127.0.0.1:9099]
2026-01-12T21:52:31.034+01:00  INFO 59125 --- [annonceService] [vice-producer-1] org.apache.kafka.clients.NetworkClient   : [Producer clientId=annonceService-producer-1] Node -1 disconnected.
2026-01-12T21:52:31.035+01:00  WARN 59125 --- [annonceService] [vice-producer-1] org.apache.kafka.clients.NetworkClient   : [Producer clientId=annonceService-producer-1] Connection to node -1 (localhost/127.0.0.1:9099) could not be established. Node may not be available.
2026-01-12T21:52:31.035+01:00  WARN 59125 --- [annonceService] [vice-producer-1] org.apache.kafka.clients.NetworkClient   : [Producer clientId=annonceService-producer-1] Bootstrap broker localhost:9099 (id: -1 rack: null isFenced: false) disconnected
2026-01-12T21:52:31.998+01:00  INFO 59125 --- [annonceService] [vice-producer-1] org.apache.kafka.clients.Metadata        : [Producer clientId=annonceService-producer-1] Rebootstrapping with [localhost/127.0.0.1:9099]
2026-01-12T21:52:32.050+01:00  INFO 59125 --- [annonceService] [vice-producer-1] org.apache.kafka.clients.NetworkClient   : [Producer clientId=annonceService-producer-1] Node -1 disconnected.
2026-01-12T21:52:32.050+01:00  WARN 59125 --- [annonceService] [vice-producer-1] org.apache.kafka.clients.NetworkClient   : [Producer clientId=annonceService-producer-1] Connection to node -1 (localhost/127.0.0.1:9099) could not be established. Node may not be available.
2026-01-12T21:52:32.050+01:00  WARN 59125 --- [annonceService] [vice-producer-1] org.apache.kafka.clients.NetworkClient   : [Producer clientId=annonceService-producer-1] Bootstrap broker localhost:9099 (id: -1 rack: null isFenced: false) disconnected
2026-01-12T21:52:32.922+01:00  INFO 59125 --- [annonceService] [vice-producer-1] org.apache.kafka.clients.Metadata        : [Producer clientId=annonceService-producer-1] Rebootstrapping with [localhost/127.0.0.1:9099]
2026-01-12T21:52:33.052+01:00  INFO 59125 --- [annonceService] [vice-producer-1] org.apache.kafka.clients.NetworkClient   : [Producer clientId=annonceService-producer-1] Node -1 disconnected.
2026-01-12T21:52:33.052+01:00  WARN 59125 --- [annonceService] [vice-producer-1] org.apache.kafka.clients.NetworkClient   : [Producer clientId=annonceService-producer-1] Connection to node -1 (localhost/127.0.0.1:9099) could not be established. Node may not be available.
2026-01-12T21:52:33.052+01:00  WARN 59125 --- [annonceService] [vice-producer-1] org.apache.kafka.clients.NetworkClient   : [Producer clientId=annonceService-producer-1] Bootstrap broker localhost:9099 (id: -1 rack: null isFenced: false) disconnected
2026-01-12T21:52:34.054+01:00  INFO 59125 --- [annonceService] [vice-producer-1] org.apache.kafka.clients.NetworkClient   : [Producer clientId=annonceService-producer-1] Node -1 disconnected.
2026-01-12T21:52:34.054+01:00  WARN 59125 --- [annonceService] [vice-producer-1] org.apache.kafka.clients.NetworkClient   : [Producer clientId=annonceService-producer-1] Connection to node -1 (localhost/127.0.0.1:9099) could not be established. Node may not be available.
2026-01-12T21:52:34.055+01:00  WARN 59125 --- [annonceService] [vice-producer-1] org.apache.kafka.clients.NetworkClient   : [Producer clientId=annonceService-producer-1] Bootstrap broker localhost:9099 (id: -1 rack: null isFenced: false) disconnected
2026-01-12T21:52:34.922+01:00  INFO 59125 --- [annonceService] [vice-producer-1] org.apache.kafka.clients.NetworkClient   : [Producer clientId=annonceService-producer-1] Node -1 disconnected.
2026-01-12T21:52:34.922+01:00  WARN 59125 --- [annonceService] [vice-producer-1] org.apache.kafka.clients.NetworkClient   : [Producer clientId=annonceService-producer-1] Connection to node -1 (localhost/127.0.0.1:9099) could not be established. Node may not be available.
2026-01-12T21:52:34.922+01:00  WARN 59125 --- [annonceService] [vice-producer-1] org.apache.kafka.clients.NetworkClient   : [Producer clientId=annonceService-producer-1] Bootstrap broker localhost:9099 (id: -1 rack: null isFenced: false) disconnected
2026-01-12T21:52:35.055+01:00  INFO 59125 --- [annonceService] [vice-producer-1] org.apache.kafka.clients.Metadata        : [Producer clientId=annonceService-producer-1] Rebootstrapping with [localhost/127.0.0.1:9099]
2026-01-12T21:52:35.107+01:00  INFO 59125 --- [annonceService] [vice-producer-1] org.apache.kafka.clients.Metadata        : [Producer clientId=annonceService-producer-1] Rebootstrapping with [localhost/127.0.0.1:9099]
2026-01-12T21:52:35.158+01:00  INFO 59125 --- [annonceService] [vice-producer-1] org.apache.kafka.clients.Metadata        : [Producer clientId=annonceService-producer-1] Rebootstrapping with [localhost/127.0.0.1:9099]
2026-01-12T21:52:35.210+01:00  INFO 59125 --- [annonceService] [vice-producer-1] org.apache.kafka.clients.Metadata        : [Producer clientId=annonceService-producer-1] Rebootstrapping with [localhost/127.0.0.1:9099]
2026-01-12T21:52:35.262+01:00  INFO 59125 --- [annonceService] [vice-producer-1] org.apache.kafka.clients.Metadata        : [Producer clientId=annonceService-producer-1] Rebootstrapping with [localhost/127.0.0.1:9099]
2026-01-12T21:52:35.314+01:00  INFO 59125 --- [annonceService] [vice-producer-1] org.apache.kafka.clients.Metadata        : [Producer clientId=annonceService-producer-1] Rebootstrapping with [localhost/127.0.0.1:9099]
2026-01-12T21:52:35.366+01:00  INFO 59125 --- [annonceService] [vice-producer-1] org.apache.kafka.clients.Metadata        : [Producer clientId=annonceService-producer-1] Rebootstrapping with [localhost/127.0.0.1:9099]
2026-01-12T21:52:35.418+01:00  INFO 59125 --- [annonceService] [vice-producer-1] org.apache.kafka.clients.Metadata        : [Producer clientId=annonceService-producer-1] Rebootstrapping with [localhost/127.0.0.1:9099]
2026-01-12T21:52:35.469+01:00  INFO 59125 --- [annonceService] [vice-producer-1] org.apache.kafka.clients.Metadata        : [Producer clientId=annonceService-producer-1] Rebootstrapping with [localhost/127.0.0.1:9099]
2026-01-12T21:52:35.520+01:00  INFO 59125 --- [annonceService] [vice-producer-1] org.apache.kafka.clients.Metadata        : [Producer clientId=annonceService-producer-1] Rebootstrapping with [localhost/127.0.0.1:9099]
2026-01-12T21:52:35.572+01:00  INFO 59125 --- [annonceService] [vice-producer-1] org.apache.kafka.clients.Metadata        : [Producer clientId=annonceService-producer-1] Rebootstrapping with [localhost/127.0.0.1:9099]
2026-01-12T21:52:35.623+01:00  INFO 59125 --- [annonceService] [vice-producer-1] org.apache.kafka.clients.Metadata        : [Producer clientId=annonceService-producer-1] Rebootstrapping with [localhost/127.0.0.1:9099]
2026-01-12T21:52:35.675+01:00  INFO 59125 --- [annonceService] [vice-producer-1] org.apache.kafka.clients.Metadata        : [Producer clientId=annonceService-producer-1] Rebootstrapping with [localhost/127.0.0.1:9099]
2026-01-12T21:52:35.727+01:00  INFO 59125 --- [annonceService] [vice-producer-1] org.apache.kafka.clients.Metadata        : [Producer clientId=annonceService-producer-1] Rebootstrapping with [localhost/127.0.0.1:9099]
2026-01-12T21:52:35.778+01:00  INFO 59125 --- [annonceService] [vice-producer-1] org.apache.kafka.clients.Metadata        : [Producer clientId=annonceService-producer-1] Rebootstrapping with [localhost/127.0.0.1:9099]
2026-01-12T21:52:35.829+01:00  INFO 59125 --- [annonceService] [vice-producer-1] org.apache.kafka.clients.Metadata        : [Producer clientId=annonceService-producer-1] Rebootstrapping with [localhost/127.0.0.1:9099]
2026-01-12T21:52:35.883+01:00  INFO 59125 --- [annonceService] [vice-producer-1] org.apache.kafka.clients.Metadata        : [Producer clientId=annonceService-producer-1] Rebootstrapping with [localhost/127.0.0.1:9099]
2026-01-12T21:52:35.938+01:00  INFO 59125 --- [annonceService] [vice-producer-1] org.apache.kafka.clients.NetworkClient   : [Producer clientId=annonceService-producer-1] Node -1 disconnected.
2026-01-12T21:52:35.938+01:00  WARN 59125 --- [annonceService] [vice-producer-1] org.apache.kafka.clients.NetworkClient   : [Producer clientId=annonceService-producer-1] Connection to node -1 (localhost/127.0.0.1:9099) could not be established. Node may not be available.
2026-01-12T21:52:35.938+01:00  WARN 59125 --- [annonceService] [vice-producer-1] org.apache.kafka.clients.NetworkClient   : [Producer clientId=annonceService-producer-1] Bootstrap broker localhost:9099 (id: -1 rack: null isFenced: false) disconnected
2026-01-12T21:52:36.852+01:00  INFO 59125 --- [annonceService] [vice-producer-1] org.apache.kafka.clients.Metadata        : [Producer clientId=annonceService-producer-1] Rebootstrapping with [localhost/127.0.0.1:9099]
2026-01-12T21:52:36.904+01:00  INFO 59125 --- [annonceService] [vice-producer-1] org.apache.kafka.clients.Metadata        : [Producer clientId=annonceService-producer-1] Rebootstrapping with [localhost/127.0.0.1:9099]
2026-01-12T21:52:36.959+01:00  INFO 59125 --- [annonceService] [vice-producer-1] org.apache.kafka.clients.NetworkClient   : [Producer clientId=annonceService-producer-1] Node -1 disconnected.
2026-01-12T21:52:36.960+01:00  WARN 59125 --- [annonceService] [vice-producer-1] org.apache.kafka.clients.NetworkClient   : [Producer clientId=annonceService-producer-1] Connection to node -1 (localhost/127.0.0.1:9099) could not be established. Node may not be available.
2026-01-12T21:52:36.960+01:00  WARN 59125 --- [annonceService] [vice-producer-1] org.apache.kafka.clients.NetworkClient   : [Producer clientId=annonceService-producer-1] Bootstrap broker localhost:9099 (id: -1 rack: null isFenced: false) disconnected
2026-01-12T21:52:37.886+01:00  INFO 59125 --- [annonceService] [vice-producer-1] org.apache.kafka.clients.Metadata        : [Producer clientId=annonceService-producer-1] Rebootstrapping with [localhost/127.0.0.1:9099]
2026-01-12T21:52:37.962+01:00  INFO 59125 --- [annonceService] [vice-producer-1] org.apache.kafka.clients.NetworkClient   : [Producer clientId=annonceService-producer-1] Node -1 disconnected.
2026-01-12T21:52:37.963+01:00  WARN 59125 --- [annonceService] [vice-producer-1] org.apache.kafka.clients.NetworkClient   : [Producer clientId=annonceService-producer-1] Connection to node -1 (localhost/127.0.0.1:9099) could not be established. Node may not be available.
2026-01-12T21:52:37.963+01:00  WARN 59125 --- [annonceService] [vice-producer-1] org.apache.kafka.clients.NetworkClient   : [Producer clientId=annonceService-producer-1] Bootstrap broker localhost:9099 (id: -1 rack: null isFenced: false) disconnected
2026-01-12T21:52:38.824+01:00  INFO 59125 --- [annonceService] [vice-producer-1] org.apache.kafka.clients.NetworkClient   : [Producer clientId=annonceService-producer-1] Node -1 disconnected.
2026-01-12T21:52:38.824+01:00  WARN 59125 --- [annonceService] [vice-producer-1] org.apache.kafka.clients.NetworkClient   : [Producer clientId=annonceService-producer-1] Connection to node -1 (localhost/127.0.0.1:9099) could not be established. Node may not be available.
2026-01-12T21:52:38.824+01:00  WARN 59125 --- [annonceService] [vice-producer-1] org.apache.kafka.clients.NetworkClient   : [Producer clientId=annonceService-producer-1] Bootstrap broker localhost:9099 (id: -1 rack: null isFenced: false) disconnected
2026-01-12T21:52:38.964+01:00  INFO 59125 --- [annonceService] [vice-producer-1] org.apache.kafka.clients.Metadata        : [Producer clientId=annonceService-producer-1] Rebootstrapping with [localhost/127.0.0.1:9099]
2026-01-12T21:52:39.015+01:00  INFO 59125 --- [annonceService] [vice-producer-1] org.apache.kafka.clients.Metadata        : [Producer clientId=annonceService-producer-1] Rebootstrapping with [localhost/127.0.0.1:9099]
2026-01-12T21:52:39.066+01:00  INFO 59125 --- [annonceService] [vice-producer-1] org.apache.kafka.clients.Metadata        : [Producer clientId=annonceService-producer-1] Rebootstrapping with [localhost/127.0.0.1:9099]
2026-01-12T21:52:39.103+01:00  INFO 59125 --- [annonceService] [nio-9094-exec-8] o.e.a.Controller.AnnonceController       : Requête POST /api/annonces - création annonce
2026-01-12T21:52:39.103+01:00  INFO 59125 --- [annonceService] [nio-9094-exec-8] o.e.a.Service.AnnonceService             : Création d'une nouvelle annonce: A+
2026-01-12T21:52:39.118+01:00  INFO 59125 --- [annonceService] [vice-producer-1] org.apache.kafka.clients.Metadata        : [Producer clientId=annonceService-producer-1] Rebootstrapping with [localhost/127.0.0.1:9099]
Hibernate: insert into post_annonce (blood_type,deadline,description,hospital_id,location_id,quantity,request_date,status,urgent_level,user_id) values (?,?,?,?,?,?,?,?,?,?)
2026-01-12T21:52:39.164+01:00  INFO 59125 --- [annonceService] [vice-producer-1] org.apache.kafka.clients.Metadata        : [Producer clientId=annonceService-producer-1] Rebootstrapping with [localhost/127.0.0.1:9099]
2026-01-12T21:52:39.216+01:00  INFO 59125 --- [annonceService] [vice-producer-1] org.apache.kafka.clients.Metadata        : [Producer clientId=annonceService-producer-1] Rebootstrapping with [localhost/127.0.0.1:9099]
2026-01-12T21:52:39.267+01:00  INFO 59125 --- [annonceService] [vice-producer-1] org.apache.kafka.clients.Metadata        : [Producer clientId=annonceService-producer-1] Rebootstrapping with [localhost/127.0.0.1:9099]
2026-01-12T21:52:39.319+01:00  INFO 59125 --- [annonceService] [vice-producer-1] org.apache.kafka.clients.Metadata        : [Producer clientId=annonceService-producer-1] Rebootstrapping with [localhost/127.0.0.1:9099]
2026-01-12T21:52:39.372+01:00  INFO 59125 --- [annonceService] [vice-producer-1] org.apache.kafka.clients.Metadata        : [Producer clientId=annonceService-producer-1] Rebootstrapping with [localhost/127.0.0.1:9099]
2026-01-12T21:52:39.426+01:00  INFO 59125 --- [annonceService] [vice-producer-1] org.apache.kafka.clients.Metadata        : [Producer clientId=annonceService-producer-1] Rebootstrapping with [localhost/127.0.0.1:9099]
2026-01-12T21:52:39.479+01:00  INFO 59125 --- [annonceService] [vice-producer-1] org.apache.kafka.clients.Metadata        : [Producer clientId=annonceService-producer-1] Rebootstrapping with [localhost/127.0.0.1:9099]
2026-01-12T21:52:39.531+01:00  INFO 59125 --- [annonceService] [vice-producer-1] org.apache.kafka.clients.Metadata        : [Producer clientId=annonceService-producer-1] Rebootstrapping with [localhost/127.0.0.1:9099]
2026-01-12T21:52:39.583+01:00  INFO 59125 --- [annonceService] [vice-producer-1] org.apache.kafka.clients.Metadata        : [Producer clientId=annonceService-producer-1] Rebootstrapping with [localhost/127.0.0.1:9099]
2026-01-12T21:52:39.639+01:00  INFO 59125 --- [annonceService] [vice-producer-1] org.apache.kafka.clients.Metadata        : [Producer clientId=annonceService-producer-1] Rebootstrapping with [localhost/127.0.0.1:9099]
2026-01-12T21:52:39.691+01:00  INFO 59125 --- [annonceService] [vice-producer-1] org.apache.kafka.clients.Metadata        : [Producer clientId=annonceService-producer-1] Rebootstrapping with [localhost/127.0.0.1:9099]
2026-01-12T21:52:39.747+01:00  INFO 59125 --- [annonceService] [vice-producer-1] org.apache.kafka.clients.Metadata        : [Producer clientId=annonceService-producer-1] Rebootstrapping with [localhost/127.0.0.1:9099]
2026-01-12T21:52:39.804+01:00  INFO 59125 --- [annonceService] [vice-producer-1] org.apache.kafka.clients.NetworkClient   : [Producer clientId=annonceService-producer-1] Node -1 disconnected.
2026-01-12T21:52:39.805+01:00  WARN 59125 --- [annonceService] [vice-producer-1] org.apache.kafka.clients.NetworkClient   : [Producer clientId=annonceService-producer-1] Connection to node -1 (localhost/127.0.0.1:9099) could not be established. Node may not be available.
2026-01-12T21:52:39.805+01:00  WARN 59125 --- [annonceService] [vice-producer-1] org.apache.kafka.clients.NetworkClient   : [Producer clientId=annonceService-producer-1] Bootstrap broker localhost:9099 (id: -1 rack: null isFenced: false) disconnected
2026-01-12T21:52:40.728+01:00  INFO 59125 --- [annonceService] [vice-producer-1] org.apache.kafka.clients.Metadata        : [Producer clientId=annonceService-producer-1] Rebootstrapping with [localhost/127.0.0.1:9099]
2026-01-12T21:52:40.779+01:00  INFO 59125 --- [annonceService] [vice-producer-1] org.apache.kafka.clients.Metadata        : [Producer clientId=annonceService-producer-1] Rebootstrapping with [localhost/127.0.0.1:9099]
2026-01-12T21:52:40.832+01:00  INFO 59125 --- [annonceService] [vice-producer-1] org.apache.kafka.clients.NetworkClient   : [Producer clientId=annonceService-producer-1] Node -1 disconnected.
2026-01-12T21:52:40.832+01:00  WARN 59125 --- [annonceService] [vice-producer-1] org.apache.kafka.clients.NetworkClient   : [Producer clientId=annonceService-producer-1] Connection to node -1 (localhost/127.0.0.1:9099) could not be established. Node may not be available.
2026-01-12T21:52:40.832+01:00  WARN 59125 --- [annonceService] [vice-producer-1] org.apache.kafka.clients.NetworkClient   : [Producer clientId=annonceService-producer-1] Bootstrap broker localhost:9099 (id: -1 rack: null isFenced: false) disconnected
2026-01-12T21:52:41.834+01:00  INFO 59125 --- [annonceService] [vice-producer-1] org.apache.kafka.clients.NetworkClient   : [Producer clientId=annonceService-producer-1] Node -1 disconnected.
2026-01-12T21:52:41.834+01:00  WARN 59125 --- [annonceService] [vice-producer-1] org.apache.kafka.clients.NetworkClient   : [Producer clientId=annonceService-producer-1] Connection to node -1 (localhost/127.0.0.1:9099) could not be established. Node may not be available.
2026-01-12T21:52:41.834+01:00  WARN 59125 --- [annonceService] [vice-producer-1] org.apache.kafka.clients.NetworkClient   : [Producer clientId=annonceService-producer-1] Bootstrap broker localhost:9099 (id: -1 rack: null isFenced: false) disconnected
2026-01-12T21:52:42.709+01:00  INFO 59125 --- [annonceService] [vice-producer-1] org.apache.kafka.clients.NetworkClient   : [Producer clientId=annonceService-producer-1] Node -1 disconnected.
2026-01-12T21:52:42.711+01:00  WARN 59125 --- [annonceService] [vice-producer-1] org.apache.kafka.clients.NetworkClient   : [Producer clientId=annonceService-producer-1] Connection to node -1 (localhost/127.0.0.1:9099) could not be established. Node may not be available.
2026-01-12T21:52:42.711+01:00  WARN 59125 --- [annonceService] [vice-producer-1] org.apache.kafka.clients.NetworkClient   : [Producer clientId=annonceService-producer-1] Bootstrap broker localhost:9099 (id: -1 rack: null isFenced: false) disconnected
2026-01-12T21:52:42.835+01:00  INFO 59125 --- [annonceService] [vice-producer-1] org.apache.kafka.clients.Metadata        : [Producer clientId=annonceService-producer-1] Rebootstrapping with [localhost/127.0.0.1:9099]
2026-01-12T21:52:42.887+01:00  INFO 59125 --- [annonceService] [vice-producer-1] org.apache.kafka.clients.Metadata        : [Producer clientId=annonceService-producer-1] Rebootstrapping with [localhost/127.0.0.1:9099]
2026-01-12T21:52:42.937+01:00  INFO 59125 --- [annonceService] [vice-producer-1] org.apache.kafka.clients.Metadata        : [Producer clientId=annonceService-producer-1] Rebootstrapping with [localhost/127.0.0.1:9099]
2026-01-12T21:52:42.989+01:00  INFO 59125 --- [annonceService] [vice-producer-1] org.apache.kafka.clients.Metadata        : [Producer clientId=annonceService-producer-1] Rebootstrapping with [localhost/127.0.0.1:9099]
2026-01-12T21:52:43.040+01:00  INFO 59125 --- [annonceService] [vice-producer-1] org.apache.kafka.clients.Metadata        : [Producer clientId=annonceService-producer-1] Rebootstrapping with [localhost/127.0.0.1:9099]
2026-01-12T21:52:43.091+01:00  INFO 59125 --- [annonceService] [vice-producer-1] org.apache.kafka.clients.Metadata        : [Producer clientId=annonceService-producer-1] Rebootstrapping with [localhost/127.0.0.1:9099]
2026-01-12T21:52:43.142+01:00  INFO 59125 --- [annonceService] [vice-producer-1] org.apache.kafka.clients.Metadata        : [Producer clientId=annonceService-producer-1] Rebootstrapping with [localhost/127.0.0.1:9099]
2026-01-12T21:52:43.193+01:00  INFO 59125 --- [annonceService] [vice-producer-1] org.apache.kafka.clients.Metadata        : [Producer clientId=annonceService-producer-1] Rebootstrapping with [localhost/127.0.0.1:9099]
2026-01-12T21:52:43.245+01:00  INFO 59125 --- [annonceService] [vice-producer-1] org.apache.kafka.clients.Metadata        : [Producer clientId=annonceService-producer-1] Rebootstrapping with [localhost/127.0.0.1:9099]
2026-01-12T21:52:43.296+01:00  INFO 59125 --- [annonceService] [vice-producer-1] org.apache.kafka.clients.Metadata        : [Producer clientId=annonceService-producer-1] Rebootstrapping with [localhost/127.0.0.1:9099]
2026-01-12T21:52:43.347+01:00  INFO 59125 --- [annonceService] [vice-producer-1] org.apache.kafka.clients.Metadata        : [Producer clientId=annonceService-producer-1] Rebootstrapping with [localhost/127.0.0.1:9099]
2026-01-12T21:52:43.398+01:00  INFO 59125 --- [annonceService] [vice-producer-1] org.apache.kafka.clients.Metadata        : [Producer clientId=annonceService-producer-1] Rebootstrapping with [localhost/127.0.0.1:9099]
2026-01-12T21:52:43.450+01:00  INFO 59125 --- [annonceService] [vice-producer-1] org.apache.kafka.clients.Metadata        : [Producer clientId=annonceService-producer-1] Rebootstrapping with [localhost/127.0.0.1:9099]
2026-01-12T21:52:43.501+01:00  INFO 59125 --- [annonceService] [vice-producer-1] org.apache.kafka.clients.Metadata        : [Producer clientId=annonceService-producer-1] Rebootstrapping with [localhost/127.0.0.1:9099]
2026-01-12T21:52:43.553+01:00  INFO 59125 --- [annonceService] [vice-producer-1] org.apache.kafka.clients.Metadata        : [Producer clientId=annonceService-producer-1] Rebootstrapping with [localhost/127.0.0.1:9099]
2026-01-12T21:52:43.605+01:00  INFO 59125 --- [annonceService] [vice-producer-1] org.apache.kafka.clients.Metadata        : [Producer clientId=annonceService-producer-1] Rebootstrapping with [localhost/127.0.0.1:9099]
2026-01-12T21:52:43.656+01:00  INFO 59125 --- [annonceService] [vice-producer-1] org.apache.kafka.clients.Metadata        : [Producer clientId=annonceService-producer-1] Rebootstrapping with [localhost/127.0.0.1:9099]
2026-01-12T21:52:43.708+01:00  INFO 59125 --- [annonceService] [vice-producer-1] org.apache.kafka.clients.Metadata        : [Producer clientId=annonceService-producer-1] Rebootstrapping with [localhost/127.0.0.1:9099]
2026-01-12T21:52:43.762+01:00  INFO 59125 --- [annonceService] [vice-producer-1] org.apache.kafka.clients.NetworkClient   : [Producer clientId=annonceService-producer-1] Node -1 disconnected.
2026-01-12T21:52:43.763+01:00  WARN 59125 --- [annonceService] [vice-producer-1] org.apache.kafka.clients.NetworkClient   : [Producer clientId=annonceService-producer-1] Connection to node -1 (localhost/127.0.0.1:9099) could not be established. Node may not be available.
2026-01-12T21:52:43.763+01:00  WARN 59125 --- [annonceService] [vice-producer-1] org.apache.kafka.clients.NetworkClient   : [Producer clientId=annonceService-producer-1] Bootstrap broker localhost:9099 (id: -1 rack: null isFenced: false) disconnected
2026-01-12T21:52:44.764+01:00  INFO 59125 --- [annonceService] [vice-producer-1] org.apache.kafka.clients.NetworkClient   : [Producer clientId=annonceService-producer-1] Node -1 disconnected.
2026-01-12T21:52:44.764+01:00  WARN 59125 --- [annonceService] [vice-producer-1] org.apache.kafka.clients.NetworkClient   : [Producer clientId=annonceService-producer-1] Connection to node -1 (localhost/127.0.0.1:9099) could not be established. Node may not be available.
2026-01-12T21:52:44.764+01:00  WARN 59125 --- [annonceService] [vice-producer-1] org.apache.kafka.clients.NetworkClient   : [Producer clientId=annonceService-producer-1] Bootstrap broker localhost:9099 (id: -1 rack: null isFenced: false) disconnected
2026-01-12T21:52:45.633+01:00  INFO 59125 --- [annonceService] [vice-producer-1] org.apache.kafka.clients.Metadata        : [Producer clientId=annonceService-producer-1] Rebootstrapping with [localhost/127.0.0.1:9099]
2026-01-12T21:52:45.766+01:00  INFO 59125 --- [annonceService] [vice-producer-1] org.apache.kafka.clients.NetworkClient   : [Producer clientId=annonceService-producer-1] Node -1 disconnected.
2026-01-12T21:52:45.767+01:00  WARN 59125 --- [annonceService] [vice-producer-1] org.apache.kafka.clients.NetworkClient   : [Producer clientId=annonceService-producer-1] Connection to node -1 (localhost/127.0.0.1:9099) could not be established. Node may not be available.
2026-01-12T21:52:45.767+01:00  WARN 59125 --- [annonceService] [vice-producer-1] org.apache.kafka.clients.NetworkClient   : [Producer clientId=annonceService-producer-1] Bootstrap broker localhost:9099 (id: -1 rack: null isFenced: false) disconnected
2026-01-12T21:52:46.769+01:00  INFO 59125 --- [annonceService] [vice-producer-1] org.apache.kafka.clients.NetworkClient   : [Producer clientId=annonceService-producer-1] Node -1 disconnected.
2026-01-12T21:52:46.769+01:00  WARN 59125 --- [annonceService] [vice-producer-1] org.apache.kafka.clients.NetworkClient   : [Producer clientId=annonceService-producer-1] Connection to node -1 (localhost/127.0.0.1:9099) could not be established. Node may not be available.
2026-01-12T21:52:46.769+01:00  WARN 59125 --- [annonceService] [vice-producer-1] org.apache.kafka.clients.NetworkClient   : [Producer clientId=annonceService-producer-1] Bootstrap broker localhost:9099 (id: -1 rack: null isFenced: false) disconnected
2026-01-12T21:52:47.687+01:00  INFO 59125 --- [annonceService] [vice-producer-1] org.apache.kafka.clients.Metadata        : [Producer clientId=annonceService-producer-1] Rebootstrapping with [localhost/127.0.0.1:9099]
2026-01-12T21:52:47.770+01:00  INFO 59125 --- [annonceService] [vice-producer-1] org.apache.kafka.clients.NetworkClient   : [Producer clientId=annonceService-producer-1] Node -1 disconnected.
2026-01-12T21:52:47.771+01:00  WARN 59125 --- [annonceService] [vice-producer-1] org.apache.kafka.clients.NetworkClient   : [Producer clientId=annonceService-producer-1] Connection to node -1 (localhost/127.0.0.1:9099) could not be established. Node may not be available.
2026-01-12T21:52:47.771+01:00  WARN 59125 --- [annonceService] [vice-producer-1] org.apache.kafka.clients.NetworkClient   : [Producer clientId=annonceService-producer-1] Bootstrap broker localhost:9099 (id: -1 rack: null isFenced: false) disconnected
2026-01-12T21:52:48.736+01:00  INFO 59125 --- [annonceService] [vice-producer-1] org.apache.kafka.clients.NetworkClient   : [Producer clientId=annonceService-producer-1] Node -1 disconnected.
2026-01-12T21:52:48.736+01:00  WARN 59125 --- [annonceService] [vice-producer-1] org.apache.kafka.clients.NetworkClient   : [Producer clientId=annonceService-producer-1] Connection to node -1 (localhost/127.0.0.1:9099) could not be established. Node may not be available.
2026-01-12T21:52:48.736+01:00  WARN 59125 --- [annonceService] [vice-producer-1] org.apache.kafka.clients.NetworkClient   : [Producer clientId=annonceService-producer-1] Bootstrap broker localhost:9099 (id: -1 rack: null isFenced: false) disconnected
2026-01-12T21:52:48.837+01:00  INFO 59125 --- [annonceService] [vice-producer-1] org.apache.kafka.clients.Metadata        : [Producer clientId=annonceService-producer-1] Rebootstrapping with [localhost/127.0.0.1:9099]
2026-01-12T21:52:48.888+01:00  INFO 59125 --- [annonceService] [vice-producer-1] org.apache.kafka.clients.Metadata        : [Producer clientId=annonceService-producer-1] Rebootstrapping with [localhost/127.0.0.1:9099]
2026-01-12T21:52:48.939+01:00  INFO 59125 --- [annonceService] [vice-producer-1] org.apache.kafka.clients.Metadata        : [Producer clientId=annonceService-producer-1] Rebootstrapping with [localhost/127.0.0.1:9099]
2026-01-12T21:52:48.991+01:00  INFO 59125 --- [annonceService] [vice-producer-1] org.apache.kafka.clients.Metadata        : [Producer clientId=annonceService-producer-1] Rebootstrapping with [localhost/127.0.0.1:9099]
2026-01-12T21:52:49.042+01:00  INFO 59125 --- [annonceService] [vice-producer-1] org.apache.kafka.clients.Metadata        : [Producer clientId=annonceService-producer-1] Rebootstrapping with [localhost/127.0.0.1:9099]
2026-01-12T21:52:49.093+01:00  INFO 59125 --- [annonceService] [vice-producer-1] org.apache.kafka.clients.Metadata        : [Producer clientId=annonceService-producer-1] Rebootstrapping with [localhost/127.0.0.1:9099]
2026-01-12T21:52:49.145+01:00  INFO 59125 --- [annonceService] [vice-producer-1] org.apache.kafka.clients.Metadata        : [Producer clientId=annonceService-producer-1] Rebootstrapping with [localhost/127.0.0.1:9099]
2026-01-12T21:52:49.196+01:00  INFO 59125 --- [annonceService] [vice-producer-1] org.apache.kafka.clients.Metadata        : [Producer clientId=annonceService-producer-1] Rebootstrapping with [localhost/127.0.0.1:9099]
2026-01-12T21:52:49.247+01:00  INFO 59125 --- [annonceService] [vice-producer-1] org.apache.kafka.clients.Metadata        : [Producer clientId=annonceService-producer-1] Rebootstrapping with [localhost/127.0.0.1:9099]
2026-01-12T21:52:49.299+01:00  INFO 59125 --- [annonceService] [vice-producer-1] org.apache.kafka.clients.Metadata        : [Producer clientId=annonceService-producer-1] Rebootstrapping with [localhost/127.0.0.1:9099]
2026-01-12T21:52:49.351+01:00  INFO 59125 --- [annonceService] [vice-producer-1] org.apache.kafka.clients.Metadata        : [Producer clientId=annonceService-producer-1] Rebootstrapping with [localhost/127.0.0.1:9099]
2026-01-12T21:52:49.402+01:00  INFO 59125 --- [annonceService] [vice-producer-1] org.apache.kafka.clients.Metadata        : [Producer clientId=annonceService-producer-1] Rebootstrapping with [localhost/127.0.0.1:9099]
2026-01-12T21:52:49.453+01:00  INFO 59125 --- [annonceService] [vice-producer-1] org.apache.kafka.clients.Metadata        : [Producer clientId=annonceService-producer-1] Rebootstrapping with [localhost/127.0.0.1:9099]
2026-01-12T21:52:49.505+01:00  INFO 59125 --- [annonceService] [vice-producer-1] org.apache.kafka.clients.Metadata        : [Producer clientId=annonceService-producer-1] Rebootstrapping with [localhost/127.0.0.1:9099]
2026-01-12T21:52:49.556+01:00  INFO 59125 --- [annonceService] [vice-producer-1] org.apache.kafka.clients.Metadata        : [Producer clientId=annonceService-producer-1] Rebootstrapping with [localhost/127.0.0.1:9099]
2026-01-12T21:52:49.607+01:00  INFO 59125 --- [annonceService] [vice-producer-1] org.apache.kafka.clients.Metadata        : [Producer clientId=annonceService-producer-1] Rebootstrapping with [localhost/127.0.0.1:9099]
2026-01-12T21:52:49.658+01:00  INFO 59125 --- [annonceService] [vice-producer-1] org.apache.kafka.clients.Metadata        : [Producer clientId=annonceService-producer-1] Rebootstrapping with [localhost/127.0.0.1:9099]
2026-01-12T21:52:49.712+01:00  INFO 59125 --- [annonceService] [vice-producer-1] org.apache.kafka.clients.NetworkClient   : [Producer clientId=annonceService-producer-1] Node -1 disconnected.
2026-01-12T21:52:49.736+01:00  WARN 59125 --- [annonceService] [vice-producer-1] org.apache.kafka.clients.NetworkClient   : [Producer clientId=annonceService-producer-1] Connection to node -1 (localhost/127.0.0.1:9099) could not be established. Node may not be available.
2026-01-12T21:52:49.736+01:00  WARN 59125 --- [annonceService] [vice-producer-1] org.apache.kafka.clients.NetworkClient   : [Producer clientId=annonceService-producer-1] Bootstrap broker localhost:9099 (id: -1 rack: null isFenced: false) disconnected
2026-01-12T21:52:50.658+01:00  INFO 59125 --- [annonceService] [vice-producer-1] org.apache.kafka.clients.Metadata        : [Producer clientId=annonceService-producer-1] Rebootstrapping with [localhost/127.0.0.1:9099]
2026-01-12T21:52:50.714+01:00  INFO 59125 --- [annonceService] [vice-producer-1] org.apache.kafka.clients.NetworkClient   : [Producer clientId=annonceService-producer-1] Node -1 disconnected.
2026-01-12T21:52:50.714+01:00  WARN 59125 --- [annonceService] [vice-producer-1] org.apache.kafka.clients.NetworkClient   : [Producer clientId=annonceService-producer-1] Connection to node -1 (localhost/127.0.0.1:9099) could not be established. Node may not be available.
2026-01-12T21:52:50.714+01:00  WARN 59125 --- [annonceService] [vice-producer-1] org.apache.kafka.clients.NetworkClient   : [Producer clientId=annonceService-producer-1] Bootstrap broker localhost:9099 (id: -1 rack: null isFenced: false) disconnected
2026-01-12T21:52:51.588+01:00  INFO 59125 --- [annonceService] [vice-producer-1] org.apache.kafka.clients.NetworkClient   : [Producer clientId=annonceService-producer-1] Node -1 disconnected.
2026-01-12T21:52:51.588+01:00  WARN 59125 --- [annonceService] [vice-producer-1] org.apache.kafka.clients.NetworkClient   : [Producer clientId=annonceService-producer-1] Connection to node -1 (localhost/127.0.0.1:9099) could not be established. Node may not be available.
2026-01-12T21:52:51.588+01:00  WARN 59125 --- [annonceService] [vice-producer-1] org.apache.kafka.clients.NetworkClient   : [Producer clientId=annonceService-producer-1] Bootstrap broker localhost:9099 (id: -1 rack: null isFenced: false) disconnected
2026-01-12T21:52:52.462+01:00  INFO 59125 --- [annonceService] [vice-producer-1] org.apache.kafka.clients.NetworkClient   : [Producer clientId=annonceService-producer-1] Node -1 disconnected.
2026-01-12T21:52:52.463+01:00  WARN 59125 --- [annonceService] [vice-producer-1] org.apache.kafka.clients.NetworkClient   : [Producer clientId=annonceService-producer-1] Connection to node -1 (localhost/127.0.0.1:9099) could not be established. Node may not be available.
2026-01-12T21:52:52.463+01:00  WARN 59125 --- [annonceService] [vice-producer-1] org.apache.kafka.clients.NetworkClient   : [Producer clientId=annonceService-producer-1] Bootstrap broker localhost:9099 (id: -1 rack: null isFenced: false) disconnected
2026-01-12T21:52:52.589+01:00  INFO 59125 --- [annonceService] [vice-producer-1] org.apache.kafka.clients.Metadata        : [Producer clientId=annonceService-producer-1] Rebootstrapping with [localhost/127.0.0.1:9099]
2026-01-12T21:52:52.641+01:00  INFO 59125 --- [annonceService] [vice-producer-1] org.apache.kafka.clients.Metadata        : [Producer clientId=annonceService-producer-1] Rebootstrapping with [localhost/127.0.0.1:9099]
2026-01-12T21:52:52.692+01:00  INFO 59125 --- [annonceService] [vice-producer-1] org.apache.kafka.clients.Metadata        : [Producer clientId=annonceService-producer-1] Rebootstrapping with [localhost/127.0.0.1:9099]
2026-01-12T21:52:52.745+01:00  INFO 59125 --- [annonceService] [vice-producer-1] org.apache.kafka.clients.Metadata        : [Producer clientId=annonceService-producer-1] Rebootstrapping with [localhost/127.0.0.1:9099]
2026-01-12T21:52:52.796+01:00  INFO 59125 --- [annonceService] [vice-producer-1] org.apache.kafka.clients.Metadata        : [Producer clientId=annonceService-producer-1] Rebootstrapping with [localhost/127.0.0.1:9099]
2026-01-12T21:52:52.849+01:00  INFO 59125 --- [annonceService] [vice-producer-1] org.apache.kafka.clients.Metadata        : [Producer clientId=annonceService-producer-1] Rebootstrapping with [localhost/127.0.0.1:9099]
2026-01-12T21:52:52.900+01:00  INFO 59125 --- [annonceService] [vice-producer-1] org.apache.kafka.clients.Metadata        : [Producer clientId=annonceService-producer-1] Rebootstrapping with [localhost/127.0.0.1:9099]
2026-01-12T21:52:52.952+01:00  INFO 59125 --- [annonceService] [vice-producer-1] org.apache.kafka.clients.Metadata        : [Producer clientId=annonceService-producer-1] Rebootstrapping with [localhost/127.0.0.1:9099]
2026-01-12T21:52:53.003+01:00  INFO 59125 --- [annonceService] [vice-producer-1] org.apache.kafka.clients.Metadata        : [Producer clientId=annonceService-producer-1] Rebootstrapping with [localhost/127.0.0.1:9099]
2026-01-12T21:52:53.055+01:00  INFO 59125 --- [annonceService] [vice-producer-1] org.apache.kafka.clients.Metadata        : [Producer clientId=annonceService-producer-1] Rebootstrapping with [localhost/127.0.0.1:9099]
2026-01-12T21:52:53.107+01:00  INFO 59125 --- [annonceService] [vice-producer-1] org.apache.kafka.clients.Metadata        : [Producer clientId=annonceService-producer-1] Rebootstrapping with [localhost/127.0.0.1:9099]
2026-01-12T21:52:53.158+01:00  INFO 59125 --- [annonceService] [vice-producer-1] org.apache.kafka.clients.Metadata        : [Producer clientId=annonceService-producer-1] Rebootstrapping with [localhost/127.0.0.1:9099]
2026-01-12T21:52:53.163+01:00 ERROR 59125 --- [annonceService] [nio-9094-exec-6] o.s.k.support.LoggingProducerListener    : Exception thrown when sending a message with key='null' and payload='AnnonceCreatedEvent(annonce=AnnonceDTO(id=null, description=description, bloodType=AB+, urgentLevel=...' to topic annonce-created-topic:

org.apache.kafka.common.errors.TimeoutException: Topic annonce-created-topic not present in metadata after 60000 ms.

2026-01-12T21:52:53.174+01:00 ERROR 59125 --- [annonceService] [nio-9094-exec-6] o.e.a.Exception.GlobalExceptionHandler   : Erreur inattendue: Send failed

org.springframework.kafka.KafkaException: Send failed
	at org.springframework.kafka.core.KafkaTemplate.doSend(KafkaTemplate.java:869) ~[spring-kafka-4.0.0.jar:4.0.0]
	at org.springframework.kafka.core.KafkaTemplate.observeSend(KafkaTemplate.java:826) ~[spring-kafka-4.0.0.jar:4.0.0]
	at org.springframework.kafka.core.KafkaTemplate.send(KafkaTemplate.java:601) ~[spring-kafka-4.0.0.jar:4.0.0]
	at org.example.annonceservice.Producer.AnnonceEventProducer.publishAnnonceCreated(AnnonceEventProducer.java:17) ~[classes/:na]
	at org.example.annonceservice.Service.AnnonceService.create(AnnonceService.java:278) ~[classes/:na]
	at java.base/jdk.internal.reflect.NativeMethodAccessorImpl.invoke0(Native Method) ~[na:na]
	at java.base/jdk.internal.reflect.NativeMethodAccessorImpl.invoke(NativeMethodAccessorImpl.java:77) ~[na:na]
	at java.base/jdk.internal.reflect.DelegatingMethodAccessorImpl.invoke(DelegatingMethodAccessorImpl.java:43) ~[na:na]
	at java.base/java.lang.reflect.Method.invoke(Method.java:569) ~[na:na]
	at org.springframework.aop.support.AopUtils.invokeJoinpointUsingReflection(AopUtils.java:359) ~[spring-aop-7.0.1.jar:7.0.1]
	at org.springframework.aop.framework.CglibAopProxy$DynamicAdvisedInterceptor.intercept(CglibAopProxy.java:715) ~[spring-aop-7.0.1.jar:7.0.1]
	at org.example.annonceservice.Service.AnnonceService$$SpringCGLIB$$0.create(<generated>) ~[classes/:na]
	at org.example.annonceservice.Controller.AnnonceController.create(AnnonceController.java:44) ~[classes/:na]
	at java.base/jdk.internal.reflect.NativeMethodAccessorImpl.invoke0(Native Method) ~[na:na]
	at java.base/jdk.internal.reflect.NativeMethodAccessorImpl.invoke(NativeMethodAccessorImpl.java:77) ~[na:na]
	at java.base/jdk.internal.reflect.DelegatingMethodAccessorImpl.invoke(DelegatingMethodAccessorImpl.java:43) ~[na:na]
	at java.base/java.lang.reflect.Method.invoke(Method.java:569) ~[na:na]
	at org.springframework.web.method.support.InvocableHandlerMethod.doInvoke(InvocableHandlerMethod.java:258) ~[spring-web-7.0.1.jar:7.0.1]
	at org.springframework.web.method.support.InvocableHandlerMethod.invokeForRequest(InvocableHandlerMethod.java:190) ~[spring-web-7.0.1.jar:7.0.1]
	at org.springframework.web.servlet.mvc.method.annotation.ServletInvocableHandlerMethod.invokeAndHandle(ServletInvocableHandlerMethod.java:117) ~[spring-webmvc-7.0.1.jar:7.0.1]
	at org.springframework.web.servlet.mvc.method.annotation.RequestMappingHandlerAdapter.invokeHandlerMethod(RequestMappingHandlerAdapter.java:934) ~[spring-webmvc-7.0.1.jar:7.0.1]
	at org.springframework.web.servlet.mvc.method.annotation.RequestMappingHandlerAdapter.handleInternal(RequestMappingHandlerAdapter.java:853) ~[spring-webmvc-7.0.1.jar:7.0.1]
	at org.springframework.web.servlet.mvc.method.AbstractHandlerMethodAdapter.handle(AbstractHandlerMethodAdapter.java:86) ~[spring-webmvc-7.0.1.jar:7.0.1]
	at org.springframework.web.servlet.DispatcherServlet.doDispatch(DispatcherServlet.java:963) ~[spring-webmvc-7.0.1.jar:7.0.1]
	at org.springframework.web.servlet.DispatcherServlet.doService(DispatcherServlet.java:866) ~[spring-webmvc-7.0.1.jar:7.0.1]
	at org.springframework.web.servlet.FrameworkServlet.processRequest(FrameworkServlet.java:1003) ~[spring-webmvc-7.0.1.jar:7.0.1]
	at org.springframework.web.servlet.FrameworkServlet.doPost(FrameworkServlet.java:903) ~[spring-webmvc-7.0.1.jar:7.0.1]
	at jakarta.servlet.http.HttpServlet.service(HttpServlet.java:649) ~[tomcat-embed-core-11.0.14.jar:6.1]
	at org.springframework.web.servlet.FrameworkServlet.service(FrameworkServlet.java:874) ~[spring-webmvc-7.0.1.jar:7.0.1]
	at jakarta.servlet.http.HttpServlet.service(HttpServlet.java:710) ~[tomcat-embed-core-11.0.14.jar:6.1]
	at org.apache.catalina.core.ApplicationFilterChain.doFilter(ApplicationFilterChain.java:128) ~[tomcat-embed-core-11.0.14.jar:11.0.14]
	at org.apache.tomcat.websocket.server.WsFilter.doFilter(WsFilter.java:53) ~[tomcat-embed-websocket-11.0.14.jar:11.0.14]
	at org.apache.catalina.core.ApplicationFilterChain.doFilter(ApplicationFilterChain.java:107) ~[tomcat-embed-core-11.0.14.jar:11.0.14]
	at org.springframework.cloud.gateway.server.mvc.filter.WeightCalculatorFilter.doFilter(WeightCalculatorFilter.java:233) ~[spring-cloud-gateway-server-webmvc-5.0.0.jar:5.0.0]
	at org.apache.catalina.core.ApplicationFilterChain.doFilter(ApplicationFilterChain.java:107) ~[tomcat-embed-core-11.0.14.jar:11.0.14]
	at org.springframework.cloud.gateway.server.mvc.filter.FormFilter.doFilter(FormFilter.java:93) ~[spring-cloud-gateway-server-webmvc-5.0.0.jar:5.0.0]
	at org.apache.catalina.core.ApplicationFilterChain.doFilter(ApplicationFilterChain.java:107) ~[tomcat-embed-core-11.0.14.jar:11.0.14]
	at org.springframework.web.filter.RequestContextFilter.doFilterInternal(RequestContextFilter.java:100) ~[spring-web-7.0.1.jar:7.0.1]
	at org.springframework.web.filter.OncePerRequestFilter.doFilter(OncePerRequestFilter.java:116) ~[spring-web-7.0.1.jar:7.0.1]
	at org.apache.catalina.core.ApplicationFilterChain.doFilter(ApplicationFilterChain.java:107) ~[tomcat-embed-core-11.0.14.jar:11.0.14]
	at org.springframework.web.filter.FormContentFilter.doFilterInternal(FormContentFilter.java:93) ~[spring-web-7.0.1.jar:7.0.1]
	at org.springframework.web.filter.OncePerRequestFilter.doFilter(OncePerRequestFilter.java:116) ~[spring-web-7.0.1.jar:7.0.1]
	at org.apache.catalina.core.ApplicationFilterChain.doFilter(ApplicationFilterChain.java:107) ~[tomcat-embed-core-11.0.14.jar:11.0.14]
	at org.springframework.web.filter.CharacterEncodingFilter.doFilterInternal(CharacterEncodingFilter.java:199) ~[spring-web-7.0.1.jar:7.0.1]
	at org.springframework.web.filter.OncePerRequestFilter.doFilter(OncePerRequestFilter.java:116) ~[spring-web-7.0.1.jar:7.0.1]
	at org.apache.catalina.core.ApplicationFilterChain.doFilter(ApplicationFilterChain.java:107) ~[tomcat-embed-core-11.0.14.jar:11.0.14]
	at org.apache.catalina.core.StandardWrapperValve.invoke(StandardWrapperValve.java:165) ~[tomcat-embed-core-11.0.14.jar:11.0.14]
	at org.apache.catalina.core.StandardContextValve.invoke(StandardContextValve.java:77) ~[tomcat-embed-core-11.0.14.jar:11.0.14]
	at org.apache.catalina.authenticator.AuthenticatorBase.invoke(AuthenticatorBase.java:482) ~[tomcat-embed-core-11.0.14.jar:11.0.14]
	at org.apache.catalina.core.StandardHostValve.invoke(StandardHostValve.java:113) ~[tomcat-embed-core-11.0.14.jar:11.0.14]
	at org.apache.catalina.valves.ErrorReportValve.invoke(ErrorReportValve.java:83) ~[tomcat-embed-core-11.0.14.jar:11.0.14]
	at org.apache.catalina.core.StandardEngineValve.invoke(StandardEngineValve.java:72) ~[tomcat-embed-core-11.0.14.jar:11.0.14]
	at org.apache.catalina.connector.CoyoteAdapter.service(CoyoteAdapter.java:341) ~[tomcat-embed-core-11.0.14.jar:11.0.14]
	at org.apache.coyote.http11.Http11Processor.service(Http11Processor.java:397) ~[tomcat-embed-core-11.0.14.jar:11.0.14]
	at org.apache.coyote.AbstractProcessorLight.process(AbstractProcessorLight.java:63) ~[tomcat-embed-core-11.0.14.jar:11.0.14]
	at org.apache.coyote.AbstractProtocol$ConnectionHandler.process(AbstractProtocol.java:903) ~[tomcat-embed-core-11.0.14.jar:11.0.14]
	at org.apache.tomcat.util.net.NioEndpoint$SocketProcessor.doRun(NioEndpoint.java:1778) ~[tomcat-embed-core-11.0.14.jar:11.0.14]
	at org.apache.tomcat.util.net.SocketProcessorBase.run(SocketProcessorBase.java:52) ~[tomcat-embed-core-11.0.14.jar:11.0.14]
	at org.apache.tomcat.util.threads.ThreadPoolExecutor.runWorker(ThreadPoolExecutor.java:946) ~[tomcat-embed-core-11.0.14.jar:11.0.14]
	at org.apache.tomcat.util.threads.ThreadPoolExecutor$Worker.run(ThreadPoolExecutor.java:480) ~[tomcat-embed-core-11.0.14.jar:11.0.14]
	at org.apache.tomcat.util.threads.TaskThread$WrappingRunnable.run(TaskThread.java:57) ~[tomcat-embed-core-11.0.14.jar:11.0.14]
	at java.base/java.lang.Thread.run(Thread.java:840) ~[na:na]
Caused by: org.apache.kafka.common.errors.TimeoutException: Topic annonce-created-topic not present in metadata after 60000 ms.

2026-01-12T21:52:53.210+01:00  INFO 59125 --- [annonceService] [vice-producer-1] org.apache.kafka.clients.Metadata        : [Producer clientId=annonceService-producer-1] Rebootstrapping with [localhost/127.0.0.1:9099]
2026-01-12T21:52:53.261+01:00  INFO 59125 --- [annonceService] [vice-producer-1] org.apache.kafka.clients.Metadata        : [Producer clientId=annonceService-producer-1] Rebootstrapping with [localhost/127.0.0.1:9099]
2026-01-12T21:52:53.313+01:00  INFO 59125 --- [annonceService] [vice-producer-1] org.apache.kafka.clients.Metadata        : [Producer clientId=annonceService-producer-1] Rebootstrapping with [localhost/127.0.0.1:9099]
2026-01-12T21:52:53.370+01:00  INFO 59125 --- [annonceService] [vice-producer-1] org.apache.kafka.clients.NetworkClient   : [Producer clientId=annonceService-producer-1] Node -1 disconnected.
2026-01-12T21:52:53.370+01:00  WARN 59125 --- [annonceService] [vice-producer-1] org.apache.kafka.clients.NetworkClient   : [Producer clientId=annonceService-producer-1] Connection to node -1 (localhost/127.0.0.1:9099) could not be established. Node may not be available.
2026-01-12T21:52:53.370+01:00  WARN 59125 --- [annonceService] [vice-producer-1] org.apache.kafka.clients.NetworkClient   : [Producer clientId=annonceService-producer-1] Bootstrap broker localhost:9099 (id: -1 rack: null isFenced: false) disconnected
2026-01-12T21:52:54.297+01:00  INFO 59125 --- [annonceService] [vice-producer-1] org.apache.kafka.clients.NetworkClient   : [Producer clientId=annonceService-producer-1] Node -1 disconnected.
2026-01-12T21:52:54.297+01:00  WARN 59125 --- [annonceService] [vice-producer-1] org.apache.kafka.clients.NetworkClient   : [Producer clientId=annonceService-producer-1] Connection to node -1 (localhost/127.0.0.1:9099) could not be established. Node may not be available.
2026-01-12T21:52:54.297+01:00  WARN 59125 --- [annonceService] [vice-producer-1] org.apache.kafka.clients.NetworkClient   : [Producer clientId=annonceService-producer-1] Bootstrap broker localhost:9099 (id: -1 rack: null isFenced: false) disconnected
2026-01-12T21:52:54.399+01:00  INFO 59125 --- [annonceService] [vice-producer-1] org.apache.kafka.clients.Metadata        : [Producer clientId=annonceService-producer-1] Rebootstrapping with [localhost/127.0.0.1:9099]
2026-01-12T21:52:54.450+01:00  INFO 59125 --- [annonceService] [vice-producer-1] org.apache.kafka.clients.Metadata        : [Producer clientId=annonceService-producer-1] Rebootstrapping with [localhost/127.0.0.1:9099]
2026-01-12T21:52:54.502+01:00  INFO 59125 --- [annonceService] [vice-producer-1] org.apache.kafka.clients.Metadata        : [Producer clientId=annonceService-producer-1] Rebootstrapping with [localhost/127.0.0.1:9099]
2026-01-12T21:52:54.553+01:00  INFO 59125 --- [annonceService] [vice-producer-1] org.apache.kafka.clients.Metadata        : [Producer clientId=annonceService-producer-1] Rebootstrapping with [localhost/127.0.0.1:9099]
2026-01-12T21:52:54.605+01:00  INFO 59125 --- [annonceService] [vice-producer-1] org.apache.kafka.clients.Metadata        : [Producer clientId=annonceService-producer-1] Rebootstrapping with [localhost/127.0.0.1:9099]
2026-01-12T21:52:54.657+01:00  INFO 59125 --- [annonceService] [vice-producer-1] org.apache.kafka.clients.Metadata        : [Producer clientId=annonceService-producer-1] Rebootstrapping with [localhost/127.0.0.1:9099]
2026-01-12T21:52:54.709+01:00  INFO 59125 --- [annonceService] [vice-producer-1] org.apache.kafka.clients.Metadata        : [Producer clientId=annonceService-producer-1] Rebootstrapping with [localhost/127.0.0.1:9099]
2026-01-12T21:52:54.761+01:00  INFO 59125 --- [annonceService] [vice-producer-1] org.apache.kafka.clients.Metadata        : [Producer clientId=annonceService-producer-1] Rebootstrapping with [localhost/127.0.0.1:9099]
2026-01-12T21:52:54.812+01:00  INFO 59125 --- [annonceService] [vice-producer-1] org.apache.kafka.clients.Metadata        : [Producer clientId=annonceService-producer-1] Rebootstrapping with [localhost/127.0.0.1:9099]
2026-01-12T21:52:54.863+01:00  INFO 59125 --- [annonceService] [vice-producer-1] org.apache.kafka.clients.Metadata        : [Producer clientId=annonceService-producer-1] Rebootstrapping with [localhost/127.0.0.1:9099]
2026-01-12T21:52:54.915+01:00  INFO 59125 --- [annonceService] [vice-producer-1] org.apache.kafka.clients.Metadata        : [Producer clientId=annonceService-producer-1] Rebootstrapping with [localhost/127.0.0.1:9099]
2026-01-12T21:52:54.967+01:00  INFO 59125 --- [annonceService] [vice-producer-1] org.apache.kafka.clients.Metadata        : [Producer clientId=annonceService-producer-1] Rebootstrapping with [localhost/127.0.0.1:9099]
2026-01-12T21:52:55.019+01:00  INFO 59125 --- [annonceService] [vice-producer-1] org.apache.kafka.clients.Metadata        : [Producer clientId=annonceService-producer-1] Rebootstrapping with [localhost/127.0.0.1:9099]
2026-01-12T21:52:55.070+01:00  INFO 59125 --- [annonceService] [vice-producer-1] org.apache.kafka.clients.Metadata        : [Producer clientId=annonceService-producer-1] Rebootstrapping with [localhost/127.0.0.1:9099]
2026-01-12T21:52:55.120+01:00  INFO 59125 --- [annonceService] [vice-producer-1] org.apache.kafka.clients.Metadata        : [Producer clientId=annonceService-producer-1] Rebootstrapping with [localhost/127.0.0.1:9099]
2026-01-12T21:52:55.172+01:00  INFO 59125 --- [annonceService] [vice-producer-1] org.apache.kafka.clients.Metadata        : [Producer clientId=annonceService-producer-1] Rebootstrapping with [localhost/127.0.0.1:9099]
2026-01-12T21:52:55.225+01:00  INFO 59125 --- [annonceService] [vice-producer-1] org.apache.kafka.clients.NetworkClient   : [Producer clientId=annonceService-producer-1] Node -1 disconnected.
2026-01-12T21:52:55.225+01:00  WARN 59125 --- [annonceService] [vice-producer-1] org.apache.kafka.clients.NetworkClient   : [Producer clientId=annonceService-producer-1] Connection to node -1 (localhost/127.0.0.1:9099) could not be established. Node may not be available.
2026-01-12T21:52:55.225+01:00  WARN 59125 --- [annonceService] [vice-producer-1] org.apache.kafka.clients.NetworkClient   : [Producer clientId=annonceService-producer-1] Bootstrap broker localhost:9099 (id: -1 rack: null isFenced: false) disconnected
2026-01-12T21:52:56.094+01:00  INFO 59125 --- [annonceService] [vice-producer-1] org.apache.kafka.clients.NetworkClient   : [Producer clientId=annonceService-producer-1] Node -1 disconnected.
2026-01-12T21:52:56.095+01:00  WARN 59125 --- [annonceService] [vice-producer-1] org.apache.kafka.clients.NetworkClient   : [Producer clientId=annonceService-producer-1] Connection to node -1 (localhost/127.0.0.1:9099) could not be established. Node may not be available.
2026-01-12T21:52:56.095+01:00  WARN 59125 --- [annonceService] [vice-producer-1] org.apache.kafka.clients.NetworkClient   : [Producer clientId=annonceService-producer-1] Bootstrap broker localhost:9099 (id: -1 rack: null isFenced: false) disconnected
2026-01-12T21:52:56.199+01:00  INFO 59125 --- [annonceService] [vice-producer-1] org.apache.kafka.clients.Metadata        : [Producer clientId=annonceService-producer-1] Rebootstrapping with [localhost/127.0.0.1:9099]
2026-01-12T21:52:56.252+01:00  INFO 59125 --- [annonceService] [vice-producer-1] org.apache.kafka.clients.Metadata        : [Producer clientId=annonceService-producer-1] Rebootstrapping with [localhost/127.0.0.1:9099]
2026-01-12T21:52:56.303+01:00  INFO 59125 --- [annonceService] [vice-producer-1] org.apache.kafka.clients.Metadata        : [Producer clientId=annonceService-producer-1] Rebootstrapping with [localhost/127.0.0.1:9099]
2026-01-12T21:52:56.354+01:00  INFO 59125 --- [annonceService] [vice-producer-1] org.apache.kafka.clients.Metadata        : [Producer clientId=annonceService-producer-1] Rebootstrapping with [localhost/127.0.0.1:9099]
2026-01-12T21:52:56.406+01:00  INFO 59125 --- [annonceService] [vice-producer-1] org.apache.kafka.clients.Metadata        : [Producer clientId=annonceService-producer-1] Rebootstrapping with [localhost/127.0.0.1:9099]
2026-01-12T21:52:56.458+01:00  INFO 59125 --- [annonceService] [vice-producer-1] org.apache.kafka.clients.Metadata        : [Producer clientId=annonceService-producer-1] Rebootstrapping with [localhost/127.0.0.1:9099]
2026-01-12T21:52:56.511+01:00  INFO 59125 --- [annonceService] [vice-producer-1] org.apache.kafka.clients.Metadata        : [Producer clientId=annonceService-producer-1] Rebootstrapping with [localhost/127.0.0.1:9099]
2026-01-12T21:52:56.563+01:00  INFO 59125 --- [annonceService] [vice-producer-1] org.apache.kafka.clients.Metadata        : [Producer clientId=annonceService-producer-1] Rebootstrapping with [localhost/127.0.0.1:9099]
2026-01-12T21:52:56.615+01:00  INFO 59125 --- [annonceService] [vice-producer-1] org.apache.kafka.clients.Metadata        : [Producer clientId=annonceService-producer-1] Rebootstrapping with [localhost/127.0.0.1:9099]
2026-01-12T21:52:56.669+01:00  INFO 59125 --- [annonceService] [vice-producer-1] org.apache.kafka.clients.Metadata        : [Producer clientId=annonceService-producer-1] Rebootstrapping with [localhost/127.0.0.1:9099]
2026-01-12T21:52:56.720+01:00  INFO 59125 --- [annonceService] [vice-producer-1] org.apache.kafka.clients.Metadata        : [Producer clientId=annonceService-producer-1] Rebootstrapping with [localhost/127.0.0.1:9099]
2026-01-12T21:52:56.771+01:00  INFO 59125 --- [annonceService] [vice-producer-1] org.apache.kafka.clients.Metadata        : [Producer clientId=annonceService-producer-1] Rebootstrapping with [localhost/127.0.0.1:9099]
2026-01-12T21:52:56.822+01:00  INFO 59125 --- [annonceService] [vice-producer-1] org.apache.kafka.clients.Metadata        : [Producer clientId=annonceService-producer-1] Rebootstrapping with [localhost/127.0.0.1:9099]
2026-01-12T21:52:56.874+01:00  INFO 59125 --- [annonceService] [vice-producer-1] org.apache.kafka.clients.Metadata        : [Producer clientId=annonceService-producer-1] Rebootstrapping with [localhost/127.0.0.1:9099]
2026-01-12T21:52:56.927+01:00  INFO 59125 --- [annonceService] [vice-producer-1] org.apache.kafka.clients.NetworkClient   : [Producer clientId=annonceService-producer-1] Node -1 disconnected.
2026-01-12T21:52:56.927+01:00  WARN 59125 --- [annonceService] [vice-producer-1] org.apache.kafka.clients.NetworkClient   : [Producer clientId=annonceService-producer-1] Connection to node -1 (localhost/127.0.0.1:9099) could not be established. Node may not be available.
2026-01-12T21:52:56.927+01:00  WARN 59125 --- [annonceService] [vice-producer-1] org.apache.kafka.clients.NetworkClient   : [Producer clientId=annonceService-producer-1] Bootstrap broker localhost:9099 (id: -1 rack: null isFenced: false) disconnected
2026-01-12T21:52:57.849+01:00  INFO 59125 --- [annonceService] [vice-producer-1] org.apache.kafka.clients.NetworkClient   : [Producer clientId=annonceService-producer-1] Node -1 disconnected.
2026-01-12T21:52:57.849+01:00  WARN 59125 --- [annonceService] [vice-producer-1] org.apache.kafka.clients.NetworkClient   : [Producer clientId=annonceService-producer-1] Connection to node -1 (localhost/127.0.0.1:9099) could not be established. Node may not be available.
2026-01-12T21:52:57.849+01:00  WARN 59125 --- [annonceService] [vice-producer-1] org.apache.kafka.clients.NetworkClient   : [Producer clientId=annonceService-producer-1] Bootstrap broker localhost:9099 (id: -1 rack: null isFenced: false) disconnected
2026-01-12T21:52:57.954+01:00  INFO 59125 --- [annonceService] [vice-producer-1] org.apache.kafka.clients.Metadata        : [Producer clientId=annonceService-producer-1] Rebootstrapping with [localhost/127.0.0.1:9099]
2026-01-12T21:52:58.005+01:00  INFO 59125 --- [annonceService] [vice-producer-1] org.apache.kafka.clients.Metadata        : [Producer clientId=annonceService-producer-1] Rebootstrapping with [localhost/127.0.0.1:9099]
2026-01-12T21:52:58.056+01:00  INFO 59125 --- [annonceService] [vice-producer-1] org.apache.kafka.clients.Metadata        : [Producer clientId=annonceService-producer-1] Rebootstrapping with [localhost/127.0.0.1:9099]
2026-01-12T21:52:58.108+01:00  INFO 59125 --- [annonceService] [vice-producer-1] org.apache.kafka.clients.Metadata        : [Producer clientId=annonceService-producer-1] Rebootstrapping with [localhost/127.0.0.1:9099]
2026-01-12T21:52:58.159+01:00  INFO 59125 --- [annonceService] [vice-producer-1] org.apache.kafka.clients.Metadata        : [Producer clientId=annonceService-producer-1] Rebootstrapping with [localhost/127.0.0.1:9099]
2026-01-12T21:52:58.211+01:00  INFO 59125 --- [annonceService] [vice-producer-1] org.apache.kafka.clients.Metadata        : [Producer clientId=annonceService-producer-1] Rebootstrapping with [localhost/127.0.0.1:9099]
2026-01-12T21:52:58.263+01:00  INFO 59125 --- [annonceService] [vice-producer-1] org.apache.kafka.clients.Metadata        : [Producer clientId=annonceService-producer-1] Rebootstrapping with [localhost/127.0.0.1:9099]
2026-01-12T21:52:58.314+01:00  INFO 59125 --- [annonceService] [vice-producer-1] org.apache.kafka.clients.Metadata        : [Producer clientId=annonceService-producer-1] Rebootstrapping with [localhost/127.0.0.1:9099]
2026-01-12T21:52:58.366+01:00  INFO 59125 --- [annonceService] [vice-producer-1] org.apache.kafka.clients.Metadata        : [Producer clientId=annonceService-producer-1] Rebootstrapping with [localhost/127.0.0.1:9099]
2026-01-12T21:52:58.417+01:00  INFO 59125 --- [annonceService] [vice-producer-1] org.apache.kafka.clients.Metadata        : [Producer clientId=annonceService-producer-1] Rebootstrapping with [localhost/127.0.0.1:9099]
2026-01-12T21:52:58.469+01:00  INFO 59125 --- [annonceService] [vice-producer-1] org.apache.kafka.clients.Metadata        : [Producer clientId=annonceService-producer-1] Rebootstrapping with [localhost/127.0.0.1:9099]
2026-01-12T21:52:58.520+01:00  INFO 59125 --- [annonceService] [vice-producer-1] org.apache.kafka.clients.Metadata        : [Producer clientId=annonceService-producer-1] Rebootstrapping with [localhost/127.0.0.1:9099]
2026-01-12T21:52:58.571+01:00  INFO 59125 --- [annonceService] [vice-producer-1] org.apache.kafka.clients.Metadata        : [Producer clientId=annonceService-producer-1] Rebootstrapping with [localhost/127.0.0.1:9099]
2026-01-12T21:52:58.622+01:00  INFO 59125 --- [annonceService] [vice-producer-1] org.apache.kafka.clients.Metadata        : [Producer clientId=annonceService-producer-1] Rebootstrapping with [localhost/127.0.0.1:9099]
2026-01-12T21:52:58.674+01:00  INFO 59125 --- [annonceService] [vice-producer-1] org.apache.kafka.clients.Metadata        : [Producer clientId=annonceService-producer-1] Rebootstrapping with [localhost/127.0.0.1:9099]
2026-01-12T21:52:58.725+01:00  INFO 59125 --- [annonceService] [vice-producer-1] org.apache.kafka.clients.NetworkClient   : [Producer clientId=annonceService-producer-1] Node -1 disconnected.
2026-01-12T21:52:58.725+01:00  WARN 59125 --- [annonceService] [vice-producer-1] org.apache.kafka.clients.NetworkClient   : [Producer clientId=annonceService-producer-1] Connection to node -1 (localhost/127.0.0.1:9099) could not be established. Node may not be available.
2026-01-12T21:52:58.725+01:00  WARN 59125 --- [annonceService] [vice-producer-1] org.apache.kafka.clients.NetworkClient   : [Producer clientId=annonceService-producer-1] Bootstrap broker localhost:9099 (id: -1 rack: null isFenced: false) disconnected
2026-01-12T21:52:59.729+01:00  INFO 59125 --- [annonceService] [vice-producer-1] org.apache.kafka.clients.NetworkClient   : [Producer clientId=annonceService-producer-1] Node -1 disconnected.
2026-01-12T21:52:59.729+01:00  WARN 59125 --- [annonceService] [vice-producer-1] org.apache.kafka.clients.NetworkClient   : [Producer clientId=annonceService-producer-1] Connection to node -1 (localhost/127.0.0.1:9099) could not be established. Node may not be available.
2026-01-12T21:52:59.729+01:00  WARN 59125 --- [annonceService] [vice-producer-1] org.apache.kafka.clients.NetworkClient   : [Producer clientId=annonceService-producer-1] Bootstrap broker localhost:9099 (id: -1 rack: null isFenced: false) disconnected
2026-01-12T21:53:00.671+01:00  INFO 59125 --- [annonceService] [vice-producer-1] org.apache.kafka.clients.NetworkClient   : [Producer clientId=annonceService-producer-1] Node -1 disconnected.
2026-01-12T21:53:00.671+01:00  WARN 59125 --- [annonceService] [vice-producer-1] org.apache.kafka.clients.NetworkClient   : [Producer clientId=annonceService-producer-1] Connection to node -1 (localhost/127.0.0.1:9099) could not be established. Node may not be available.
2026-01-12T21:53:00.671+01:00  WARN 59125 --- [annonceService] [vice-producer-1] org.apache.kafka.clients.NetworkClient   : [Producer clientId=annonceService-producer-1] Bootstrap broker localhost:9099 (id: -1 rack: null isFenced: false) disconnected
2026-01-12T21:53:01.642+01:00  INFO 59125 --- [annonceService] [vice-producer-1] org.apache.kafka.clients.Metadata        : [Producer clientId=annonceService-producer-1] Rebootstrapping with [localhost/127.0.0.1:9099]
2026-01-12T21:53:01.696+01:00  INFO 59125 --- [annonceService] [vice-producer-1] org.apache.kafka.clients.NetworkClient   : [Producer clientId=annonceService-producer-1] Node -1 disconnected.
2026-01-12T21:53:01.696+01:00  WARN 59125 --- [annonceService] [vice-producer-1] org.apache.kafka.clients.NetworkClient   : [Producer clientId=annonceService-producer-1] Connection to node -1 (localhost/127.0.0.1:9099) could not be established. Node may not be available.
2026-01-12T21:53:01.696+01:00  WARN 59125 --- [annonceService] [vice-producer-1] org.apache.kafka.clients.NetworkClient   : [Producer clientId=annonceService-producer-1] Bootstrap broker localhost:9099 (id: -1 rack: null isFenced: false) disconnected
2026-01-12T21:53:02.519+01:00  INFO 59125 --- [annonceService] [vice-producer-1] org.apache.kafka.clients.NetworkClient   : [Producer clientId=annonceService-producer-1] Node -1 disconnected.
2026-01-12T21:53:02.520+01:00  WARN 59125 --- [annonceService] [vice-producer-1] org.apache.kafka.clients.NetworkClient   : [Producer clientId=annonceService-producer-1] Connection to node -1 (localhost/127.0.0.1:9099) could not be established. Node may not be available.
2026-01-12T21:53:02.520+01:00  WARN 59125 --- [annonceService] [vice-producer-1] org.apache.kafka.clients.NetworkClient   : [Producer clientId=annonceService-producer-1] Bootstrap broker localhost:9099 (id: -1 rack: null isFenced: false) disconnected
2026-01-12T21:53:02.697+01:00  INFO 59125 --- [annonceService] [vice-producer-1] org.apache.kafka.clients.Metadata        : [Producer clientId=annonceService-producer-1] Rebootstrapping with [localhost/127.0.0.1:9099]
2026-01-12T21:53:02.748+01:00  INFO 59125 --- [annonceService] [vice-producer-1] org.apache.kafka.clients.Metadata        : [Producer clientId=annonceService-producer-1] Rebootstrapping with [localhost/127.0.0.1:9099]
2026-01-12T21:53:02.799+01:00  INFO 59125 --- [annonceService] [vice-producer-1] org.apache.kafka.clients.Metadata        : [Producer clientId=annonceService-producer-1] Rebootstrapping with [localhost/127.0.0.1:9099]
2026-01-12T21:53:02.850+01:00  INFO 59125 --- [annonceService] [vice-producer-1] org.apache.kafka.clients.Metadata        : [Producer clientId=annonceService-producer-1] Rebootstrapping with [localhost/127.0.0.1:9099]
2026-01-12T21:53:02.902+01:00  INFO 59125 --- [annonceService] [vice-producer-1] org.apache.kafka.clients.Metadata        : [Producer clientId=annonceService-producer-1] Rebootstrapping with [localhost/127.0.0.1:9099]
2026-01-12T21:53:02.954+01:00  INFO 59125 --- [annonceService] [vice-producer-1] org.apache.kafka.clients.Metadata        : [Producer clientId=annonceService-producer-1] Rebootstrapping with [localhost/127.0.0.1:9099]
2026-01-12T21:53:03.005+01:00  INFO 59125 --- [annonceService] [vice-producer-1] org.apache.kafka.clients.Metadata        : [Producer clientId=annonceService-producer-1] Rebootstrapping with [localhost/127.0.0.1:9099]
2026-01-12T21:53:03.057+01:00  INFO 59125 --- [annonceService] [vice-producer-1] org.apache.kafka.clients.Metadata        : [Producer clientId=annonceService-producer-1] Rebootstrapping with [localhost/127.0.0.1:9099]
2026-01-12T21:53:03.108+01:00  INFO 59125 --- [annonceService] [vice-producer-1] org.apache.kafka.clients.Metadata        : [Producer clientId=annonceService-producer-1] Rebootstrapping with [localhost/127.0.0.1:9099]
2026-01-12T21:53:03.160+01:00  INFO 59125 --- [annonceService] [vice-producer-1] org.apache.kafka.clients.Metadata        : [Producer clientId=annonceService-producer-1] Rebootstrapping with [localhost/127.0.0.1:9099]
2026-01-12T21:53:03.212+01:00  INFO 59125 --- [annonceService] [vice-producer-1] org.apache.kafka.clients.Metadata        : [Producer clientId=annonceService-producer-1] Rebootstrapping with [localhost/127.0.0.1:9099]
2026-01-12T21:53:03.263+01:00  INFO 59125 --- [annonceService] [vice-producer-1] org.apache.kafka.clients.Metadata        : [Producer clientId=annonceService-producer-1] Rebootstrapping with [localhost/127.0.0.1:9099]
2026-01-12T21:53:03.315+01:00  INFO 59125 --- [annonceService] [vice-producer-1] org.apache.kafka.clients.Metadata        : [Producer clientId=annonceService-producer-1] Rebootstrapping with [localhost/127.0.0.1:9099]
2026-01-12T21:53:03.366+01:00  INFO 59125 --- [annonceService] [vice-producer-1] org.apache.kafka.clients.Metadata        : [Producer clientId=annonceService-producer-1] Rebootstrapping with [localhost/127.0.0.1:9099]
2026-01-12T21:53:03.418+01:00  INFO 59125 --- [annonceService] [vice-producer-1] org.apache.kafka.clients.Metadata        : [Producer clientId=annonceService-producer-1] Rebootstrapping with [localhost/127.0.0.1:9099]
2026-01-12T21:53:03.468+01:00  INFO 59125 --- [annonceService] [vice-producer-1] org.apache.kafka.clients.Metadata        : [Producer clientId=annonceService-producer-1] Rebootstrapping with [localhost/127.0.0.1:9099]
2026-01-12T21:53:03.521+01:00  INFO 59125 --- [annonceService] [vice-producer-1] org.apache.kafka.clients.NetworkClient   : [Producer clientId=annonceService-producer-1] Node -1 disconnected.
2026-01-12T21:53:03.521+01:00  WARN 59125 --- [annonceService] [vice-producer-1] org.apache.kafka.clients.NetworkClient   : [Producer clientId=annonceService-producer-1] Connection to node -1 (localhost/127.0.0.1:9099) could not be established. Node may not be available.
2026-01-12T21:53:03.521+01:00  WARN 59125 --- [annonceService] [vice-producer-1] org.apache.kafka.clients.NetworkClient   : [Producer clientId=annonceService-producer-1] Bootstrap broker localhost:9099 (id: -1 rack: null isFenced: false) disconnected
2026-01-12T21:53:04.410+01:00  INFO 59125 --- [annonceService] [vice-producer-1] org.apache.kafka.clients.Metadata        : [Producer clientId=annonceService-producer-1] Rebootstrapping with [localhost/127.0.0.1:9099]
2026-01-12T21:53:04.492+01:00  INFO 59125 --- [annonceService] [vice-producer-1] org.apache.kafka.clients.NetworkClient   : [Producer clientId=annonceService-producer-1] Node -1 disconnected.
2026-01-12T21:53:04.492+01:00  WARN 59125 --- [annonceService] [vice-producer-1] org.apache.kafka.clients.NetworkClient   : [Producer clientId=annonceService-producer-1] Connection to node -1 (localhost/127.0.0.1:9099) could not be established. Node may not be available.
2026-01-12T21:53:04.492+01:00  WARN 59125 --- [annonceService] [vice-producer-1] org.apache.kafka.clients.NetworkClient   : [Producer clientId=annonceService-producer-1] Bootstrap broker localhost:9099 (id: -1 rack: null isFenced: false) disconnected
2026-01-12T21:53:04.595+01:00  INFO 59125 --- [annonceService] [vice-producer-1] org.apache.kafka.clients.Metadata        : [Producer clientId=annonceService-producer-1] Rebootstrapping with [localhost/127.0.0.1:9099]
2026-01-12T21:53:04.647+01:00  INFO 59125 --- [annonceService] [vice-producer-1] org.apache.kafka.clients.Metadata        : [Producer clientId=annonceService-producer-1] Rebootstrapping with [localhost/127.0.0.1:9099]
2026-01-12T21:53:04.698+01:00  INFO 59125 --- [annonceService] [vice-producer-1] org.apache.kafka.clients.Metadata        : [Producer clientId=annonceService-producer-1] Rebootstrapping with [localhost/127.0.0.1:9099]
2026-01-12T21:53:04.749+01:00  INFO 59125 --- [annonceService] [vice-producer-1] org.apache.kafka.clients.Metadata        : [Producer clientId=annonceService-producer-1] Rebootstrapping with [localhost/127.0.0.1:9099]
2026-01-12T21:53:04.801+01:00  INFO 59125 --- [annonceService] [vice-producer-1] org.apache.kafka.clients.Metadata        : [Producer clientId=annonceService-producer-1] Rebootstrapping with [localhost/127.0.0.1:9099]
2026-01-12T21:53:04.852+01:00  INFO 59125 --- [annonceService] [vice-producer-1] org.apache.kafka.clients.Metadata        : [Producer clientId=annonceService-producer-1] Rebootstrapping with [localhost/127.0.0.1:9099]
2026-01-12T21:53:04.903+01:00  INFO 59125 --- [annonceService] [vice-producer-1] org.apache.kafka.clients.Metadata        : [Producer clientId=annonceService-producer-1] Rebootstrapping with [localhost/127.0.0.1:9099]
2026-01-12T21:53:04.954+01:00  INFO 59125 --- [annonceService] [vice-producer-1] org.apache.kafka.clients.Metadata        : [Producer clientId=annonceService-producer-1] Rebootstrapping with [localhost/127.0.0.1:9099]
2026-01-12T21:53:05.005+01:00  INFO 59125 --- [annonceService] [vice-producer-1] org.apache.kafka.clients.Metadata        : [Producer clientId=annonceService-producer-1] Rebootstrapping with [localhost/127.0.0.1:9099]
2026-01-12T21:53:05.056+01:00  INFO 59125 --- [annonceService] [vice-producer-1] org.apache.kafka.clients.Metadata        : [Producer clientId=annonceService-producer-1] Rebootstrapping with [localhost/127.0.0.1:9099]
2026-01-12T21:53:05.108+01:00  INFO 59125 --- [annonceService] [vice-producer-1] org.apache.kafka.clients.Metadata        : [Producer clientId=annonceService-producer-1] Rebootstrapping with [localhost/127.0.0.1:9099]
2026-01-12T21:53:05.158+01:00  INFO 59125 --- [annonceService] [vice-producer-1] org.apache.kafka.clients.Metadata        : [Producer clientId=annonceService-producer-1] Rebootstrapping with [localhost/127.0.0.1:9099]
2026-01-12T21:53:05.209+01:00  INFO 59125 --- [annonceService] [vice-producer-1] org.apache.kafka.clients.Metadata        : [Producer clientId=annonceService-producer-1] Rebootstrapping with [localhost/127.0.0.1:9099]
2026-01-12T21:53:05.260+01:00  INFO 59125 --- [annonceService] [vice-producer-1] org.apache.kafka.clients.Metadata        : [Producer clientId=annonceService-producer-1] Rebootstrapping with [localhost/127.0.0.1:9099]
2026-01-12T21:53:05.311+01:00  INFO 59125 --- [annonceService] [vice-producer-1] org.apache.kafka.clients.Metadata        : [Producer clientId=annonceService-producer-1] Rebootstrapping with [localhost/127.0.0.1:9099]
2026-01-12T21:53:05.363+01:00  INFO 59125 --- [annonceService] [vice-producer-1] org.apache.kafka.clients.Metadata        : [Producer clientId=annonceService-producer-1] Rebootstrapping with [localhost/127.0.0.1:9099]
2026-01-12T21:53:05.414+01:00  INFO 59125 --- [annonceService] [vice-producer-1] org.apache.kafka.clients.Metadata        : [Producer clientId=annonceService-producer-1] Rebootstrapping with [localhost/127.0.0.1:9099]
2026-01-12T21:53:05.465+01:00  INFO 59125 --- [annonceService] [vice-producer-1] org.apache.kafka.clients.Metadata        : [Producer clientId=annonceService-producer-1] Rebootstrapping with [localhost/127.0.0.1:9099]
2026-01-12T21:53:05.518+01:00  INFO 59125 --- [annonceService] [vice-producer-1] org.apache.kafka.clients.NetworkClient   : [Producer clientId=annonceService-producer-1] Node -1 disconnected.
2026-01-12T21:53:05.518+01:00  WARN 59125 --- [annonceService] [vice-producer-1] org.apache.kafka.clients.NetworkClient   : [Producer clientId=annonceService-producer-1] Connection to node -1 (localhost/127.0.0.1:9099) could not be established. Node may not be available.
2026-01-12T21:53:05.518+01:00  WARN 59125 --- [annonceService] [vice-producer-1] org.apache.kafka.clients.NetworkClient   : [Producer clientId=annonceService-producer-1] Bootstrap broker localhost:9099 (id: -1 rack: null isFenced: false) disconnected
2026-01-12T21:53:06.490+01:00  INFO 59125 --- [annonceService] [vice-producer-1] org.apache.kafka.clients.Metadata        : [Producer clientId=annonceService-producer-1] Rebootstrapping with [localhost/127.0.0.1:9099]
2026-01-12T21:53:06.542+01:00  INFO 59125 --- [annonceService] [vice-producer-1] org.apache.kafka.clients.NetworkClient   : [Producer clientId=annonceService-producer-1] Node -1 disconnected.
2026-01-12T21:53:06.542+01:00  WARN 59125 --- [annonceService] [vice-producer-1] org.apache.kafka.clients.NetworkClient   : [Producer clientId=annonceService-producer-1] Connection to node -1 (localhost/127.0.0.1:9099) could not be established. Node may not be available.
2026-01-12T21:53:06.542+01:00  WARN 59125 --- [annonceService] [vice-producer-1] org.apache.kafka.clients.NetworkClient   : [Producer clientId=annonceService-producer-1] Bootstrap broker localhost:9099 (id: -1 rack: null isFenced: false) disconnected
2026-01-12T21:53:07.458+01:00  INFO 59125 --- [annonceService] [vice-producer-1] org.apache.kafka.clients.Metadata        : [Producer clientId=annonceService-producer-1] Rebootstrapping with [localhost/127.0.0.1:9099]
2026-01-12T21:53:07.510+01:00  INFO 59125 --- [annonceService] [vice-producer-1] org.apache.kafka.clients.NetworkClient   : [Producer clientId=annonceService-producer-1] Node -1 disconnected.
2026-01-12T21:53:07.511+01:00  WARN 59125 --- [annonceService] [vice-producer-1] org.apache.kafka.clients.NetworkClient   : [Producer clientId=annonceService-producer-1] Connection to node -1 (localhost/127.0.0.1:9099) could not be established. Node may not be available.
2026-01-12T21:53:07.511+01:00  WARN 59125 --- [annonceService] [vice-producer-1] org.apache.kafka.clients.NetworkClient   : [Producer clientId=annonceService-producer-1] Bootstrap broker localhost:9099 (id: -1 rack: null isFenced: false) disconnected
2026-01-12T21:53:07.616+01:00  INFO 59125 --- [annonceService] [vice-producer-1] org.apache.kafka.clients.Metadata        : [Producer clientId=annonceService-producer-1] Rebootstrapping with [localhost/127.0.0.1:9099]
2026-01-12T21:53:07.667+01:00  INFO 59125 --- [annonceService] [vice-producer-1] org.apache.kafka.clients.Metadata        : [Producer clientId=annonceService-producer-1] Rebootstrapping with [localhost/127.0.0.1:9099]
2026-01-12T21:53:07.718+01:00  INFO 59125 --- [annonceService] [vice-producer-1] org.apache.kafka.clients.Metadata        : [Producer clientId=annonceService-producer-1] Rebootstrapping with [localhost/127.0.0.1:9099]
2026-01-12T21:53:07.770+01:00  INFO 59125 --- [annonceService] [vice-producer-1] org.apache.kafka.clients.Metadata        : [Producer clientId=annonceService-producer-1] Rebootstrapping with [localhost/127.0.0.1:9099]
2026-01-12T21:53:07.820+01:00  INFO 59125 --- [annonceService] [vice-producer-1] org.apache.kafka.clients.Metadata        : [Producer clientId=annonceService-producer-1] Rebootstrapping with [localhost/127.0.0.1:9099]
2026-01-12T21:53:07.872+01:00  INFO 59125 --- [annonceService] [vice-producer-1] org.apache.kafka.clients.Metadata        : [Producer clientId=annonceService-producer-1] Rebootstrapping with [localhost/127.0.0.1:9099]
2026-01-12T21:53:07.922+01:00  INFO 59125 --- [annonceService] [vice-producer-1] org.apache.kafka.clients.Metadata        : [Producer clientId=annonceService-producer-1] Rebootstrapping with [localhost/127.0.0.1:9099]
2026-01-12T21:53:07.974+01:00  INFO 59125 --- [annonceService] [vice-producer-1] org.apache.kafka.clients.Metadata        : [Producer clientId=annonceService-producer-1] Rebootstrapping with [localhost/127.0.0.1:9099]
2026-01-12T21:53:08.024+01:00  INFO 59125 --- [annonceService] [vice-producer-1] org.apache.kafka.clients.Metadata        : [Producer clientId=annonceService-producer-1] Rebootstrapping with [localhost/127.0.0.1:9099]
2026-01-12T21:53:08.075+01:00  INFO 59125 --- [annonceService] [vice-producer-1] org.apache.kafka.clients.Metadata        : [Producer clientId=annonceService-producer-1] Rebootstrapping with [localhost/127.0.0.1:9099]
2026-01-12T21:53:08.127+01:00  INFO 59125 --- [annonceService] [vice-producer-1] org.apache.kafka.clients.Metadata        : [Producer clientId=annonceService-producer-1] Rebootstrapping with [localhost/127.0.0.1:9099]
2026-01-12T21:53:08.178+01:00  INFO 59125 --- [annonceService] [vice-producer-1] org.apache.kafka.clients.Metadata        : [Producer clientId=annonceService-producer-1] Rebootstrapping with [localhost/127.0.0.1:9099]
2026-01-12T21:53:08.230+01:00  INFO 59125 --- [annonceService] [vice-producer-1] org.apache.kafka.clients.Metadata        : [Producer clientId=annonceService-producer-1] Rebootstrapping with [localhost/127.0.0.1:9099]
2026-01-12T21:53:08.281+01:00  INFO 59125 --- [annonceService] [vice-producer-1] org.apache.kafka.clients.Metadata        : [Producer clientId=annonceService-producer-1] Rebootstrapping with [localhost/127.0.0.1:9099]
2026-01-12T21:53:08.333+01:00  INFO 59125 --- [annonceService] [vice-producer-1] org.apache.kafka.clients.Metadata        : [Producer clientId=annonceService-producer-1] Rebootstrapping with [localhost/127.0.0.1:9099]
2026-01-12T21:53:08.384+01:00  INFO 59125 --- [annonceService] [vice-producer-1] org.apache.kafka.clients.Metadata        : [Producer clientId=annonceService-producer-1] Rebootstrapping with [localhost/127.0.0.1:9099]
2026-01-12T21:53:08.436+01:00  INFO 59125 --- [annonceService] [vice-producer-1] org.apache.kafka.clients.Metadata        : [Producer clientId=annonceService-producer-1] Rebootstrapping with [localhost/127.0.0.1:9099]
2026-01-12T21:53:08.487+01:00  INFO 59125 --- [annonceService] [vice-producer-1] org.apache.kafka.clients.Metadata        : [Producer clientId=annonceService-producer-1] Rebootstrapping with [localhost/127.0.0.1:9099]
2026-01-12T21:53:08.543+01:00  INFO 59125 --- [annonceService] [vice-producer-1] org.apache.kafka.clients.NetworkClient   : [Producer clientId=annonceService-producer-1] Node -1 disconnected.
2026-01-12T21:53:08.544+01:00  WARN 59125 --- [annonceService] [vice-producer-1] org.apache.kafka.clients.NetworkClient   : [Producer clientId=annonceService-producer-1] Connection to node -1 (localhost/127.0.0.1:9099) could not be established. Node may not be available.
2026-01-12T21:53:08.544+01:00  WARN 59125 --- [annonceService] [vice-producer-1] org.apache.kafka.clients.NetworkClient   : [Producer clientId=annonceService-producer-1] Bootstrap broker localhost:9099 (id: -1 rack: null isFenced: false) disconnected
2026-01-12T21:53:09.423+01:00  INFO 59125 --- [annonceService] [vice-producer-1] org.apache.kafka.clients.Metadata        : [Producer clientId=annonceService-producer-1] Rebootstrapping with [localhost/127.0.0.1:9099]
2026-01-12T21:53:09.525+01:00  INFO 59125 --- [annonceService] [vice-producer-1] org.apache.kafka.clients.Metadata        : [Producer clientId=annonceService-producer-1] Rebootstrapping with [localhost/127.0.0.1:9099]
2026-01-12T21:53:09.577+01:00  INFO 59125 --- [annonceService] [vice-producer-1] org.apache.kafka.clients.NetworkClient   : [Producer clientId=annonceService-producer-1] Node -1 disconnected.
2026-01-12T21:53:09.577+01:00  WARN 59125 --- [annonceService] [vice-producer-1] org.apache.kafka.clients.NetworkClient   : [Producer clientId=annonceService-producer-1] Connection to node -1 (localhost/127.0.0.1:9099) could not be established. Node may not be available.
2026-01-12T21:53:09.577+01:00  WARN 59125 --- [annonceService] [vice-producer-1] org.apache.kafka.clients.NetworkClient   : [Producer clientId=annonceService-producer-1] Bootstrap broker localhost:9099 (id: -1 rack: null isFenced: false) disconnected
2026-01-12T21:53:10.441+01:00  INFO 59125 --- [annonceService] [vice-producer-1] org.apache.kafka.clients.NetworkClient   : [Producer clientId=annonceService-producer-1] Node -1 disconnected.
2026-01-12T21:53:10.441+01:00  WARN 59125 --- [annonceService] [vice-producer-1] org.apache.kafka.clients.NetworkClient   : [Producer clientId=annonceService-producer-1] Connection to node -1 (localhost/127.0.0.1:9099) could not be established. Node may not be available.
2026-01-12T21:53:10.441+01:00  WARN 59125 --- [annonceService] [vice-producer-1] org.apache.kafka.clients.NetworkClient   : [Producer clientId=annonceService-producer-1] Bootstrap broker localhost:9099 (id: -1 rack: null isFenced: false) disconnected
2026-01-12T21:53:11.319+01:00  INFO 59125 --- [annonceService] [vice-producer-1] org.apache.kafka.clients.Metadata        : [Producer clientId=annonceService-producer-1] Rebootstrapping with [localhost/127.0.0.1:9099]
2026-01-12T21:53:11.371+01:00  INFO 59125 --- [annonceService] [vice-producer-1] org.apache.kafka.clients.Metadata        : [Producer clientId=annonceService-producer-1] Rebootstrapping with [localhost/127.0.0.1:9099]
2026-01-12T21:53:11.444+01:00  INFO 59125 --- [annonceService] [vice-producer-1] org.apache.kafka.clients.NetworkClient   : [Producer clientId=annonceService-producer-1] Node -1 disconnected.
2026-01-12T21:53:11.444+01:00  WARN 59125 --- [annonceService] [vice-producer-1] org.apache.kafka.clients.NetworkClient   : [Producer clientId=annonceService-producer-1] Connection to node -1 (localhost/127.0.0.1:9099) could not be established. Node may not be available.
2026-01-12T21:53:11.445+01:00  WARN 59125 --- [annonceService] [vice-producer-1] org.apache.kafka.clients.NetworkClient   : [Producer clientId=annonceService-producer-1] Bootstrap broker localhost:9099 (id: -1 rack: null isFenced: false) disconnected
2026-01-12T21:53:12.315+01:00  INFO 59125 --- [annonceService] [vice-producer-1] org.apache.kafka.clients.Metadata        : [Producer clientId=annonceService-producer-1] Rebootstrapping with [localhost/127.0.0.1:9099]
2026-01-12T21:53:12.366+01:00  INFO 59125 --- [annonceService] [vice-producer-1] org.apache.kafka.clients.NetworkClient   : [Producer clientId=annonceService-producer-1] Node -1 disconnected.
2026-01-12T21:53:12.366+01:00  WARN 59125 --- [annonceService] [vice-producer-1] org.apache.kafka.clients.NetworkClient   : [Producer clientId=annonceService-producer-1] Connection to node -1 (localhost/127.0.0.1:9099) could not be established. Node may not be available.
2026-01-12T21:53:12.368+01:00  WARN 59125 --- [annonceService] [vice-producer-1] org.apache.kafka.clients.NetworkClient   : [Producer clientId=annonceService-producer-1] Bootstrap broker localhost:9099 (id: -1 rack: null isFenced: false) disconnected
2026-01-12T21:53:12.470+01:00  INFO 59125 --- [annonceService] [vice-producer-1] org.apache.kafka.clients.Metadata        : [Producer clientId=annonceService-producer-1] Rebootstrapping with [localhost/127.0.0.1:9099]
2026-01-12T21:53:12.522+01:00  INFO 59125 --- [annonceService] [vice-producer-1] org.apache.kafka.clients.Metadata        : [Producer clientId=annonceService-producer-1] Rebootstrapping with [localhost/127.0.0.1:9099]
2026-01-12T21:53:12.573+01:00  INFO 59125 --- [annonceService] [vice-producer-1] org.apache.kafka.clients.Metadata        : [Producer clientId=annonceService-producer-1] Rebootstrapping with [localhost/127.0.0.1:9099]
2026-01-12T21:53:12.624+01:00  INFO 59125 --- [annonceService] [vice-producer-1] org.apache.kafka.clients.Metadata        : [Producer clientId=annonceService-producer-1] Rebootstrapping with [localhost/127.0.0.1:9099]
2026-01-12T21:53:12.676+01:00  INFO 59125 --- [annonceService] [vice-producer-1] org.apache.kafka.clients.Metadata        : [Producer clientId=annonceService-producer-1] Rebootstrapping with [localhost/127.0.0.1:9099]
2026-01-12T21:53:12.728+01:00  INFO 59125 --- [annonceService] [vice-producer-1] org.apache.kafka.clients.Metadata        : [Producer clientId=annonceService-producer-1] Rebootstrapping with [localhost/127.0.0.1:9099]
2026-01-12T21:53:12.779+01:00  INFO 59125 --- [annonceService] [vice-producer-1] org.apache.kafka.clients.Metadata        : [Producer clientId=annonceService-producer-1] Rebootstrapping with [localhost/127.0.0.1:9099]
2026-01-12T21:53:12.830+01:00  INFO 59125 --- [annonceService] [vice-producer-1] org.apache.kafka.clients.Metadata        : [Producer clientId=annonceService-producer-1] Rebootstrapping with [localhost/127.0.0.1:9099]
2026-01-12T21:53:12.880+01:00  INFO 59125 --- [annonceService] [vice-producer-1] org.apache.kafka.clients.Metadata        : [Producer clientId=annonceService-producer-1] Rebootstrapping with [localhost/127.0.0.1:9099]
2026-01-12T21:53:12.932+01:00  INFO 59125 --- [annonceService] [vice-producer-1] org.apache.kafka.clients.Metadata        : [Producer clientId=annonceService-producer-1] Rebootstrapping with [localhost/127.0.0.1:9099]
2026-01-12T21:53:12.982+01:00  INFO 59125 --- [annonceService] [vice-producer-1] org.apache.kafka.clients.Metadata        : [Producer clientId=annonceService-producer-1] Rebootstrapping with [localhost/127.0.0.1:9099]
2026-01-12T21:53:13.034+01:00  INFO 59125 --- [annonceService] [vice-producer-1] org.apache.kafka.clients.Metadata        : [Producer clientId=annonceService-producer-1] Rebootstrapping with [localhost/127.0.0.1:9099]
2026-01-12T21:53:13.085+01:00  INFO 59125 --- [annonceService] [vice-producer-1] org.apache.kafka.clients.Metadata        : [Producer clientId=annonceService-producer-1] Rebootstrapping with [localhost/127.0.0.1:9099]
2026-01-12T21:53:13.136+01:00  INFO 59125 --- [annonceService] [vice-producer-1] org.apache.kafka.clients.Metadata        : [Producer clientId=annonceService-producer-1] Rebootstrapping with [localhost/127.0.0.1:9099]
2026-01-12T21:53:13.187+01:00  INFO 59125 --- [annonceService] [vice-producer-1] org.apache.kafka.clients.Metadata        : [Producer clientId=annonceService-producer-1] Rebootstrapping with [localhost/127.0.0.1:9099]
2026-01-12T21:53:13.238+01:00  INFO 59125 --- [annonceService] [vice-producer-1] org.apache.kafka.clients.Metadata        : [Producer clientId=annonceService-producer-1] Rebootstrapping with [localhost/127.0.0.1:9099]
2026-01-12T21:53:13.289+01:00  INFO 59125 --- [annonceService] [vice-producer-1] org.apache.kafka.clients.Metadata        : [Producer clientId=annonceService-producer-1] Rebootstrapping with [localhost/127.0.0.1:9099]
2026-01-12T21:53:13.341+01:00  INFO 59125 --- [annonceService] [vice-producer-1] org.apache.kafka.clients.Metadata        : [Producer clientId=annonceService-producer-1] Rebootstrapping with [localhost/127.0.0.1:9099]
2026-01-12T21:53:13.393+01:00  INFO 59125 --- [annonceService] [vice-producer-1] org.apache.kafka.clients.NetworkClient   : [Producer clientId=annonceService-producer-1] Node -1 disconnected.
2026-01-12T21:53:13.393+01:00  WARN 59125 --- [annonceService] [vice-producer-1] org.apache.kafka.clients.NetworkClient   : [Producer clientId=annonceService-producer-1] Connection to node -1 (localhost/127.0.0.1:9099) could not be established. Node may not be available.
2026-01-12T21:53:13.393+01:00  WARN 59125 --- [annonceService] [vice-producer-1] org.apache.kafka.clients.NetworkClient   : [Producer clientId=annonceService-producer-1] Bootstrap broker localhost:9099 (id: -1 rack: null isFenced: false) disconnected
2026-01-12T21:53:14.351+01:00  INFO 59125 --- [annonceService] [vice-producer-1] org.apache.kafka.clients.NetworkClient   : [Producer clientId=annonceService-producer-1] Node -1 disconnected.
2026-01-12T21:53:14.352+01:00  WARN 59125 --- [annonceService] [vice-producer-1] org.apache.kafka.clients.NetworkClient   : [Producer clientId=annonceService-producer-1] Connection to node -1 (localhost/127.0.0.1:9099) could not be established. Node may not be available.
2026-01-12T21:53:14.352+01:00  WARN 59125 --- [annonceService] [vice-producer-1] org.apache.kafka.clients.NetworkClient   : [Producer clientId=annonceService-producer-1] Bootstrap broker localhost:9099 (id: -1 rack: null isFenced: false) disconnected
2026-01-12T21:53:14.455+01:00  INFO 59125 --- [annonceService] [vice-producer-1] org.apache.kafka.clients.Metadata        : [Producer clientId=annonceService-producer-1] Rebootstrapping with [localhost/127.0.0.1:9099]
2026-01-12T21:53:14.506+01:00  INFO 59125 --- [annonceService] [vice-producer-1] org.apache.kafka.clients.Metadata        : [Producer clientId=annonceService-producer-1] Rebootstrapping with [localhost/127.0.0.1:9099]
2026-01-12T21:53:14.557+01:00  INFO 59125 --- [annonceService] [vice-producer-1] org.apache.kafka.clients.Metadata        : [Producer clientId=annonceService-producer-1] Rebootstrapping with [localhost/127.0.0.1:9099]
2026-01-12T21:53:14.609+01:00  INFO 59125 --- [annonceService] [vice-producer-1] org.apache.kafka.clients.Metadata        : [Producer clientId=annonceService-producer-1] Rebootstrapping with [localhost/127.0.0.1:9099]
2026-01-12T21:53:14.660+01:00  INFO 59125 --- [annonceService] [vice-producer-1] org.apache.kafka.clients.Metadata        : [Producer clientId=annonceService-producer-1] Rebootstrapping with [localhost/127.0.0.1:9099]
2026-01-12T21:53:14.710+01:00  INFO 59125 --- [annonceService] [vice-producer-1] org.apache.kafka.clients.Metadata        : [Producer clientId=annonceService-producer-1] Rebootstrapping with [localhost/127.0.0.1:9099]
2026-01-12T21:53:14.762+01:00  INFO 59125 --- [annonceService] [vice-producer-1] org.apache.kafka.clients.Metadata        : [Producer clientId=annonceService-producer-1] Rebootstrapping with [localhost/127.0.0.1:9099]
2026-01-12T21:53:14.813+01:00  INFO 59125 --- [annonceService] [vice-producer-1] org.apache.kafka.clients.Metadata        : [Producer clientId=annonceService-producer-1] Rebootstrapping with [localhost/127.0.0.1:9099]
2026-01-12T21:53:14.864+01:00  INFO 59125 --- [annonceService] [vice-producer-1] org.apache.kafka.clients.Metadata        : [Producer clientId=annonceService-producer-1] Rebootstrapping with [localhost/127.0.0.1:9099]
2026-01-12T21:53:14.915+01:00  INFO 59125 --- [annonceService] [vice-producer-1] org.apache.kafka.clients.Metadata        : [Producer clientId=annonceService-producer-1] Rebootstrapping with [localhost/127.0.0.1:9099]
2026-01-12T21:53:14.966+01:00  INFO 59125 --- [annonceService] [vice-producer-1] org.apache.kafka.clients.Metadata        : [Producer clientId=annonceService-producer-1] Rebootstrapping with [localhost/127.0.0.1:9099]
2026-01-12T21:53:15.019+01:00  INFO 59125 --- [annonceService] [vice-producer-1] org.apache.kafka.clients.Metadata        : [Producer clientId=annonceService-producer-1] Rebootstrapping with [localhost/127.0.0.1:9099]
2026-01-12T21:53:15.070+01:00  INFO 59125 --- [annonceService] [vice-producer-1] org.apache.kafka.clients.Metadata        : [Producer clientId=annonceService-producer-1] Rebootstrapping with [localhost/127.0.0.1:9099]
2026-01-12T21:53:15.121+01:00  INFO 59125 --- [annonceService] [vice-producer-1] org.apache.kafka.clients.Metadata        : [Producer clientId=annonceService-producer-1] Rebootstrapping with [localhost/127.0.0.1:9099]
2026-01-12T21:53:15.172+01:00  INFO 59125 --- [annonceService] [vice-producer-1] org.apache.kafka.clients.NetworkClient   : [Producer clientId=annonceService-producer-1] Node -1 disconnected.
2026-01-12T21:53:15.173+01:00  WARN 59125 --- [annonceService] [vice-producer-1] org.apache.kafka.clients.NetworkClient   : [Producer clientId=annonceService-producer-1] Connection to node -1 (localhost/127.0.0.1:9099) could not be established. Node may not be available.
2026-01-12T21:53:15.173+01:00  WARN 59125 --- [annonceService] [vice-producer-1] org.apache.kafka.clients.NetworkClient   : [Producer clientId=annonceService-producer-1] Bootstrap broker localhost:9099 (id: -1 rack: null isFenced: false) disconnected
2026-01-12T21:53:16.041+01:00  INFO 59125 --- [annonceService] [vice-producer-1] org.apache.kafka.clients.Metadata        : [Producer clientId=annonceService-producer-1] Rebootstrapping with [localhost/127.0.0.1:9099]
2026-01-12T21:53:16.096+01:00  INFO 59125 --- [annonceService] [vice-producer-1] org.apache.kafka.clients.Metadata        : [Producer clientId=annonceService-producer-1] Rebootstrapping with [localhost/127.0.0.1:9099]
2026-01-12T21:53:16.173+01:00  INFO 59125 --- [annonceService] [vice-producer-1] org.apache.kafka.clients.NetworkClient   : [Producer clientId=annonceService-producer-1] Node -1 disconnected.
2026-01-12T21:53:16.173+01:00  WARN 59125 --- [annonceService] [vice-producer-1] org.apache.kafka.clients.NetworkClient   : [Producer clientId=annonceService-producer-1] Connection to node -1 (localhost/127.0.0.1:9099) could not be established. Node may not be available.
2026-01-12T21:53:16.174+01:00  WARN 59125 --- [annonceService] [vice-producer-1] org.apache.kafka.clients.NetworkClient   : [Producer clientId=annonceService-producer-1] Bootstrap broker localhost:9099 (id: -1 rack: null isFenced: false) disconnected
2026-01-12T21:53:17.055+01:00  INFO 59125 --- [annonceService] [vice-producer-1] org.apache.kafka.clients.NetworkClient   : [Producer clientId=annonceService-producer-1] Node -1 disconnected.
2026-01-12T21:53:17.055+01:00  WARN 59125 --- [annonceService] [vice-producer-1] org.apache.kafka.clients.NetworkClient   : [Producer clientId=annonceService-producer-1] Connection to node -1 (localhost/127.0.0.1:9099) could not be established. Node may not be available.
2026-01-12T21:53:17.055+01:00  WARN 59125 --- [annonceService] [vice-producer-1] org.apache.kafka.clients.NetworkClient   : [Producer clientId=annonceService-producer-1] Bootstrap broker localhost:9099 (id: -1 rack: null isFenced: false) disconnected
2026-01-12T21:53:17.176+01:00  INFO 59125 --- [annonceService] [vice-producer-1] org.apache.kafka.clients.Metadata        : [Producer clientId=annonceService-producer-1] Rebootstrapping with [localhost/127.0.0.1:9099]
2026-01-12T21:53:17.234+01:00  INFO 59125 --- [annonceService] [vice-producer-1] org.apache.kafka.clients.Metadata        : [Producer clientId=annonceService-producer-1] Rebootstrapping with [localhost/127.0.0.1:9099]
2026-01-12T21:53:17.286+01:00  INFO 59125 --- [annonceService] [vice-producer-1] org.apache.kafka.clients.Metadata        : [Producer clientId=annonceService-producer-1] Rebootstrapping with [localhost/127.0.0.1:9099]
2026-01-12T21:53:17.337+01:00  INFO 59125 --- [annonceService] [vice-producer-1] org.apache.kafka.clients.Metadata        : [Producer clientId=annonceService-producer-1] Rebootstrapping with [localhost/127.0.0.1:9099]
2026-01-12T21:53:17.389+01:00  INFO 59125 --- [annonceService] [vice-producer-1] org.apache.kafka.clients.Metadata        : [Producer clientId=annonceService-producer-1] Rebootstrapping with [localhost/127.0.0.1:9099]
2026-01-12T21:53:17.440+01:00  INFO 59125 --- [annonceService] [vice-producer-1] org.apache.kafka.clients.Metadata        : [Producer clientId=annonceService-producer-1] Rebootstrapping with [localhost/127.0.0.1:9099]
2026-01-12T21:53:17.492+01:00  INFO 59125 --- [annonceService] [vice-producer-1] org.apache.kafka.clients.Metadata        : [Producer clientId=annonceService-producer-1] Rebootstrapping with [localhost/127.0.0.1:9099]
2026-01-12T21:53:17.543+01:00  INFO 59125 --- [annonceService] [vice-producer-1] org.apache.kafka.clients.Metadata        : [Producer clientId=annonceService-producer-1] Rebootstrapping with [localhost/127.0.0.1:9099]
2026-01-12T21:53:17.603+01:00  INFO 59125 --- [annonceService] [vice-producer-1] org.apache.kafka.clients.Metadata        : [Producer clientId=annonceService-producer-1] Rebootstrapping with [localhost/127.0.0.1:9099]
2026-01-12T21:53:17.654+01:00  INFO 59125 --- [annonceService] [vice-producer-1] org.apache.kafka.clients.Metadata        : [Producer clientId=annonceService-producer-1] Rebootstrapping with [localhost/127.0.0.1:9099]
2026-01-12T21:53:17.705+01:00  INFO 59125 --- [annonceService] [vice-producer-1] org.apache.kafka.clients.Metadata        : [Producer clientId=annonceService-producer-1] Rebootstrapping with [localhost/127.0.0.1:9099]
2026-01-12T21:53:17.756+01:00  INFO 59125 --- [annonceService] [vice-producer-1] org.apache.kafka.clients.Metadata        : [Producer clientId=annonceService-producer-1] Rebootstrapping with [localhost/127.0.0.1:9099]
2026-01-12T21:53:17.807+01:00  INFO 59125 --- [annonceService] [vice-producer-1] org.apache.kafka.clients.Metadata        : [Producer clientId=annonceService-producer-1] Rebootstrapping with [localhost/127.0.0.1:9099]
2026-01-12T21:53:17.858+01:00  INFO 59125 --- [annonceService] [vice-producer-1] org.apache.kafka.clients.Metadata        : [Producer clientId=annonceService-producer-1] Rebootstrapping with [localhost/127.0.0.1:9099]
2026-01-12T21:53:17.911+01:00  INFO 59125 --- [annonceService] [vice-producer-1] org.apache.kafka.clients.NetworkClient   : [Producer clientId=annonceService-producer-1] Node -1 disconnected.
2026-01-12T21:53:17.912+01:00  WARN 59125 --- [annonceService] [vice-producer-1] org.apache.kafka.clients.NetworkClient   : [Producer clientId=annonceService-producer-1] Connection to node -1 (localhost/127.0.0.1:9099) could not be established. Node may not be available.
2026-01-12T21:53:17.912+01:00  WARN 59125 --- [annonceService] [vice-producer-1] org.apache.kafka.clients.NetworkClient   : [Producer clientId=annonceService-producer-1] Bootstrap broker localhost:9099 (id: -1 rack: null isFenced: false) disconnected
2026-01-12T21:53:18.839+01:00  INFO 59125 --- [annonceService] [vice-producer-1] org.apache.kafka.clients.NetworkClient   : [Producer clientId=annonceService-producer-1] Node -1 disconnected.
2026-01-12T21:53:18.839+01:00  WARN 59125 --- [annonceService] [vice-producer-1] org.apache.kafka.clients.NetworkClient   : [Producer clientId=annonceService-producer-1] Connection to node -1 (localhost/127.0.0.1:9099) could not be established. Node may not be available.
2026-01-12T21:53:18.839+01:00  WARN 59125 --- [annonceService] [vice-producer-1] org.apache.kafka.clients.NetworkClient   : [Producer clientId=annonceService-producer-1] Bootstrap broker localhost:9099 (id: -1 rack: null isFenced: false) disconnected
2026-01-12T21:53:19.708+01:00  INFO 59125 --- [annonceService] [vice-producer-1] org.apache.kafka.clients.Metadata        : [Producer clientId=annonceService-producer-1] Rebootstrapping with [localhost/127.0.0.1:9099]
2026-01-12T21:53:19.841+01:00  INFO 59125 --- [annonceService] [vice-producer-1] org.apache.kafka.clients.NetworkClient   : [Producer clientId=annonceService-producer-1] Node -1 disconnected.
2026-01-12T21:53:19.841+01:00  WARN 59125 --- [annonceService] [vice-producer-1] org.apache.kafka.clients.NetworkClient   : [Producer clientId=annonceService-producer-1] Connection to node -1 (localhost/127.0.0.1:9099) could not be established. Node may not be available.
2026-01-12T21:53:19.841+01:00  WARN 59125 --- [annonceService] [vice-producer-1] org.apache.kafka.clients.NetworkClient   : [Producer clientId=annonceService-producer-1] Bootstrap broker localhost:9099 (id: -1 rack: null isFenced: false) disconnected
2026-01-12T21:53:20.661+01:00  INFO 59125 --- [annonceService] [vice-producer-1] org.apache.kafka.clients.Metadata        : [Producer clientId=annonceService-producer-1] Rebootstrapping with [localhost/127.0.0.1:9099]
2026-01-12T21:53:20.714+01:00  INFO 59125 --- [annonceService] [vice-producer-1] org.apache.kafka.clients.NetworkClient   : [Producer clientId=annonceService-producer-1] Node -1 disconnected.
2026-01-12T21:53:20.714+01:00  WARN 59125 --- [annonceService] [vice-producer-1] org.apache.kafka.clients.NetworkClient   : [Producer clientId=annonceService-producer-1] Connection to node -1 (localhost/127.0.0.1:9099) could not be established. Node may not be available.
2026-01-12T21:53:20.714+01:00  WARN 59125 --- [annonceService] [vice-producer-1] org.apache.kafka.clients.NetworkClient   : [Producer clientId=annonceService-producer-1] Bootstrap broker localhost:9099 (id: -1 rack: null isFenced: false) disconnected
2026-01-12T21:53:21.685+01:00  INFO 59125 --- [annonceService] [vice-producer-1] org.apache.kafka.clients.NetworkClient   : [Producer clientId=annonceService-producer-1] Node -1 disconnected.
2026-01-12T21:53:21.685+01:00  WARN 59125 --- [annonceService] [vice-producer-1] org.apache.kafka.clients.NetworkClient   : [Producer clientId=annonceService-producer-1] Connection to node -1 (localhost/127.0.0.1:9099) could not be established. Node may not be available.
2026-01-12T21:53:21.685+01:00  WARN 59125 --- [annonceService] [vice-producer-1] org.apache.kafka.clients.NetworkClient   : [Producer clientId=annonceService-producer-1] Bootstrap broker localhost:9099 (id: -1 rack: null isFenced: false) disconnected
2026-01-12T21:53:21.789+01:00  INFO 59125 --- [annonceService] [vice-producer-1] org.apache.kafka.clients.Metadata        : [Producer clientId=annonceService-producer-1] Rebootstrapping with [localhost/127.0.0.1:9099]
2026-01-12T21:53:21.840+01:00  INFO 59125 --- [annonceService] [vice-producer-1] org.apache.kafka.clients.Metadata        : [Producer clientId=annonceService-producer-1] Rebootstrapping with [localhost/127.0.0.1:9099]
2026-01-12T21:53:21.893+01:00  INFO 59125 --- [annonceService] [vice-producer-1] org.apache.kafka.clients.Metadata        : [Producer clientId=annonceService-producer-1] Rebootstrapping with [localhost/127.0.0.1:9099]
2026-01-12T21:53:21.944+01:00  INFO 59125 --- [annonceService] [vice-producer-1] org.apache.kafka.clients.Metadata        : [Producer clientId=annonceService-producer-1] Rebootstrapping with [localhost/127.0.0.1:9099]
2026-01-12T21:53:21.995+01:00  INFO 59125 --- [annonceService] [vice-producer-1] org.apache.kafka.clients.Metadata        : [Producer clientId=annonceService-producer-1] Rebootstrapping with [localhost/127.0.0.1:9099]
2026-01-12T21:53:22.047+01:00  INFO 59125 --- [annonceService] [vice-producer-1] org.apache.kafka.clients.Metadata        : [Producer clientId=annonceService-producer-1] Rebootstrapping with [localhost/127.0.0.1:9099]
2026-01-12T21:53:22.099+01:00  INFO 59125 --- [annonceService] [vice-producer-1] org.apache.kafka.clients.Metadata        : [Producer clientId=annonceService-producer-1] Rebootstrapping with [localhost/127.0.0.1:9099]
2026-01-12T21:53:22.150+01:00  INFO 59125 --- [annonceService] [vice-producer-1] org.apache.kafka.clients.Metadata        : [Producer clientId=annonceService-producer-1] Rebootstrapping with [localhost/127.0.0.1:9099]
2026-01-12T21:53:22.201+01:00  INFO 59125 --- [annonceService] [vice-producer-1] org.apache.kafka.clients.Metadata        : [Producer clientId=annonceService-producer-1] Rebootstrapping with [localhost/127.0.0.1:9099]
2026-01-12T21:53:22.253+01:00  INFO 59125 --- [annonceService] [vice-producer-1] org.apache.kafka.clients.Metadata        : [Producer clientId=annonceService-producer-1] Rebootstrapping with [localhost/127.0.0.1:9099]
2026-01-12T21:53:22.303+01:00  INFO 59125 --- [annonceService] [vice-producer-1] org.apache.kafka.clients.Metadata        : [Producer clientId=annonceService-producer-1] Rebootstrapping with [localhost/127.0.0.1:9099]
2026-01-12T21:53:22.354+01:00  INFO 59125 --- [annonceService] [vice-producer-1] org.apache.kafka.clients.Metadata        : [Producer clientId=annonceService-producer-1] Rebootstrapping with [localhost/127.0.0.1:9099]
2026-01-12T21:53:22.406+01:00  INFO 59125 --- [annonceService] [vice-producer-1] org.apache.kafka.clients.Metadata        : [Producer clientId=annonceService-producer-1] Rebootstrapping with [localhost/127.0.0.1:9099]
2026-01-12T21:53:22.456+01:00  INFO 59125 --- [annonceService] [vice-producer-1] org.apache.kafka.clients.Metadata        : [Producer clientId=annonceService-producer-1] Rebootstrapping with [localhost/127.0.0.1:9099]
2026-01-12T21:53:22.508+01:00  INFO 59125 --- [annonceService] [vice-producer-1] org.apache.kafka.clients.Metadata        : [Producer clientId=annonceService-producer-1] Rebootstrapping with [localhost/127.0.0.1:9099]
2026-01-12T21:53:22.559+01:00  INFO 59125 --- [annonceService] [vice-producer-1] org.apache.kafka.clients.Metadata        : [Producer clientId=annonceService-producer-1] Rebootstrapping with [localhost/127.0.0.1:9099]
2026-01-12T21:53:22.613+01:00  INFO 59125 --- [annonceService] [vice-producer-1] org.apache.kafka.clients.NetworkClient   : [Producer clientId=annonceService-producer-1] Node -1 disconnected.
2026-01-12T21:53:22.613+01:00  WARN 59125 --- [annonceService] [vice-producer-1] org.apache.kafka.clients.NetworkClient   : [Producer clientId=annonceService-producer-1] Connection to node -1 (localhost/127.0.0.1:9099) could not be established. Node may not be available.
2026-01-12T21:53:22.613+01:00  WARN 59125 --- [annonceService] [vice-producer-1] org.apache.kafka.clients.NetworkClient   : [Producer clientId=annonceService-producer-1] Bootstrap broker localhost:9099 (id: -1 rack: null isFenced: false) disconnected
2026-01-12T21:53:23.487+01:00  INFO 59125 --- [annonceService] [vice-producer-1] org.apache.kafka.clients.NetworkClient   : [Producer clientId=annonceService-producer-1] Node -1 disconnected.
2026-01-12T21:53:23.487+01:00  WARN 59125 --- [annonceService] [vice-producer-1] org.apache.kafka.clients.NetworkClient   : [Producer clientId=annonceService-producer-1] Connection to node -1 (localhost/127.0.0.1:9099) could not be established. Node may not be available.
2026-01-12T21:53:23.487+01:00  WARN 59125 --- [annonceService] [vice-producer-1] org.apache.kafka.clients.NetworkClient   : [Producer clientId=annonceService-producer-1] Bootstrap broker localhost:9099 (id: -1 rack: null isFenced: false) disconnected
2026-01-12T21:53:23.591+01:00  INFO 59125 --- [annonceService] [vice-producer-1] org.apache.kafka.clients.Metadata        : [Producer clientId=annonceService-producer-1] Rebootstrapping with [localhost/127.0.0.1:9099]
2026-01-12T21:53:23.643+01:00  INFO 59125 --- [annonceService] [vice-producer-1] org.apache.kafka.clients.Metadata        : [Producer clientId=annonceService-producer-1] Rebootstrapping with [localhost/127.0.0.1:9099]
2026-01-12T21:53:23.694+01:00  INFO 59125 --- [annonceService] [vice-producer-1] org.apache.kafka.clients.Metadata        : [Producer clientId=annonceService-producer-1] Rebootstrapping with [localhost/127.0.0.1:9099]
2026-01-12T21:53:23.746+01:00  INFO 59125 --- [annonceService] [vice-producer-1] org.apache.kafka.clients.Metadata        : [Producer clientId=annonceService-producer-1] Rebootstrapping with [localhost/127.0.0.1:9099]
2026-01-12T21:53:23.797+01:00  INFO 59125 --- [annonceService] [vice-producer-1] org.apache.kafka.clients.Metadata        : [Producer clientId=annonceService-producer-1] Rebootstrapping with [localhost/127.0.0.1:9099]
2026-01-12T21:53:23.848+01:00  INFO 59125 --- [annonceService] [vice-producer-1] org.apache.kafka.clients.Metadata        : [Producer clientId=annonceService-producer-1] Rebootstrapping with [localhost/127.0.0.1:9099]
2026-01-12T21:53:23.900+01:00  INFO 59125 --- [annonceService] [vice-producer-1] org.apache.kafka.clients.Metadata        : [Producer clientId=annonceService-producer-1] Rebootstrapping with [localhost/127.0.0.1:9099]
2026-01-12T21:53:23.952+01:00  INFO 59125 --- [annonceService] [vice-producer-1] org.apache.kafka.clients.Metadata        : [Producer clientId=annonceService-producer-1] Rebootstrapping with [localhost/127.0.0.1:9099]
2026-01-12T21:53:24.003+01:00  INFO 59125 --- [annonceService] [vice-producer-1] org.apache.kafka.clients.Metadata        : [Producer clientId=annonceService-producer-1] Rebootstrapping with [localhost/127.0.0.1:9099]
2026-01-12T21:53:24.053+01:00  INFO 59125 --- [annonceService] [vice-producer-1] org.apache.kafka.clients.Metadata        : [Producer clientId=annonceService-producer-1] Rebootstrapping with [localhost/127.0.0.1:9099]
2026-01-12T21:53:24.105+01:00  INFO 59125 --- [annonceService] [vice-producer-1] org.apache.kafka.clients.Metadata        : [Producer clientId=annonceService-producer-1] Rebootstrapping with [localhost/127.0.0.1:9099]
2026-01-12T21:53:24.156+01:00  INFO 59125 --- [annonceService] [vice-producer-1] org.apache.kafka.clients.Metadata        : [Producer clientId=annonceService-producer-1] Rebootstrapping with [localhost/127.0.0.1:9099]
2026-01-12T21:53:24.206+01:00  INFO 59125 --- [annonceService] [vice-producer-1] org.apache.kafka.clients.Metadata        : [Producer clientId=annonceService-producer-1] Rebootstrapping with [localhost/127.0.0.1:9099]
2026-01-12T21:53:24.259+01:00  INFO 59125 --- [annonceService] [vice-producer-1] org.apache.kafka.clients.Metadata        : [Producer clientId=annonceService-producer-1] Rebootstrapping with [localhost/127.0.0.1:9099]
2026-01-12T21:53:24.310+01:00  INFO 59125 --- [annonceService] [vice-producer-1] org.apache.kafka.clients.Metadata        : [Producer clientId=annonceService-producer-1] Rebootstrapping with [localhost/127.0.0.1:9099]
2026-01-12T21:53:24.367+01:00  INFO 59125 --- [annonceService] [vice-producer-1] org.apache.kafka.clients.Metadata        : [Producer clientId=annonceService-producer-1] Rebootstrapping with [localhost/127.0.0.1:9099]
2026-01-12T21:53:24.418+01:00  INFO 59125 --- [annonceService] [vice-producer-1] org.apache.kafka.clients.Metadata        : [Producer clientId=annonceService-producer-1] Rebootstrapping with [localhost/127.0.0.1:9099]
2026-01-12T21:53:24.470+01:00  INFO 59125 --- [annonceService] [vice-producer-1] org.apache.kafka.clients.Metadata        : [Producer clientId=annonceService-producer-1] Rebootstrapping with [localhost/127.0.0.1:9099]
2026-01-12T21:53:24.521+01:00  INFO 59125 --- [annonceService] [vice-producer-1] org.apache.kafka.clients.NetworkClient   : [Producer clientId=annonceService-producer-1] Node -1 disconnected.
2026-01-12T21:53:24.522+01:00  WARN 59125 --- [annonceService] [vice-producer-1] org.apache.kafka.clients.NetworkClient   : [Producer clientId=annonceService-producer-1] Connection to node -1 (localhost/127.0.0.1:9099) could not be established. Node may not be available.
2026-01-12T21:53:24.522+01:00  WARN 59125 --- [annonceService] [vice-producer-1] org.apache.kafka.clients.NetworkClient   : [Producer clientId=annonceService-producer-1] Bootstrap broker localhost:9099 (id: -1 rack: null isFenced: false) disconnected
2026-01-12T21:53:25.441+01:00  INFO 59125 --- [annonceService] [vice-producer-1] org.apache.kafka.clients.NetworkClient   : [Producer clientId=annonceService-producer-1] Node -1 disconnected.
2026-01-12T21:53:25.442+01:00  WARN 59125 --- [annonceService] [vice-producer-1] org.apache.kafka.clients.NetworkClient   : [Producer clientId=annonceService-producer-1] Connection to node -1 (localhost/127.0.0.1:9099) could not be established. Node may not be available.
2026-01-12T21:53:25.442+01:00  WARN 59125 --- [annonceService] [vice-producer-1] org.apache.kafka.clients.NetworkClient   : [Producer clientId=annonceService-producer-1] Bootstrap broker localhost:9099 (id: -1 rack: null isFenced: false) disconnected
2026-01-12T21:53:25.545+01:00  INFO 59125 --- [annonceService] [vice-producer-1] org.apache.kafka.clients.Metadata        : [Producer clientId=annonceService-producer-1] Rebootstrapping with [localhost/127.0.0.1:9099]
2026-01-12T21:53:25.597+01:00  INFO 59125 --- [annonceService] [vice-producer-1] org.apache.kafka.clients.Metadata        : [Producer clientId=annonceService-producer-1] Rebootstrapping with [localhost/127.0.0.1:9099]
2026-01-12T21:53:25.649+01:00  INFO 59125 --- [annonceService] [vice-producer-1] org.apache.kafka.clients.Metadata        : [Producer clientId=annonceService-producer-1] Rebootstrapping with [localhost/127.0.0.1:9099]
2026-01-12T21:53:25.701+01:00  INFO 59125 --- [annonceService] [vice-producer-1] org.apache.kafka.clients.Metadata        : [Producer clientId=annonceService-producer-1] Rebootstrapping with [localhost/127.0.0.1:9099]
2026-01-12T21:53:25.752+01:00  INFO 59125 --- [annonceService] [vice-producer-1] org.apache.kafka.clients.Metadata        : [Producer clientId=annonceService-producer-1] Rebootstrapping with [localhost/127.0.0.1:9099]
2026-01-12T21:53:25.804+01:00  INFO 59125 --- [annonceService] [vice-producer-1] org.apache.kafka.clients.Metadata        : [Producer clientId=annonceService-producer-1] Rebootstrapping with [localhost/127.0.0.1:9099]
2026-01-12T21:53:25.856+01:00  INFO 59125 --- [annonceService] [vice-producer-1] org.apache.kafka.clients.Metadata        : [Producer clientId=annonceService-producer-1] Rebootstrapping with [localhost/127.0.0.1:9099]
2026-01-12T21:53:25.906+01:00  INFO 59125 --- [annonceService] [vice-producer-1] org.apache.kafka.clients.Metadata        : [Producer clientId=annonceService-producer-1] Rebootstrapping with [localhost/127.0.0.1:9099]
2026-01-12T21:53:25.958+01:00  INFO 59125 --- [annonceService] [vice-producer-1] org.apache.kafka.clients.Metadata        : [Producer clientId=annonceService-producer-1] Rebootstrapping with [localhost/127.0.0.1:9099]
2026-01-12T21:53:26.008+01:00  INFO 59125 --- [annonceService] [vice-producer-1] org.apache.kafka.clients.Metadata        : [Producer clientId=annonceService-producer-1] Rebootstrapping with [localhost/127.0.0.1:9099]
2026-01-12T21:53:26.060+01:00  INFO 59125 --- [annonceService] [vice-producer-1] org.apache.kafka.clients.Metadata        : [Producer clientId=annonceService-producer-1] Rebootstrapping with [localhost/127.0.0.1:9099]
2026-01-12T21:53:26.112+01:00  INFO 59125 --- [annonceService] [vice-producer-1] org.apache.kafka.clients.Metadata        : [Producer clientId=annonceService-producer-1] Rebootstrapping with [localhost/127.0.0.1:9099]
2026-01-12T21:53:26.163+01:00  INFO 59125 --- [annonceService] [vice-producer-1] org.apache.kafka.clients.Metadata        : [Producer clientId=annonceService-producer-1] Rebootstrapping with [localhost/127.0.0.1:9099]
2026-01-12T21:53:26.215+01:00  INFO 59125 --- [annonceService] [vice-producer-1] org.apache.kafka.clients.Metadata        : [Producer clientId=annonceService-producer-1] Rebootstrapping with [localhost/127.0.0.1:9099]
2026-01-12T21:53:26.266+01:00  INFO 59125 --- [annonceService] [vice-producer-1] org.apache.kafka.clients.Metadata        : [Producer clientId=annonceService-producer-1] Rebootstrapping with [localhost/127.0.0.1:9099]
2026-01-12T21:53:26.317+01:00  INFO 59125 --- [annonceService] [vice-producer-1] org.apache.kafka.clients.Metadata        : [Producer clientId=annonceService-producer-1] Rebootstrapping with [localhost/127.0.0.1:9099]
2026-01-12T21:53:26.368+01:00  INFO 59125 --- [annonceService] [vice-producer-1] org.apache.kafka.clients.Metadata        : [Producer clientId=annonceService-producer-1] Rebootstrapping with [localhost/127.0.0.1:9099]
2026-01-12T21:53:26.422+01:00  INFO 59125 --- [annonceService] [vice-producer-1] org.apache.kafka.clients.NetworkClient   : [Producer clientId=annonceService-producer-1] Node -1 disconnected.
2026-01-12T21:53:26.422+01:00  WARN 59125 --- [annonceService] [vice-producer-1] org.apache.kafka.clients.NetworkClient   : [Producer clientId=annonceService-producer-1] Connection to node -1 (localhost/127.0.0.1:9099) could not be established. Node may not be available.
2026-01-12T21:53:26.422+01:00  WARN 59125 --- [annonceService] [vice-producer-1] org.apache.kafka.clients.NetworkClient   : [Producer clientId=annonceService-producer-1] Bootstrap broker localhost:9099 (id: -1 rack: null isFenced: false) disconnected
2026-01-12T21:53:27.415+01:00  INFO 59125 --- [annonceService] [vice-producer-1] org.apache.kafka.clients.Metadata        : [Producer clientId=annonceService-producer-1] Rebootstrapping with [localhost/127.0.0.1:9099]
2026-01-12T21:53:27.468+01:00  INFO 59125 --- [annonceService] [vice-producer-1] org.apache.kafka.clients.NetworkClient   : [Producer clientId=annonceService-producer-1] Node -1 disconnected.
2026-01-12T21:53:27.468+01:00  WARN 59125 --- [annonceService] [vice-producer-1] org.apache.kafka.clients.NetworkClient   : [Producer clientId=annonceService-producer-1] Connection to node -1 (localhost/127.0.0.1:9099) could not be established. Node may not be available.
2026-01-12T21:53:27.468+01:00  WARN 59125 --- [annonceService] [vice-producer-1] org.apache.kafka.clients.NetworkClient   : [Producer clientId=annonceService-producer-1] Bootstrap broker localhost:9099 (id: -1 rack: null isFenced: false) disconnected
2026-01-12T21:53:28.337+01:00  INFO 59125 --- [annonceService] [vice-producer-1] org.apache.kafka.clients.Metadata        : [Producer clientId=annonceService-producer-1] Rebootstrapping with [localhost/127.0.0.1:9099]
2026-01-12T21:53:28.414+01:00  INFO 59125 --- [annonceService] [vice-producer-1] org.apache.kafka.clients.NetworkClient   : [Producer clientId=annonceService-producer-1] Node -1 disconnected.
2026-01-12T21:53:28.415+01:00  WARN 59125 --- [annonceService] [vice-producer-1] org.apache.kafka.clients.NetworkClient   : [Producer clientId=annonceService-producer-1] Connection to node -1 (localhost/127.0.0.1:9099) could not be established. Node may not be available.
2026-01-12T21:53:28.415+01:00  WARN 59125 --- [annonceService] [vice-producer-1] org.apache.kafka.clients.NetworkClient   : [Producer clientId=annonceService-producer-1] Bootstrap broker localhost:9099 (id: -1 rack: null isFenced: false) disconnected
2026-01-12T21:53:28.521+01:00  INFO 59125 --- [annonceService] [vice-producer-1] org.apache.kafka.clients.Metadata        : [Producer clientId=annonceService-producer-1] Rebootstrapping with [localhost/127.0.0.1:9099]
2026-01-12T21:53:28.572+01:00  INFO 59125 --- [annonceService] [vice-producer-1] org.apache.kafka.clients.Metadata        : [Producer clientId=annonceService-producer-1] Rebootstrapping with [localhost/127.0.0.1:9099]
2026-01-12T21:53:28.623+01:00  INFO 59125 --- [annonceService] [vice-producer-1] org.apache.kafka.clients.Metadata        : [Producer clientId=annonceService-producer-1] Rebootstrapping with [localhost/127.0.0.1:9099]
2026-01-12T21:53:28.674+01:00  INFO 59125 --- [annonceService] [vice-producer-1] org.apache.kafka.clients.Metadata        : [Producer clientId=annonceService-producer-1] Rebootstrapping with [localhost/127.0.0.1:9099]
2026-01-12T21:53:28.725+01:00  INFO 59125 --- [annonceService] [vice-producer-1] org.apache.kafka.clients.Metadata        : [Producer clientId=annonceService-producer-1] Rebootstrapping with [localhost/127.0.0.1:9099]
2026-01-12T21:53:28.776+01:00  INFO 59125 --- [annonceService] [vice-producer-1] org.apache.kafka.clients.Metadata        : [Producer clientId=annonceService-producer-1] Rebootstrapping with [localhost/127.0.0.1:9099]
2026-01-12T21:53:28.828+01:00  INFO 59125 --- [annonceService] [vice-producer-1] org.apache.kafka.clients.Metadata        : [Producer clientId=annonceService-producer-1] Rebootstrapping with [localhost/127.0.0.1:9099]
2026-01-12T21:53:28.879+01:00  INFO 59125 --- [annonceService] [vice-producer-1] org.apache.kafka.clients.Metadata        : [Producer clientId=annonceService-producer-1] Rebootstrapping with [localhost/127.0.0.1:9099]
2026-01-12T21:53:28.931+01:00  INFO 59125 --- [annonceService] [vice-producer-1] org.apache.kafka.clients.Metadata        : [Producer clientId=annonceService-producer-1] Rebootstrapping with [localhost/127.0.0.1:9099]
2026-01-12T21:53:28.982+01:00  INFO 59125 --- [annonceService] [vice-producer-1] org.apache.kafka.clients.Metadata        : [Producer clientId=annonceService-producer-1] Rebootstrapping with [localhost/127.0.0.1:9099]
2026-01-12T21:53:29.033+01:00  INFO 59125 --- [annonceService] [vice-producer-1] org.apache.kafka.clients.Metadata        : [Producer clientId=annonceService-producer-1] Rebootstrapping with [localhost/127.0.0.1:9099]
2026-01-12T21:53:29.085+01:00  INFO 59125 --- [annonceService] [vice-producer-1] org.apache.kafka.clients.Metadata        : [Producer clientId=annonceService-producer-1] Rebootstrapping with [localhost/127.0.0.1:9099]
2026-01-12T21:53:29.136+01:00  INFO 59125 --- [annonceService] [vice-producer-1] org.apache.kafka.clients.Metadata        : [Producer clientId=annonceService-producer-1] Rebootstrapping with [localhost/127.0.0.1:9099]
2026-01-12T21:53:29.187+01:00  INFO 59125 --- [annonceService] [vice-producer-1] org.apache.kafka.clients.Metadata        : [Producer clientId=annonceService-producer-1] Rebootstrapping with [localhost/127.0.0.1:9099]
2026-01-12T21:53:29.238+01:00  INFO 59125 --- [annonceService] [vice-producer-1] org.apache.kafka.clients.Metadata        : [Producer clientId=annonceService-producer-1] Rebootstrapping with [localhost/127.0.0.1:9099]
2026-01-12T21:53:29.290+01:00  INFO 59125 --- [annonceService] [vice-producer-1] org.apache.kafka.clients.Metadata        : [Producer clientId=annonceService-producer-1] Rebootstrapping with [localhost/127.0.0.1:9099]
2026-01-12T21:53:29.341+01:00  INFO 59125 --- [annonceService] [vice-producer-1] org.apache.kafka.clients.Metadata        : [Producer clientId=annonceService-producer-1] Rebootstrapping with [localhost/127.0.0.1:9099]
2026-01-12T21:53:29.395+01:00  INFO 59125 --- [annonceService] [vice-producer-1] org.apache.kafka.clients.NetworkClient   : [Producer clientId=annonceService-producer-1] Node -1 disconnected.
2026-01-12T21:53:29.395+01:00  WARN 59125 --- [annonceService] [vice-producer-1] org.apache.kafka.clients.NetworkClient   : [Producer clientId=annonceService-producer-1] Connection to node -1 (localhost/127.0.0.1:9099) could not be established. Node may not be available.
2026-01-12T21:53:29.396+01:00  WARN 59125 --- [annonceService] [vice-producer-1] org.apache.kafka.clients.NetworkClient   : [Producer clientId=annonceService-producer-1] Bootstrap broker localhost:9099 (id: -1 rack: null isFenced: false) disconnected
2026-01-12T21:53:30.268+01:00  INFO 59125 --- [annonceService] [vice-producer-1] org.apache.kafka.clients.NetworkClient   : [Producer clientId=annonceService-producer-1] Node -1 disconnected.
2026-01-12T21:53:30.268+01:00  WARN 59125 --- [annonceService] [vice-producer-1] org.apache.kafka.clients.NetworkClient   : [Producer clientId=annonceService-producer-1] Connection to node -1 (localhost/127.0.0.1:9099) could not be established. Node may not be available.
2026-01-12T21:53:30.268+01:00  WARN 59125 --- [annonceService] [vice-producer-1] org.apache.kafka.clients.NetworkClient   : [Producer clientId=annonceService-producer-1] Bootstrap broker localhost:9099 (id: -1 rack: null isFenced: false) disconnected
2026-01-12T21:53:30.372+01:00  INFO 59125 --- [annonceService] [vice-producer-1] org.apache.kafka.clients.Metadata        : [Producer clientId=annonceService-producer-1] Rebootstrapping with [localhost/127.0.0.1:9099]
2026-01-12T21:53:30.423+01:00  INFO 59125 --- [annonceService] [vice-producer-1] org.apache.kafka.clients.Metadata        : [Producer clientId=annonceService-producer-1] Rebootstrapping with [localhost/127.0.0.1:9099]
2026-01-12T21:53:30.474+01:00  INFO 59125 --- [annonceService] [vice-producer-1] org.apache.kafka.clients.Metadata        : [Producer clientId=annonceService-producer-1] Rebootstrapping with [localhost/127.0.0.1:9099]
2026-01-12T21:53:30.526+01:00  INFO 59125 --- [annonceService] [vice-producer-1] org.apache.kafka.clients.Metadata        : [Producer clientId=annonceService-producer-1] Rebootstrapping with [localhost/127.0.0.1:9099]
2026-01-12T21:53:30.577+01:00  INFO 59125 --- [annonceService] [vice-producer-1] org.apache.kafka.clients.Metadata        : [Producer clientId=annonceService-producer-1] Rebootstrapping with [localhost/127.0.0.1:9099]
2026-01-12T21:53:30.628+01:00  INFO 59125 --- [annonceService] [vice-producer-1] org.apache.kafka.clients.Metadata        : [Producer clientId=annonceService-producer-1] Rebootstrapping with [localhost/127.0.0.1:9099]
2026-01-12T21:53:30.680+01:00  INFO 59125 --- [annonceService] [vice-producer-1] org.apache.kafka.clients.Metadata        : [Producer clientId=annonceService-producer-1] Rebootstrapping with [localhost/127.0.0.1:9099]
2026-01-12T21:53:30.730+01:00  INFO 59125 --- [annonceService] [vice-producer-1] org.apache.kafka.clients.Metadata        : [Producer clientId=annonceService-producer-1] Rebootstrapping with [localhost/127.0.0.1:9099]
2026-01-12T21:53:30.781+01:00  INFO 59125 --- [annonceService] [vice-producer-1] org.apache.kafka.clients.Metadata        : [Producer clientId=annonceService-producer-1] Rebootstrapping with [localhost/127.0.0.1:9099]
2026-01-12T21:53:30.835+01:00  INFO 59125 --- [annonceService] [vice-producer-1] org.apache.kafka.clients.Metadata        : [Producer clientId=annonceService-producer-1] Rebootstrapping with [localhost/127.0.0.1:9099]
2026-01-12T21:53:30.886+01:00  INFO 59125 --- [annonceService] [vice-producer-1] org.apache.kafka.clients.Metadata        : [Producer clientId=annonceService-producer-1] Rebootstrapping with [localhost/127.0.0.1:9099]
2026-01-12T21:53:30.937+01:00  INFO 59125 --- [annonceService] [vice-producer-1] org.apache.kafka.clients.Metadata        : [Producer clientId=annonceService-producer-1] Rebootstrapping with [localhost/127.0.0.1:9099]
2026-01-12T21:53:30.987+01:00  INFO 59125 --- [annonceService] [vice-producer-1] org.apache.kafka.clients.Metadata        : [Producer clientId=annonceService-producer-1] Rebootstrapping with [localhost/127.0.0.1:9099]
2026-01-12T21:53:31.039+01:00  INFO 59125 --- [annonceService] [vice-producer-1] org.apache.kafka.clients.Metadata        : [Producer clientId=annonceService-producer-1] Rebootstrapping with [localhost/127.0.0.1:9099]
2026-01-12T21:53:31.091+01:00  INFO 59125 --- [annonceService] [vice-producer-1] org.apache.kafka.clients.Metadata        : [Producer clientId=annonceService-producer-1] Rebootstrapping with [localhost/127.0.0.1:9099]
2026-01-12T21:53:31.143+01:00  INFO 59125 --- [annonceService] [vice-producer-1] org.apache.kafka.clients.Metadata        : [Producer clientId=annonceService-producer-1] Rebootstrapping with [localhost/127.0.0.1:9099]
2026-01-12T21:53:31.194+01:00  INFO 59125 --- [annonceService] [vice-producer-1] org.apache.kafka.clients.Metadata        : [Producer clientId=annonceService-producer-1] Rebootstrapping with [localhost/127.0.0.1:9099]
2026-01-12T21:53:31.246+01:00  INFO 59125 --- [annonceService] [vice-producer-1] org.apache.kafka.clients.Metadata        : [Producer clientId=annonceService-producer-1] Rebootstrapping with [localhost/127.0.0.1:9099]
2026-01-12T21:53:31.299+01:00  INFO 59125 --- [annonceService] [vice-producer-1] org.apache.kafka.clients.NetworkClient   : [Producer clientId=annonceService-producer-1] Node -1 disconnected.
2026-01-12T21:53:31.299+01:00  WARN 59125 --- [annonceService] [vice-producer-1] org.apache.kafka.clients.NetworkClient   : [Producer clientId=annonceService-producer-1] Connection to node -1 (localhost/127.0.0.1:9099) could not be established. Node may not be available.
2026-01-12T21:53:31.299+01:00  WARN 59125 --- [annonceService] [vice-producer-1] org.apache.kafka.clients.NetworkClient   : [Producer clientId=annonceService-producer-1] Bootstrap broker localhost:9099 (id: -1 rack: null isFenced: false) disconnected
2026-01-12T21:53:32.168+01:00  INFO 59125 --- [annonceService] [vice-producer-1] org.apache.kafka.clients.Metadata        : [Producer clientId=annonceService-producer-1] Rebootstrapping with [localhost/127.0.0.1:9099]
2026-01-12T21:53:32.220+01:00  INFO 59125 --- [annonceService] [vice-producer-1] org.apache.kafka.clients.Metadata        : [Producer clientId=annonceService-producer-1] Rebootstrapping with [localhost/127.0.0.1:9099]
2026-01-12T21:53:32.303+01:00  INFO 59125 --- [annonceService] [vice-producer-1] org.apache.kafka.clients.NetworkClient   : [Producer clientId=annonceService-producer-1] Node -1 disconnected.
2026-01-12T21:53:32.303+01:00  WARN 59125 --- [annonceService] [vice-producer-1] org.apache.kafka.clients.NetworkClient   : [Producer clientId=annonceService-producer-1] Connection to node -1 (localhost/127.0.0.1:9099) could not be established. Node may not be available.
2026-01-12T21:53:32.304+01:00  WARN 59125 --- [annonceService] [vice-producer-1] org.apache.kafka.clients.NetworkClient   : [Producer clientId=annonceService-producer-1] Bootstrap broker localhost:9099 (id: -1 rack: null isFenced: false) disconnected
2026-01-12T21:53:33.306+01:00  INFO 59125 --- [annonceService] [vice-producer-1] org.apache.kafka.clients.NetworkClient   : [Producer clientId=annonceService-producer-1] Node -1 disconnected.
2026-01-12T21:53:33.307+01:00  WARN 59125 --- [annonceService] [vice-producer-1] org.apache.kafka.clients.NetworkClient   : [Producer clientId=annonceService-producer-1] Connection to node -1 (localhost/127.0.0.1:9099) could not be established. Node may not be available.
2026-01-12T21:53:33.307+01:00  WARN 59125 --- [annonceService] [vice-producer-1] org.apache.kafka.clients.NetworkClient   : [Producer clientId=annonceService-producer-1] Bootstrap broker localhost:9099 (id: -1 rack: null isFenced: false) disconnected
2026-01-12T21:53:34.306+01:00  INFO 59125 --- [annonceService] [vice-producer-1] org.apache.kafka.clients.Metadata        : [Producer clientId=annonceService-producer-1] Rebootstrapping with [localhost/127.0.0.1:9099]
2026-01-12T21:53:34.359+01:00  INFO 59125 --- [annonceService] [vice-producer-1] org.apache.kafka.clients.NetworkClient   : [Producer clientId=annonceService-producer-1] Node -1 disconnected.
2026-01-12T21:53:34.359+01:00  WARN 59125 --- [annonceService] [vice-producer-1] org.apache.kafka.clients.NetworkClient   : [Producer clientId=annonceService-producer-1] Connection to node -1 (localhost/127.0.0.1:9099) could not be established. Node may not be available.
2026-01-12T21:53:34.360+01:00  WARN 59125 --- [annonceService] [vice-producer-1] org.apache.kafka.clients.NetworkClient   : [Producer clientId=annonceService-producer-1] Bootstrap broker localhost:9099 (id: -1 rack: null isFenced: false) disconnected
2026-01-12T21:53:35.225+01:00  INFO 59125 --- [annonceService] [vice-producer-1] org.apache.kafka.clients.Metadata        : [Producer clientId=annonceService-producer-1] Rebootstrapping with [localhost/127.0.0.1:9099]
2026-01-12T21:53:35.276+01:00  INFO 59125 --- [annonceService] [vice-producer-1] org.apache.kafka.clients.Metadata        : [Producer clientId=annonceService-producer-1] Rebootstrapping with [localhost/127.0.0.1:9099]
2026-01-12T21:53:35.362+01:00  INFO 59125 --- [annonceService] [vice-producer-1] org.apache.kafka.clients.NetworkClient   : [Producer clientId=annonceService-producer-1] Node -1 disconnected.
2026-01-12T21:53:35.362+01:00  WARN 59125 --- [annonceService] [vice-producer-1] org.apache.kafka.clients.NetworkClient   : [Producer clientId=annonceService-producer-1] Connection to node -1 (localhost/127.0.0.1:9099) could not be established. Node may not be available.
2026-01-12T21:53:35.362+01:00  WARN 59125 --- [annonceService] [vice-producer-1] org.apache.kafka.clients.NetworkClient   : [Producer clientId=annonceService-producer-1] Bootstrap broker localhost:9099 (id: -1 rack: null isFenced: false) disconnected
2026-01-12T21:53:36.364+01:00  INFO 59125 --- [annonceService] [vice-producer-1] org.apache.kafka.clients.NetworkClient   : [Producer clientId=annonceService-producer-1] Node -1 disconnected.
2026-01-12T21:53:36.364+01:00  WARN 59125 --- [annonceService] [vice-producer-1] org.apache.kafka.clients.NetworkClient   : [Producer clientId=annonceService-producer-1] Connection to node -1 (localhost/127.0.0.1:9099) could not be established. Node may not be available.
2026-01-12T21:53:36.364+01:00  WARN 59125 --- [annonceService] [vice-producer-1] org.apache.kafka.clients.NetworkClient   : [Producer clientId=annonceService-producer-1] Bootstrap broker localhost:9099 (id: -1 rack: null isFenced: false) disconnected
2026-01-12T21:53:37.309+01:00  INFO 59125 --- [annonceService] [vice-producer-1] org.apache.kafka.clients.Metadata        : [Producer clientId=annonceService-producer-1] Rebootstrapping with [localhost/127.0.0.1:9099]
2026-01-12T21:53:37.363+01:00  INFO 59125 --- [annonceService] [vice-producer-1] org.apache.kafka.clients.Metadata        : [Producer clientId=annonceService-producer-1] Rebootstrapping with [localhost/127.0.0.1:9099]
2026-01-12T21:53:37.418+01:00  INFO 59125 --- [annonceService] [vice-producer-1] org.apache.kafka.clients.NetworkClient   : [Producer clientId=annonceService-producer-1] Node -1 disconnected.
2026-01-12T21:53:37.418+01:00  WARN 59125 --- [annonceService] [vice-producer-1] org.apache.kafka.clients.NetworkClient   : [Producer clientId=annonceService-producer-1] Connection to node -1 (localhost/127.0.0.1:9099) could not be established. Node may not be available.
2026-01-12T21:53:37.418+01:00  WARN 59125 --- [annonceService] [vice-producer-1] org.apache.kafka.clients.NetworkClient   : [Producer clientId=annonceService-producer-1] Bootstrap broker localhost:9099 (id: -1 rack: null isFenced: false) disconnected
2026-01-12T21:53:38.241+01:00  INFO 59125 --- [annonceService] [vice-producer-1] org.apache.kafka.clients.NetworkClient   : [Producer clientId=annonceService-producer-1] Node -1 disconnected.
2026-01-12T21:53:38.242+01:00  WARN 59125 --- [annonceService] [vice-producer-1] org.apache.kafka.clients.NetworkClient   : [Producer clientId=annonceService-producer-1] Connection to node -1 (localhost/127.0.0.1:9099) could not be established. Node may not be available.
2026-01-12T21:53:38.242+01:00  WARN 59125 --- [annonceService] [vice-producer-1] org.apache.kafka.clients.NetworkClient   : [Producer clientId=annonceService-producer-1] Bootstrap broker localhost:9099 (id: -1 rack: null isFenced: false) disconnected
2026-01-12T21:53:38.418+01:00  INFO 59125 --- [annonceService] [vice-producer-1] org.apache.kafka.clients.Metadata        : [Producer clientId=annonceService-producer-1] Rebootstrapping with [localhost/127.0.0.1:9099]
2026-01-12T21:53:38.470+01:00  INFO 59125 --- [annonceService] [vice-producer-1] org.apache.kafka.clients.Metadata        : [Producer clientId=annonceService-producer-1] Rebootstrapping with [localhost/127.0.0.1:9099]
2026-01-12T21:53:38.522+01:00  INFO 59125 --- [annonceService] [vice-producer-1] org.apache.kafka.clients.Metadata        : [Producer clientId=annonceService-producer-1] Rebootstrapping with [localhost/127.0.0.1:9099]
2026-01-12T21:53:38.574+01:00  INFO 59125 --- [annonceService] [vice-producer-1] org.apache.kafka.clients.Metadata        : [Producer clientId=annonceService-producer-1] Rebootstrapping with [localhost/127.0.0.1:9099]
2026-01-12T21:53:38.625+01:00  INFO 59125 --- [annonceService] [vice-producer-1] org.apache.kafka.clients.Metadata        : [Producer clientId=annonceService-producer-1] Rebootstrapping with [localhost/127.0.0.1:9099]
2026-01-12T21:53:38.676+01:00  INFO 59125 --- [annonceService] [vice-producer-1] org.apache.kafka.clients.Metadata        : [Producer clientId=annonceService-producer-1] Rebootstrapping with [localhost/127.0.0.1:9099]
2026-01-12T21:53:38.727+01:00  INFO 59125 --- [annonceService] [vice-producer-1] org.apache.kafka.clients.Metadata        : [Producer clientId=annonceService-producer-1] Rebootstrapping with [localhost/127.0.0.1:9099]
2026-01-12T21:53:38.778+01:00  INFO 59125 --- [annonceService] [vice-producer-1] org.apache.kafka.clients.Metadata        : [Producer clientId=annonceService-producer-1] Rebootstrapping with [localhost/127.0.0.1:9099]
2026-01-12T21:53:38.829+01:00  INFO 59125 --- [annonceService] [vice-producer-1] org.apache.kafka.clients.Metadata        : [Producer clientId=annonceService-producer-1] Rebootstrapping with [localhost/127.0.0.1:9099]
2026-01-12T21:53:38.881+01:00  INFO 59125 --- [annonceService] [vice-producer-1] org.apache.kafka.clients.Metadata        : [Producer clientId=annonceService-producer-1] Rebootstrapping with [localhost/127.0.0.1:9099]
2026-01-12T21:53:38.932+01:00  INFO 59125 --- [annonceService] [vice-producer-1] org.apache.kafka.clients.Metadata        : [Producer clientId=annonceService-producer-1] Rebootstrapping with [localhost/127.0.0.1:9099]
2026-01-12T21:53:38.985+01:00  INFO 59125 --- [annonceService] [vice-producer-1] org.apache.kafka.clients.Metadata        : [Producer clientId=annonceService-producer-1] Rebootstrapping with [localhost/127.0.0.1:9099]
2026-01-12T21:53:39.036+01:00  INFO 59125 --- [annonceService] [vice-producer-1] org.apache.kafka.clients.Metadata        : [Producer clientId=annonceService-producer-1] Rebootstrapping with [localhost/127.0.0.1:9099]
2026-01-12T21:53:39.087+01:00  INFO 59125 --- [annonceService] [vice-producer-1] org.apache.kafka.clients.Metadata        : [Producer clientId=annonceService-producer-1] Rebootstrapping with [localhost/127.0.0.1:9099]
2026-01-12T21:53:39.139+01:00  INFO 59125 --- [annonceService] [vice-producer-1] org.apache.kafka.clients.Metadata        : [Producer clientId=annonceService-producer-1] Rebootstrapping with [localhost/127.0.0.1:9099]
2026-01-12T21:53:39.170+01:00 ERROR 59125 --- [annonceService] [nio-9094-exec-8] o.s.k.support.LoggingProducerListener    : Exception thrown when sending a message with key='null' and payload='AnnonceCreatedEvent(annonce=AnnonceDTO(id=null, description=descripot, bloodType=A+, urgentLevel=MED...' to topic annonce-created-topic:

org.apache.kafka.common.errors.TimeoutException: Topic annonce-created-topic not present in metadata after 60000 ms.

2026-01-12T21:53:39.173+01:00 ERROR 59125 --- [annonceService] [nio-9094-exec-8] o.e.a.Exception.GlobalExceptionHandler   : Erreur inattendue: Send failed

org.springframework.kafka.KafkaException: Send failed
	at org.springframework.kafka.core.KafkaTemplate.doSend(KafkaTemplate.java:869) ~[spring-kafka-4.0.0.jar:4.0.0]
	at org.springframework.kafka.core.KafkaTemplate.observeSend(KafkaTemplate.java:826) ~[spring-kafka-4.0.0.jar:4.0.0]
	at org.springframework.kafka.core.KafkaTemplate.send(KafkaTemplate.java:601) ~[spring-kafka-4.0.0.jar:4.0.0]
	at org.example.annonceservice.Producer.AnnonceEventProducer.publishAnnonceCreated(AnnonceEventProducer.java:17) ~[classes/:na]
	at org.example.annonceservice.Service.AnnonceService.create(AnnonceService.java:278) ~[classes/:na]
	at java.base/jdk.internal.reflect.NativeMethodAccessorImpl.invoke0(Native Method) ~[na:na]
	at java.base/jdk.internal.reflect.NativeMethodAccessorImpl.invoke(NativeMethodAccessorImpl.java:77) ~[na:na]
	at java.base/jdk.internal.reflect.DelegatingMethodAccessorImpl.invoke(DelegatingMethodAccessorImpl.java:43) ~[na:na]
	at java.base/java.lang.reflect.Method.invoke(Method.java:569) ~[na:na]
	at org.springframework.aop.support.AopUtils.invokeJoinpointUsingReflection(AopUtils.java:359) ~[spring-aop-7.0.1.jar:7.0.1]
	at org.springframework.aop.framework.CglibAopProxy$DynamicAdvisedInterceptor.intercept(CglibAopProxy.java:715) ~[spring-aop-7.0.1.jar:7.0.1]
	at org.example.annonceservice.Service.AnnonceService$$SpringCGLIB$$0.create(<generated>) ~[classes/:na]
	at org.example.annonceservice.Controller.AnnonceController.create(AnnonceController.java:44) ~[classes/:na]
	at java.base/jdk.internal.reflect.NativeMethodAccessorImpl.invoke0(Native Method) ~[na:na]
	at java.base/jdk.internal.reflect.NativeMethodAccessorImpl.invoke(NativeMethodAccessorImpl.java:77) ~[na:na]
	at java.base/jdk.internal.reflect.DelegatingMethodAccessorImpl.invoke(DelegatingMethodAccessorImpl.java:43) ~[na:na]
	at java.base/java.lang.reflect.Method.invoke(Method.java:569) ~[na:na]
	at org.springframework.web.method.support.InvocableHandlerMethod.doInvoke(InvocableHandlerMethod.java:258) ~[spring-web-7.0.1.jar:7.0.1]
	at org.springframework.web.method.support.InvocableHandlerMethod.invokeForRequest(InvocableHandlerMethod.java:190) ~[spring-web-7.0.1.jar:7.0.1]
	at org.springframework.web.servlet.mvc.method.annotation.ServletInvocableHandlerMethod.invokeAndHandle(ServletInvocableHandlerMethod.java:117) ~[spring-webmvc-7.0.1.jar:7.0.1]
	at org.springframework.web.servlet.mvc.method.annotation.RequestMappingHandlerAdapter.invokeHandlerMethod(RequestMappingHandlerAdapter.java:934) ~[spring-webmvc-7.0.1.jar:7.0.1]
	at org.springframework.web.servlet.mvc.method.annotation.RequestMappingHandlerAdapter.handleInternal(RequestMappingHandlerAdapter.java:853) ~[spring-webmvc-7.0.1.jar:7.0.1]
	at org.springframework.web.servlet.mvc.method.AbstractHandlerMethodAdapter.handle(AbstractHandlerMethodAdapter.java:86) ~[spring-webmvc-7.0.1.jar:7.0.1]
	at org.springframework.web.servlet.DispatcherServlet.doDispatch(DispatcherServlet.java:963) ~[spring-webmvc-7.0.1.jar:7.0.1]
	at org.springframework.web.servlet.DispatcherServlet.doService(DispatcherServlet.java:866) ~[spring-webmvc-7.0.1.jar:7.0.1]
	at org.springframework.web.servlet.FrameworkServlet.processRequest(FrameworkServlet.java:1003) ~[spring-webmvc-7.0.1.jar:7.0.1]
	at org.springframework.web.servlet.FrameworkServlet.doPost(FrameworkServlet.java:903) ~[spring-webmvc-7.0.1.jar:7.0.1]
	at jakarta.servlet.http.HttpServlet.service(HttpServlet.java:649) ~[tomcat-embed-core-11.0.14.jar:6.1]
	at org.springframework.web.servlet.FrameworkServlet.service(FrameworkServlet.java:874) ~[spring-webmvc-7.0.1.jar:7.0.1]
	at jakarta.servlet.http.HttpServlet.service(HttpServlet.java:710) ~[tomcat-embed-core-11.0.14.jar:6.1]
	at org.apache.catalina.core.ApplicationFilterChain.doFilter(ApplicationFilterChain.java:128) ~[tomcat-embed-core-11.0.14.jar:11.0.14]
	at org.apache.tomcat.websocket.server.WsFilter.doFilter(WsFilter.java:53) ~[tomcat-embed-websocket-11.0.14.jar:11.0.14]
	at org.apache.catalina.core.ApplicationFilterChain.doFilter(ApplicationFilterChain.java:107) ~[tomcat-embed-core-11.0.14.jar:11.0.14]
	at org.springframework.cloud.gateway.server.mvc.filter.WeightCalculatorFilter.doFilter(WeightCalculatorFilter.java:233) ~[spring-cloud-gateway-server-webmvc-5.0.0.jar:5.0.0]
	at org.apache.catalina.core.ApplicationFilterChain.doFilter(ApplicationFilterChain.java:107) ~[tomcat-embed-core-11.0.14.jar:11.0.14]
	at org.springframework.cloud.gateway.server.mvc.filter.FormFilter.doFilter(FormFilter.java:93) ~[spring-cloud-gateway-server-webmvc-5.0.0.jar:5.0.0]
	at org.apache.catalina.core.ApplicationFilterChain.doFilter(ApplicationFilterChain.java:107) ~[tomcat-embed-core-11.0.14.jar:11.0.14]
	at org.springframework.web.filter.RequestContextFilter.doFilterInternal(RequestContextFilter.java:100) ~[spring-web-7.0.1.jar:7.0.1]
	at org.springframework.web.filter.OncePerRequestFilter.doFilter(OncePerRequestFilter.java:116) ~[spring-web-7.0.1.jar:7.0.1]
	at org.apache.catalina.core.ApplicationFilterChain.doFilter(ApplicationFilterChain.java:107) ~[tomcat-embed-core-11.0.14.jar:11.0.14]
	at org.springframework.web.filter.FormContentFilter.doFilterInternal(FormContentFilter.java:93) ~[spring-web-7.0.1.jar:7.0.1]
	at org.springframework.web.filter.OncePerRequestFilter.doFilter(OncePerRequestFilter.java:116) ~[spring-web-7.0.1.jar:7.0.1]
	at org.apache.catalina.core.ApplicationFilterChain.doFilter(ApplicationFilterChain.java:107) ~[tomcat-embed-core-11.0.14.jar:11.0.14]
	at org.springframework.web.filter.CharacterEncodingFilter.doFilterInternal(CharacterEncodingFilter.java:199) ~[spring-web-7.0.1.jar:7.0.1]
	at org.springframework.web.filter.OncePerRequestFilter.doFilter(OncePerRequestFilter.java:116) ~[spring-web-7.0.1.jar:7.0.1]
	at org.apache.catalina.core.ApplicationFilterChain.doFilter(ApplicationFilterChain.java:107) ~[tomcat-embed-core-11.0.14.jar:11.0.14]
	at org.apache.catalina.core.StandardWrapperValve.invoke(StandardWrapperValve.java:165) ~[tomcat-embed-core-11.0.14.jar:11.0.14]
	at org.apache.catalina.core.StandardContextValve.invoke(StandardContextValve.java:77) ~[tomcat-embed-core-11.0.14.jar:11.0.14]
	at org.apache.catalina.authenticator.AuthenticatorBase.invoke(AuthenticatorBase.java:482) ~[tomcat-embed-core-11.0.14.jar:11.0.14]
	at org.apache.catalina.core.StandardHostValve.invoke(StandardHostValve.java:113) ~[tomcat-embed-core-11.0.14.jar:11.0.14]
	at org.apache.catalina.valves.ErrorReportValve.invoke(ErrorReportValve.java:83) ~[tomcat-embed-core-11.0.14.jar:11.0.14]
	at org.apache.catalina.core.StandardEngineValve.invoke(StandardEngineValve.java:72) ~[tomcat-embed-core-11.0.14.jar:11.0.14]
	at org.apache.catalina.connector.CoyoteAdapter.service(CoyoteAdapter.java:341) ~[tomcat-embed-core-11.0.14.jar:11.0.14]
	at org.apache.coyote.http11.Http11Processor.service(Http11Processor.java:397) ~[tomcat-embed-core-11.0.14.jar:11.0.14]
	at org.apache.coyote.AbstractProcessorLight.process(AbstractProcessorLight.java:63) ~[tomcat-embed-core-11.0.14.jar:11.0.14]
	at org.apache.coyote.AbstractProtocol$ConnectionHandler.process(AbstractProtocol.java:903) ~[tomcat-embed-core-11.0.14.jar:11.0.14]
	at org.apache.tomcat.util.net.NioEndpoint$SocketProcessor.doRun(NioEndpoint.java:1778) ~[tomcat-embed-core-11.0.14.jar:11.0.14]
	at org.apache.tomcat.util.net.SocketProcessorBase.run(SocketProcessorBase.java:52) ~[tomcat-embed-core-11.0.14.jar:11.0.14]
	at org.apache.tomcat.util.threads.ThreadPoolExecutor.runWorker(ThreadPoolExecutor.java:946) ~[tomcat-embed-core-11.0.14.jar:11.0.14]
	at org.apache.tomcat.util.threads.ThreadPoolExecutor$Worker.run(ThreadPoolExecutor.java:480) ~[tomcat-embed-core-11.0.14.jar:11.0.14]
	at org.apache.tomcat.util.threads.TaskThread$WrappingRunnable.run(TaskThread.java:57) ~[tomcat-embed-core-11.0.14.jar:11.0.14]
	at java.base/java.lang.Thread.run(Thread.java:840) ~[na:na]
Caused by: org.apache.kafka.common.errors.TimeoutException: Topic annonce-created-topic not present in metadata after 60000 ms.

2026-01-12T21:53:39.190+01:00  INFO 59125 --- [annonceService] [vice-producer-1] org.apache.kafka.clients.Metadata        : [Producer clientId=annonceService-producer-1] Rebootstrapping with [localhost/127.0.0.1:9099]
2026-01-12T21:53:39.243+01:00  INFO 59125 --- [annonceService] [vice-producer-1] org.apache.kafka.clients.NetworkClient   : [Producer clientId=annonceService-producer-1] Node -1 disconnected.
2026-01-12T21:53:39.243+01:00  WARN 59125 --- [annonceService] [vice-producer-1] org.apache.kafka.clients.NetworkClient   : [Producer clientId=annonceService-producer-1] Connection to node -1 (localhost/127.0.0.1:9099) could not be established. Node may not be available.
2026-01-12T21:53:39.243+01:00  WARN 59125 --- [annonceService] [vice-producer-1] org.apache.kafka.clients.NetworkClient   : [Producer clientId=annonceService-producer-1] Bootstrap broker localhost:9099 (id: -1 rack: null isFenced: false) disconnected
2026-01-12T21:53:40.245+01:00  INFO 59125 --- [annonceService] [vice-producer-1] org.apache.kafka.clients.NetworkClient   : [Producer clientId=annonceService-producer-1] Node -1 disconnected.
2026-01-12T21:53:40.245+01:00  WARN 59125 --- [annonceService] [vice-producer-1] org.apache.kafka.clients.NetworkClient   : [Producer clientId=annonceService-producer-1] Connection to node -1 (localhost/127.0.0.1:9099) could not be established. Node may not be available.
2026-01-12T21:53:40.245+01:00  WARN 59125 --- [annonceService] [vice-producer-1] org.apache.kafka.clients.NetworkClient   : [Producer clientId=annonceService-producer-1] Bootstrap broker localhost:9099 (id: -1 rack: null isFenced: false) disconnected
2026-01-12T21:53:41.108+01:00  INFO 59125 --- [annonceService] [vice-producer-1] org.apache.kafka.clients.Metadata        : [Producer clientId=annonceService-producer-1] Rebootstrapping with [localhost/127.0.0.1:9099]
2026-01-12T21:53:41.160+01:00  INFO 59125 --- [annonceService] [vice-producer-1] org.apache.kafka.clients.NetworkClient   : [Producer clientId=annonceService-producer-1] Node -1 disconnected.
2026-01-12T21:53:41.160+01:00  WARN 59125 --- [annonceService] [vice-producer-1] org.apache.kafka.clients.NetworkClient   : [Producer clientId=annonceService-producer-1] Connection to node -1 (localhost/127.0.0.1:9099) could not be established. Node may not be available.
2026-01-12T21:53:41.160+01:00  WARN 59125 --- [annonceService] [vice-producer-1] org.apache.kafka.clients.NetworkClient   : [Producer clientId=annonceService-producer-1] Bootstrap broker localhost:9099 (id: -1 rack: null isFenced: false) disconnected
2026-01-12T21:53:41.263+01:00  INFO 59125 --- [annonceService] [vice-producer-1] org.apache.kafka.clients.Metadata        : [Producer clientId=annonceService-producer-1] Rebootstrapping with [localhost/127.0.0.1:9099]
2026-01-12T21:53:41.314+01:00  INFO 59125 --- [annonceService] [vice-producer-1] org.apache.kafka.clients.Metadata        : [Producer clientId=annonceService-producer-1] Rebootstrapping with [localhost/127.0.0.1:9099]
2026-01-12T21:53:41.365+01:00  INFO 59125 --- [annonceService] [vice-producer-1] org.apache.kafka.clients.Metadata        : [Producer clientId=annonceService-producer-1] Rebootstrapping with [localhost/127.0.0.1:9099]
2026-01-12T21:53:41.417+01:00  INFO 59125 --- [annonceService] [vice-producer-1] org.apache.kafka.clients.Metadata        : [Producer clientId=annonceService-producer-1] Rebootstrapping with [localhost/127.0.0.1:9099]
2026-01-12T21:53:41.468+01:00  INFO 59125 --- [annonceService] [vice-producer-1] org.apache.kafka.clients.Metadata        : [Producer clientId=annonceService-producer-1] Rebootstrapping with [localhost/127.0.0.1:9099]
2026-01-12T21:53:41.519+01:00  INFO 59125 --- [annonceService] [vice-producer-1] org.apache.kafka.clients.Metadata        : [Producer clientId=annonceService-producer-1] Rebootstrapping with [localhost/127.0.0.1:9099]
2026-01-12T21:53:41.571+01:00  INFO 59125 --- [annonceService] [vice-producer-1] org.apache.kafka.clients.Metadata        : [Producer clientId=annonceService-producer-1] Rebootstrapping with [localhost/127.0.0.1:9099]
2026-01-12T21:53:41.622+01:00  INFO 59125 --- [annonceService] [vice-producer-1] org.apache.kafka.clients.Metadata        : [Producer clientId=annonceService-producer-1] Rebootstrapping with [localhost/127.0.0.1:9099]
2026-01-12T21:53:41.675+01:00  INFO 59125 --- [annonceService] [vice-producer-1] org.apache.kafka.clients.Metadata        : [Producer clientId=annonceService-producer-1] Rebootstrapping with [localhost/127.0.0.1:9099]
2026-01-12T21:53:41.728+01:00  INFO 59125 --- [annonceService] [vice-producer-1] org.apache.kafka.clients.Metadata        : [Producer clientId=annonceService-producer-1] Rebootstrapping with [localhost/127.0.0.1:9099]
2026-01-12T21:53:41.779+01:00  INFO 59125 --- [annonceService] [vice-producer-1] org.apache.kafka.clients.Metadata        : [Producer clientId=annonceService-producer-1] Rebootstrapping with [localhost/127.0.0.1:9099]
2026-01-12T21:53:41.831+01:00  INFO 59125 --- [annonceService] [vice-producer-1] org.apache.kafka.clients.Metadata        : [Producer clientId=annonceService-producer-1] Rebootstrapping with [localhost/127.0.0.1:9099]
2026-01-12T21:53:41.883+01:00  INFO 59125 --- [annonceService] [vice-producer-1] org.apache.kafka.clients.Metadata        : [Producer clientId=annonceService-producer-1] Rebootstrapping with [localhost/127.0.0.1:9099]
2026-01-12T21:53:41.934+01:00  INFO 59125 --- [annonceService] [vice-producer-1] org.apache.kafka.clients.Metadata        : [Producer clientId=annonceService-producer-1] Rebootstrapping with [localhost/127.0.0.1:9099]
2026-01-12T21:53:41.986+01:00  INFO 59125 --- [annonceService] [vice-producer-1] org.apache.kafka.clients.Metadata        : [Producer clientId=annonceService-producer-1] Rebootstrapping with [localhost/127.0.0.1:9099]
2026-01-12T21:53:42.037+01:00  INFO 59125 --- [annonceService] [vice-producer-1] org.apache.kafka.clients.Metadata        : [Producer clientId=annonceService-producer-1] Rebootstrapping with [localhost/127.0.0.1:9099]
2026-01-12T21:53:42.093+01:00  INFO 59125 --- [annonceService] [vice-producer-1] org.apache.kafka.clients.Metadata        : [Producer clientId=annonceService-producer-1] Rebootstrapping with [localhost/127.0.0.1:9099]
2026-01-12T21:53:42.145+01:00  INFO 59125 --- [annonceService] [vice-producer-1] org.apache.kafka.clients.NetworkClient   : [Producer clientId=annonceService-producer-1] Node -1 disconnected.
2026-01-12T21:53:42.145+01:00  WARN 59125 --- [annonceService] [vice-producer-1] org.apache.kafka.clients.NetworkClient   : [Producer clientId=annonceService-producer-1] Connection to node -1 (localhost/127.0.0.1:9099) could not be established. Node may not be available.
2026-01-12T21:53:42.145+01:00  WARN 59125 --- [annonceService] [vice-producer-1] org.apache.kafka.clients.NetworkClient   : [Producer clientId=annonceService-producer-1] Bootstrap broker localhost:9099 (id: -1 rack: null isFenced: false) disconnected
2026-01-12T21:53:43.127+01:00  INFO 59125 --- [annonceService] [vice-producer-1] org.apache.kafka.clients.NetworkClient   : [Producer clientId=annonceService-producer-1] Node -1 disconnected.
2026-01-12T21:53:43.128+01:00  WARN 59125 --- [annonceService] [vice-producer-1] org.apache.kafka.clients.NetworkClient   : [Producer clientId=annonceService-producer-1] Connection to node -1 (localhost/127.0.0.1:9099) could not be established. Node may not be available.
2026-01-12T21:53:43.128+01:00  WARN 59125 --- [annonceService] [vice-producer-1] org.apache.kafka.clients.NetworkClient   : [Producer clientId=annonceService-producer-1] Bootstrap broker localhost:9099 (id: -1 rack: null isFenced: false) disconnected
2026-01-12T21:53:43.233+01:00  INFO 59125 --- [annonceService] [vice-producer-1] org.apache.kafka.clients.Metadata        : [Producer clientId=annonceService-producer-1] Rebootstrapping with [localhost/127.0.0.1:9099]
2026-01-12T21:53:43.285+01:00  INFO 59125 --- [annonceService] [vice-producer-1] org.apache.kafka.clients.Metadata        : [Producer clientId=annonceService-producer-1] Rebootstrapping with [localhost/127.0.0.1:9099]
2026-01-12T21:53:43.336+01:00  INFO 59125 --- [annonceService] [vice-producer-1] org.apache.kafka.clients.Metadata        : [Producer clientId=annonceService-producer-1] Rebootstrapping with [localhost/127.0.0.1:9099]
2026-01-12T21:53:43.387+01:00  INFO 59125 --- [annonceService] [vice-producer-1] org.apache.kafka.clients.Metadata        : [Producer clientId=annonceService-producer-1] Rebootstrapping with [localhost/127.0.0.1:9099]
2026-01-12T21:53:43.437+01:00  INFO 59125 --- [annonceService] [vice-producer-1] org.apache.kafka.clients.Metadata        : [Producer clientId=annonceService-producer-1] Rebootstrapping with [localhost/127.0.0.1:9099]
2026-01-12T21:53:43.488+01:00  INFO 59125 --- [annonceService] [vice-producer-1] org.apache.kafka.clients.Metadata        : [Producer clientId=annonceService-producer-1] Rebootstrapping with [localhost/127.0.0.1:9099]
2026-01-12T21:53:43.540+01:00  INFO 59125 --- [annonceService] [vice-producer-1] org.apache.kafka.clients.Metadata        : [Producer clientId=annonceService-producer-1] Rebootstrapping with [localhost/127.0.0.1:9099]
2026-01-12T21:53:43.591+01:00  INFO 59125 --- [annonceService] [vice-producer-1] org.apache.kafka.clients.Metadata        : [Producer clientId=annonceService-producer-1] Rebootstrapping with [localhost/127.0.0.1:9099]
2026-01-12T21:53:43.643+01:00  INFO 59125 --- [annonceService] [vice-producer-1] org.apache.kafka.clients.Metadata        : [Producer clientId=annonceService-producer-1] Rebootstrapping with [localhost/127.0.0.1:9099]
2026-01-12T21:53:43.694+01:00  INFO 59125 --- [annonceService] [vice-producer-1] org.apache.kafka.clients.Metadata        : [Producer clientId=annonceService-producer-1] Rebootstrapping with [localhost/127.0.0.1:9099]
2026-01-12T21:53:43.745+01:00  INFO 59125 --- [annonceService] [vice-producer-1] org.apache.kafka.clients.Metadata        : [Producer clientId=annonceService-producer-1] Rebootstrapping with [localhost/127.0.0.1:9099]
2026-01-12T21:53:43.795+01:00  INFO 59125 --- [annonceService] [vice-producer-1] org.apache.kafka.clients.Metadata        : [Producer clientId=annonceService-producer-1] Rebootstrapping with [localhost/127.0.0.1:9099]
2026-01-12T21:53:43.847+01:00  INFO 59125 --- [annonceService] [vice-producer-1] org.apache.kafka.clients.Metadata        : [Producer clientId=annonceService-producer-1] Rebootstrapping with [localhost/127.0.0.1:9099]
2026-01-12T21:53:43.898+01:00  INFO 59125 --- [annonceService] [vice-producer-1] org.apache.kafka.clients.Metadata        : [Producer clientId=annonceService-producer-1] Rebootstrapping with [localhost/127.0.0.1:9099]
2026-01-12T21:53:43.949+01:00  INFO 59125 --- [annonceService] [vice-producer-1] org.apache.kafka.clients.Metadata        : [Producer clientId=annonceService-producer-1] Rebootstrapping with [localhost/127.0.0.1:9099]
2026-01-12T21:53:44.000+01:00  INFO 59125 --- [annonceService] [vice-producer-1] org.apache.kafka.clients.Metadata        : [Producer clientId=annonceService-producer-1] Rebootstrapping with [localhost/127.0.0.1:9099]
2026-01-12T21:53:44.053+01:00  INFO 59125 --- [annonceService] [vice-producer-1] org.apache.kafka.clients.NetworkClient   : [Producer clientId=annonceService-producer-1] Node -1 disconnected.
2026-01-12T21:53:44.054+01:00  WARN 59125 --- [annonceService] [vice-producer-1] org.apache.kafka.clients.NetworkClient   : [Producer clientId=annonceService-producer-1] Connection to node -1 (localhost/127.0.0.1:9099) could not be established. Node may not be available.
2026-01-12T21:53:44.054+01:00  WARN 59125 --- [annonceService] [vice-producer-1] org.apache.kafka.clients.NetworkClient   : [Producer clientId=annonceService-producer-1] Bootstrap broker localhost:9099 (id: -1 rack: null isFenced: false) disconnected
2026-01-12T21:53:45.054+01:00  INFO 59125 --- [annonceService] [vice-producer-1] org.apache.kafka.clients.NetworkClient   : [Producer clientId=annonceService-producer-1] Node -1 disconnected.
2026-01-12T21:53:45.055+01:00  WARN 59125 --- [annonceService] [vice-producer-1] org.apache.kafka.clients.NetworkClient   : [Producer clientId=annonceService-producer-1] Connection to node -1 (localhost/127.0.0.1:9099) could not be established. Node may not be available.
2026-01-12T21:53:45.055+01:00  WARN 59125 --- [annonceService] [vice-producer-1] org.apache.kafka.clients.NetworkClient   : [Producer clientId=annonceService-producer-1] Bootstrap broker localhost:9099 (id: -1 rack: null isFenced: false) disconnected
2026-01-12T21:53:46.056+01:00  INFO 59125 --- [annonceService] [vice-producer-1] org.apache.kafka.clients.NetworkClient   : [Producer clientId=annonceService-producer-1] Node -1 disconnected.
2026-01-12T21:53:46.057+01:00  WARN 59125 --- [annonceService] [vice-producer-1] org.apache.kafka.clients.NetworkClient   : [Producer clientId=annonceService-producer-1] Connection to node -1 (localhost/127.0.0.1:9099) could not be established. Node may not be available.
2026-01-12T21:53:46.057+01:00  WARN 59125 --- [annonceService] [vice-producer-1] org.apache.kafka.clients.NetworkClient   : [Producer clientId=annonceService-producer-1] Bootstrap broker localhost:9099 (id: -1 rack: null isFenced: false) disconnected
2026-01-12T21:53:47.059+01:00  INFO 59125 --- [annonceService] [vice-producer-1] org.apache.kafka.clients.NetworkClient   : [Producer clientId=annonceService-producer-1] Node -1 disconnected.
2026-01-12T21:53:47.059+01:00  WARN 59125 --- [annonceService] [vice-producer-1] org.apache.kafka.clients.NetworkClient   : [Producer clientId=annonceService-producer-1] Connection to node -1 (localhost/127.0.0.1:9099) could not be established. Node may not be available.
2026-01-12T21:53:47.059+01:00  WARN 59125 --- [annonceService] [vice-producer-1] org.apache.kafka.clients.NetworkClient   : [Producer clientId=annonceService-producer-1] Bootstrap broker localhost:9099 (id: -1 rack: null isFenced: false) disconnected
2026-01-12T21:53:47.931+01:00  INFO 59125 --- [annonceService] [vice-producer-1] org.apache.kafka.clients.NetworkClient   : [Producer clientId=annonceService-producer-1] Node -1 disconnected.
2026-01-12T21:53:47.932+01:00  WARN 59125 --- [annonceService] [vice-producer-1] org.apache.kafka.clients.NetworkClient   : [Producer clientId=annonceService-producer-1] Connection to node -1 (localhost/127.0.0.1:9099) could not be established. Node may not be available.
2026-01-12T21:53:47.932+01:00  WARN 59125 --- [annonceService] [vice-producer-1] org.apache.kafka.clients.NetworkClient   : [Producer clientId=annonceService-producer-1] Bootstrap broker localhost:9099 (id: -1 rack: null isFenced: false) disconnected
2026-01-12T21:53:48.033+01:00  INFO 59125 --- [annonceService] [vice-producer-1] org.apache.kafka.clients.Metadata        : [Producer clientId=annonceService-producer-1] Rebootstrapping with [localhost/127.0.0.1:9099]
2026-01-12T21:53:48.085+01:00  INFO 59125 --- [annonceService] [vice-producer-1] org.apache.kafka.clients.Metadata        : [Producer clientId=annonceService-producer-1] Rebootstrapping with [localhost/127.0.0.1:9099]
2026-01-12T21:53:48.135+01:00  INFO 59125 --- [annonceService] [vice-producer-1] org.apache.kafka.clients.Metadata        : [Producer clientId=annonceService-producer-1] Rebootstrapping with [localhost/127.0.0.1:9099]
2026-01-12T21:53:48.187+01:00  INFO 59125 --- [annonceService] [vice-producer-1] org.apache.kafka.clients.Metadata        : [Producer clientId=annonceService-producer-1] Rebootstrapping with [localhost/127.0.0.1:9099]
2026-01-12T21:53:48.237+01:00  INFO 59125 --- [annonceService] [vice-producer-1] org.apache.kafka.clients.Metadata        : [Producer clientId=annonceService-producer-1] Rebootstrapping with [localhost/127.0.0.1:9099]
2026-01-12T21:53:48.289+01:00  INFO 59125 --- [annonceService] [vice-producer-1] org.apache.kafka.clients.Metadata        : [Producer clientId=annonceService-producer-1] Rebootstrapping with [localhost/127.0.0.1:9099]
2026-01-12T21:53:48.340+01:00  INFO 59125 --- [annonceService] [vice-producer-1] org.apache.kafka.clients.Metadata        : [Producer clientId=annonceService-producer-1] Rebootstrapping with [localhost/127.0.0.1:9099]
2026-01-12T21:53:48.392+01:00  INFO 59125 --- [annonceService] [vice-producer-1] org.apache.kafka.clients.Metadata        : [Producer clientId=annonceService-producer-1] Rebootstrapping with [localhost/127.0.0.1:9099]
2026-01-12T21:53:48.443+01:00  INFO 59125 --- [annonceService] [vice-producer-1] org.apache.kafka.clients.Metadata        : [Producer clientId=annonceService-producer-1] Rebootstrapping with [localhost/127.0.0.1:9099]
2026-01-12T21:53:48.495+01:00  INFO 59125 --- [annonceService] [vice-producer-1] org.apache.kafka.clients.Metadata        : [Producer clientId=annonceService-producer-1] Rebootstrapping with [localhost/127.0.0.1:9099]
2026-01-12T21:53:48.546+01:00  INFO 59125 --- [annonceService] [vice-producer-1] org.apache.kafka.clients.Metadata        : [Producer clientId=annonceService-producer-1] Rebootstrapping with [localhost/127.0.0.1:9099]
2026-01-12T21:53:48.597+01:00  INFO 59125 --- [annonceService] [vice-producer-1] org.apache.kafka.clients.Metadata        : [Producer clientId=annonceService-producer-1] Rebootstrapping with [localhost/127.0.0.1:9099]
2026-01-12T21:53:48.648+01:00  INFO 59125 --- [annonceService] [vice-producer-1] org.apache.kafka.clients.Metadata        : [Producer clientId=annonceService-producer-1] Rebootstrapping with [localhost/127.0.0.1:9099]
2026-01-12T21:53:48.699+01:00  INFO 59125 --- [annonceService] [vice-producer-1] org.apache.kafka.clients.Metadata        : [Producer clientId=annonceService-producer-1] Rebootstrapping with [localhost/127.0.0.1:9099]
2026-01-12T21:53:48.750+01:00  INFO 59125 --- [annonceService] [vice-producer-1] org.apache.kafka.clients.Metadata        : [Producer clientId=annonceService-producer-1] Rebootstrapping with [localhost/127.0.0.1:9099]
2026-01-12T21:53:48.802+01:00  INFO 59125 --- [annonceService] [vice-producer-1] org.apache.kafka.clients.Metadata        : [Producer clientId=annonceService-producer-1] Rebootstrapping with [localhost/127.0.0.1:9099]
2026-01-12T21:53:48.853+01:00  INFO 59125 --- [annonceService] [vice-producer-1] org.apache.kafka.clients.Metadata        : [Producer clientId=annonceService-producer-1] Rebootstrapping with [localhost/127.0.0.1:9099]
2026-01-12T21:53:48.904+01:00  INFO 59125 --- [annonceService] [vice-producer-1] org.apache.kafka.clients.Metadata        : [Producer clientId=annonceService-producer-1] Rebootstrapping with [localhost/127.0.0.1:9099]
2026-01-12T21:53:48.958+01:00  INFO 59125 --- [annonceService] [vice-producer-1] org.apache.kafka.clients.NetworkClient   : [Producer clientId=annonceService-producer-1] Node -1 disconnected.
2026-01-12T21:53:48.958+01:00  WARN 59125 --- [annonceService] [vice-producer-1] org.apache.kafka.clients.NetworkClient   : [Producer clientId=annonceService-producer-1] Connection to node -1 (localhost/127.0.0.1:9099) could not be established. Node may not be available.
2026-01-12T21:53:48.958+01:00  WARN 59125 --- [annonceService] [vice-producer-1] org.apache.kafka.clients.NetworkClient   : [Producer clientId=annonceService-producer-1] Bootstrap broker localhost:9099 (id: -1 rack: null isFenced: false) disconnected
2026-01-12T21:53:49.781+01:00  INFO 59125 --- [annonceService] [vice-producer-1] org.apache.kafka.clients.Metadata        : [Producer clientId=annonceService-producer-1] Rebootstrapping with [localhost/127.0.0.1:9099]
2026-01-12T21:53:49.891+01:00  INFO 59125 --- [annonceService] [vice-producer-1] org.apache.kafka.clients.Metadata        : [Producer clientId=annonceService-producer-1] Rebootstrapping with [localhost/127.0.0.1:9099]
2026-01-12T21:53:49.961+01:00  INFO 59125 --- [annonceService] [vice-producer-1] org.apache.kafka.clients.NetworkClient   : [Producer clientId=annonceService-producer-1] Node -1 disconnected.
2026-01-12T21:53:49.962+01:00  WARN 59125 --- [annonceService] [vice-producer-1] org.apache.kafka.clients.NetworkClient   : [Producer clientId=annonceService-producer-1] Connection to node -1 (localhost/127.0.0.1:9099) could not be established. Node may not be available.
2026-01-12T21:53:49.962+01:00  WARN 59125 --- [annonceService] [vice-producer-1] org.apache.kafka.clients.NetworkClient   : [Producer clientId=annonceService-producer-1] Bootstrap broker localhost:9099 (id: -1 rack: null isFenced: false) disconnected
2026-01-12T21:53:50.964+01:00  INFO 59125 --- [annonceService] [vice-producer-1] org.apache.kafka.clients.NetworkClient   : [Producer clientId=annonceService-producer-1] Node -1 disconnected.
2026-01-12T21:53:50.964+01:00  WARN 59125 --- [annonceService] [vice-producer-1] org.apache.kafka.clients.NetworkClient   : [Producer clientId=annonceService-producer-1] Connection to node -1 (localhost/127.0.0.1:9099) could not be established. Node may not be available.
2026-01-12T21:53:50.964+01:00  WARN 59125 --- [annonceService] [vice-producer-1] org.apache.kafka.clients.NetworkClient   : [Producer clientId=annonceService-producer-1] Bootstrap broker localhost:9099 (id: -1 rack: null isFenced: false) disconnected
2026-01-12T21:53:51.895+01:00  INFO 59125 --- [annonceService] [vice-producer-1] org.apache.kafka.clients.NetworkClient   : [Producer clientId=annonceService-producer-1] Node -1 disconnected.
2026-01-12T21:53:51.895+01:00  WARN 59125 --- [annonceService] [vice-producer-1] org.apache.kafka.clients.NetworkClient   : [Producer clientId=annonceService-producer-1] Connection to node -1 (localhost/127.0.0.1:9099) could not be established. Node may not be available.
2026-01-12T21:53:51.895+01:00  WARN 59125 --- [annonceService] [vice-producer-1] org.apache.kafka.clients.NetworkClient   : [Producer clientId=annonceService-producer-1] Bootstrap broker localhost:9099 (id: -1 rack: null isFenced: false) disconnected
2026-01-12T21:53:52.763+01:00  INFO 59125 --- [annonceService] [vice-producer-1] org.apache.kafka.clients.Metadata        : [Producer clientId=annonceService-producer-1] Rebootstrapping with [localhost/127.0.0.1:9099]
2026-01-12T21:53:52.897+01:00  INFO 59125 --- [annonceService] [vice-producer-1] org.apache.kafka.clients.NetworkClient   : [Producer clientId=annonceService-producer-1] Node -1 disconnected.
2026-01-12T21:53:52.898+01:00  WARN 59125 --- [annonceService] [vice-producer-1] org.apache.kafka.clients.NetworkClient   : [Producer clientId=annonceService-producer-1] Connection to node -1 (localhost/127.0.0.1:9099) could not be established. Node may not be available.
2026-01-12T21:53:52.898+01:00  WARN 59125 --- [annonceService] [vice-producer-1] org.apache.kafka.clients.NetworkClient   : [Producer clientId=annonceService-producer-1] Bootstrap broker localhost:9099 (id: -1 rack: null isFenced: false) disconnected
2026-01-12T21:53:53.813+01:00  INFO 59125 --- [annonceService] [vice-producer-1] org.apache.kafka.clients.Metadata        : [Producer clientId=annonceService-producer-1] Rebootstrapping with [localhost/127.0.0.1:9099]
2026-01-12T21:53:53.901+01:00  INFO 59125 --- [annonceService] [vice-producer-1] org.apache.kafka.clients.NetworkClient   : [Producer clientId=annonceService-producer-1] Node -1 disconnected.
2026-01-12T21:53:53.902+01:00  WARN 59125 --- [annonceService] [vice-producer-1] org.apache.kafka.clients.NetworkClient   : [Producer clientId=annonceService-producer-1] Connection to node -1 (localhost/127.0.0.1:9099) could not be established. Node may not be available.
2026-01-12T21:53:53.902+01:00  WARN 59125 --- [annonceService] [vice-producer-1] org.apache.kafka.clients.NetworkClient   : [Producer clientId=annonceService-producer-1] Bootstrap broker localhost:9099 (id: -1 rack: null isFenced: false) disconnected
2026-01-12T21:53:54.824+01:00  INFO 59125 --- [annonceService] [vice-producer-1] org.apache.kafka.clients.Metadata        : [Producer clientId=annonceService-producer-1] Rebootstrapping with [localhost/127.0.0.1:9099]
2026-01-12T21:53:54.878+01:00  INFO 59125 --- [annonceService] [vice-producer-1] org.apache.kafka.clients.NetworkClient   : [Producer clientId=annonceService-producer-1] Node -1 disconnected.
2026-01-12T21:53:54.878+01:00  WARN 59125 --- [annonceService] [vice-producer-1] org.apache.kafka.clients.NetworkClient   : [Producer clientId=annonceService-producer-1] Connection to node -1 (localhost/127.0.0.1:9099) could not be established. Node may not be available.
2026-01-12T21:53:54.878+01:00  WARN 59125 --- [annonceService] [vice-producer-1] org.apache.kafka.clients.NetworkClient   : [Producer clientId=annonceService-producer-1] Bootstrap broker localhost:9099 (id: -1 rack: null isFenced: false) disconnected
2026-01-12T21:53:54.982+01:00  INFO 59125 --- [annonceService] [vice-producer-1] org.apache.kafka.clients.Metadata        : [Producer clientId=annonceService-producer-1] Rebootstrapping with [localhost/127.0.0.1:9099]
2026-01-12T21:53:55.033+01:00  INFO 59125 --- [annonceService] [vice-producer-1] org.apache.kafka.clients.Metadata        : [Producer clientId=annonceService-producer-1] Rebootstrapping with [localhost/127.0.0.1:9099]
2026-01-12T21:53:55.085+01:00  INFO 59125 --- [annonceService] [vice-producer-1] org.apache.kafka.clients.Metadata        : [Producer clientId=annonceService-producer-1] Rebootstrapping with [localhost/127.0.0.1:9099]
2026-01-12T21:53:55.136+01:00  INFO 59125 --- [annonceService] [vice-producer-1] org.apache.kafka.clients.Metadata        : [Producer clientId=annonceService-producer-1] Rebootstrapping with [localhost/127.0.0.1:9099]
2026-01-12T21:53:55.186+01:00  INFO 59125 --- [annonceService] [vice-producer-1] org.apache.kafka.clients.Metadata        : [Producer clientId=annonceService-producer-1] Rebootstrapping with [localhost/127.0.0.1:9099]
2026-01-12T21:53:55.237+01:00  INFO 59125 --- [annonceService] [vice-producer-1] org.apache.kafka.clients.Metadata        : [Producer clientId=annonceService-producer-1] Rebootstrapping with [localhost/127.0.0.1:9099]
2026-01-12T21:53:55.288+01:00  INFO 59125 --- [annonceService] [vice-producer-1] org.apache.kafka.clients.Metadata        : [Producer clientId=annonceService-producer-1] Rebootstrapping with [localhost/127.0.0.1:9099]
2026-01-12T21:53:55.339+01:00  INFO 59125 --- [annonceService] [vice-producer-1] org.apache.kafka.clients.Metadata        : [Producer clientId=annonceService-producer-1] Rebootstrapping with [localhost/127.0.0.1:9099]
2026-01-12T21:53:55.391+01:00  INFO 59125 --- [annonceService] [vice-producer-1] org.apache.kafka.clients.Metadata        : [Producer clientId=annonceService-producer-1] Rebootstrapping with [localhost/127.0.0.1:9099]
2026-01-12T21:53:55.441+01:00  INFO 59125 --- [annonceService] [vice-producer-1] org.apache.kafka.clients.Metadata        : [Producer clientId=annonceService-producer-1] Rebootstrapping with [localhost/127.0.0.1:9099]
2026-01-12T21:53:55.493+01:00  INFO 59125 --- [annonceService] [vice-producer-1] org.apache.kafka.clients.Metadata        : [Producer clientId=annonceService-producer-1] Rebootstrapping with [localhost/127.0.0.1:9099]
2026-01-12T21:53:55.544+01:00  INFO 59125 --- [annonceService] [vice-producer-1] org.apache.kafka.clients.Metadata        : [Producer clientId=annonceService-producer-1] Rebootstrapping with [localhost/127.0.0.1:9099]
2026-01-12T21:53:55.596+01:00  INFO 59125 --- [annonceService] [vice-producer-1] org.apache.kafka.clients.Metadata        : [Producer clientId=annonceService-producer-1] Rebootstrapping with [localhost/127.0.0.1:9099]
2026-01-12T21:53:55.648+01:00  INFO 59125 --- [annonceService] [vice-producer-1] org.apache.kafka.clients.Metadata        : [Producer clientId=annonceService-producer-1] Rebootstrapping with [localhost/127.0.0.1:9099]
2026-01-12T21:53:55.700+01:00  INFO 59125 --- [annonceService] [vice-producer-1] org.apache.kafka.clients.Metadata        : [Producer clientId=annonceService-producer-1] Rebootstrapping with [localhost/127.0.0.1:9099]
2026-01-12T21:53:55.751+01:00  INFO 59125 --- [annonceService] [vice-producer-1] org.apache.kafka.clients.Metadata        : [Producer clientId=annonceService-producer-1] Rebootstrapping with [localhost/127.0.0.1:9099]
2026-01-12T21:53:55.803+01:00  INFO 59125 --- [annonceService] [vice-producer-1] org.apache.kafka.clients.Metadata        : [Producer clientId=annonceService-producer-1] Rebootstrapping with [localhost/127.0.0.1:9099]
2026-01-12T21:53:55.855+01:00  INFO 59125 --- [annonceService] [vice-producer-1] org.apache.kafka.clients.Metadata        : [Producer clientId=annonceService-producer-1] Rebootstrapping with [localhost/127.0.0.1:9099]
2026-01-12T21:53:55.908+01:00  INFO 59125 --- [annonceService] [vice-producer-1] org.apache.kafka.clients.NetworkClient   : [Producer clientId=annonceService-producer-1] Node -1 disconnected.
2026-01-12T21:53:55.909+01:00  WARN 59125 --- [annonceService] [vice-producer-1] org.apache.kafka.clients.NetworkClient   : [Producer clientId=annonceService-producer-1] Connection to node -1 (localhost/127.0.0.1:9099) could not be established. Node may not be available.
2026-01-12T21:53:55.909+01:00  WARN 59125 --- [annonceService] [vice-producer-1] org.apache.kafka.clients.NetworkClient   : [Producer clientId=annonceService-producer-1] Bootstrap broker localhost:9099 (id: -1 rack: null isFenced: false) disconnected
2026-01-12T21:53:56.832+01:00  INFO 59125 --- [annonceService] [vice-producer-1] org.apache.kafka.clients.Metadata        : [Producer clientId=annonceService-producer-1] Rebootstrapping with [localhost/127.0.0.1:9099]
2026-01-12T21:53:56.911+01:00  INFO 59125 --- [annonceService] [vice-producer-1] org.apache.kafka.clients.NetworkClient   : [Producer clientId=annonceService-producer-1] Node -1 disconnected.
2026-01-12T21:53:56.911+01:00  WARN 59125 --- [annonceService] [vice-producer-1] org.apache.kafka.clients.NetworkClient   : [Producer clientId=annonceService-producer-1] Connection to node -1 (localhost/127.0.0.1:9099) could not be established. Node may not be available.
2026-01-12T21:53:56.911+01:00  WARN 59125 --- [annonceService] [vice-producer-1] org.apache.kafka.clients.NetworkClient   : [Producer clientId=annonceService-producer-1] Bootstrap broker localhost:9099 (id: -1 rack: null isFenced: false) disconnected
2026-01-12T21:53:57.858+01:00  INFO 59125 --- [annonceService] [vice-producer-1] org.apache.kafka.clients.Metadata        : [Producer clientId=annonceService-producer-1] Rebootstrapping with [localhost/127.0.0.1:9099]
2026-01-12T21:53:57.913+01:00  INFO 59125 --- [annonceService] [vice-producer-1] org.apache.kafka.clients.NetworkClient   : [Producer clientId=annonceService-producer-1] Node -1 disconnected.
2026-01-12T21:53:57.913+01:00  WARN 59125 --- [annonceService] [vice-producer-1] org.apache.kafka.clients.NetworkClient   : [Producer clientId=annonceService-producer-1] Connection to node -1 (localhost/127.0.0.1:9099) could not be established. Node may not be available.
2026-01-12T21:53:57.913+01:00  WARN 59125 --- [annonceService] [vice-producer-1] org.apache.kafka.clients.NetworkClient   : [Producer clientId=annonceService-producer-1] Bootstrap broker localhost:9099 (id: -1 rack: null isFenced: false) disconnected
2026-01-12T21:53:58.834+01:00  INFO 59125 --- [annonceService] [vice-producer-1] org.apache.kafka.clients.Metadata        : [Producer clientId=annonceService-producer-1] Rebootstrapping with [localhost/127.0.0.1:9099]
2026-01-12T21:53:58.915+01:00  INFO 59125 --- [annonceService] [vice-producer-1] org.apache.kafka.clients.NetworkClient   : [Producer clientId=annonceService-producer-1] Node -1 disconnected.
2026-01-12T21:53:58.915+01:00  WARN 59125 --- [annonceService] [vice-producer-1] org.apache.kafka.clients.NetworkClient   : [Producer clientId=annonceService-producer-1] Connection to node -1 (localhost/127.0.0.1:9099) could not be established. Node may not be available.
2026-01-12T21:53:58.915+01:00  WARN 59125 --- [annonceService] [vice-producer-1] org.apache.kafka.clients.NetworkClient   : [Producer clientId=annonceService-producer-1] Bootstrap broker localhost:9099 (id: -1 rack: null isFenced: false) disconnected
2026-01-12T21:53:59.890+01:00  INFO 59125 --- [annonceService] [vice-producer-1] org.apache.kafka.clients.Metadata        : [Producer clientId=annonceService-producer-1] Rebootstrapping with [localhost/127.0.0.1:9099]
2026-01-12T21:53:59.945+01:00  INFO 59125 --- [annonceService] [vice-producer-1] org.apache.kafka.clients.NetworkClient   : [Producer clientId=annonceService-producer-1] Node -1 disconnected.
2026-01-12T21:53:59.945+01:00  WARN 59125 --- [annonceService] [vice-producer-1] org.apache.kafka.clients.NetworkClient   : [Producer clientId=annonceService-producer-1] Connection to node -1 (localhost/127.0.0.1:9099) could not be established. Node may not be available.
2026-01-12T21:53:59.945+01:00  WARN 59125 --- [annonceService] [vice-producer-1] org.apache.kafka.clients.NetworkClient   : [Producer clientId=annonceService-producer-1] Bootstrap broker localhost:9099 (id: -1 rack: null isFenced: false) disconnected
2026-01-12T21:54:00.839+01:00  INFO 59125 --- [annonceService] [vice-producer-1] org.apache.kafka.clients.Metadata        : [Producer clientId=annonceService-producer-1] Rebootstrapping with [localhost/127.0.0.1:9099]
2026-01-12T21:54:00.891+01:00  INFO 59125 --- [annonceService] [vice-producer-1] org.apache.kafka.clients.Metadata        : [Producer clientId=annonceService-producer-1] Rebootstrapping with [localhost/127.0.0.1:9099]
2026-01-12T21:54:00.947+01:00  INFO 59125 --- [annonceService] [vice-producer-1] org.apache.kafka.clients.NetworkClient   : [Producer clientId=annonceService-producer-1] Node -1 disconnected.
2026-01-12T21:54:00.947+01:00  WARN 59125 --- [annonceService] [vice-producer-1] org.apache.kafka.clients.NetworkClient   : [Producer clientId=annonceService-producer-1] Connection to node -1 (localhost/127.0.0.1:9099) could not be established. Node may not be available.
2026-01-12T21:54:00.947+01:00  WARN 59125 --- [annonceService] [vice-producer-1] org.apache.kafka.clients.NetworkClient   : [Producer clientId=annonceService-producer-1] Bootstrap broker localhost:9099 (id: -1 rack: null isFenced: false) disconnected
2026-01-12T21:54:01.950+01:00  INFO 59125 --- [annonceService] [vice-producer-1] org.apache.kafka.clients.NetworkClient   : [Producer clientId=annonceService-producer-1] Node -1 disconnected.
2026-01-12T21:54:01.951+01:00  WARN 59125 --- [annonceService] [vice-producer-1] org.apache.kafka.clients.NetworkClient   : [Producer clientId=annonceService-producer-1] Connection to node -1 (localhost/127.0.0.1:9099) could not be established. Node may not be available.
2026-01-12T21:54:01.951+01:00  WARN 59125 --- [annonceService] [vice-producer-1] org.apache.kafka.clients.NetworkClient   : [Producer clientId=annonceService-producer-1] Bootstrap broker localhost:9099 (id: -1 rack: null isFenced: false) disconnected
2026-01-12T21:54:02.923+01:00  INFO 59125 --- [annonceService] [vice-producer-1] org.apache.kafka.clients.NetworkClient   : [Producer clientId=annonceService-producer-1] Node -1 disconnected.
2026-01-12T21:54:02.923+01:00  WARN 59125 --- [annonceService] [vice-producer-1] org.apache.kafka.clients.NetworkClient   : [Producer clientId=annonceService-producer-1] Connection to node -1 (localhost/127.0.0.1:9099) could not be established. Node may not be available.
2026-01-12T21:54:02.923+01:00  WARN 59125 --- [annonceService] [vice-producer-1] org.apache.kafka.clients.NetworkClient   : [Producer clientId=annonceService-producer-1] Bootstrap broker localhost:9099 (id: -1 rack: null isFenced: false) disconnected
2026-01-12T21:54:03.028+01:00  INFO 59125 --- [annonceService] [vice-producer-1] org.apache.kafka.clients.Metadata        : [Producer clientId=annonceService-producer-1] Rebootstrapping with [localhost/127.0.0.1:9099]
2026-01-12T21:54:03.080+01:00  INFO 59125 --- [annonceService] [vice-producer-1] org.apache.kafka.clients.Metadata        : [Producer clientId=annonceService-producer-1] Rebootstrapping with [localhost/127.0.0.1:9099]
2026-01-12T21:54:03.131+01:00  INFO 59125 --- [annonceService] [vice-producer-1] org.apache.kafka.clients.Metadata        : [Producer clientId=annonceService-producer-1] Rebootstrapping with [localhost/127.0.0.1:9099]
2026-01-12T21:54:03.182+01:00  INFO 59125 --- [annonceService] [vice-producer-1] org.apache.kafka.clients.Metadata        : [Producer clientId=annonceService-producer-1] Rebootstrapping with [localhost/127.0.0.1:9099]
2026-01-12T21:54:03.233+01:00  INFO 59125 --- [annonceService] [vice-producer-1] org.apache.kafka.clients.Metadata        : [Producer clientId=annonceService-producer-1] Rebootstrapping with [localhost/127.0.0.1:9099]
2026-01-12T21:54:03.284+01:00  INFO 59125 --- [annonceService] [vice-producer-1] org.apache.kafka.clients.Metadata        : [Producer clientId=annonceService-producer-1] Rebootstrapping with [localhost/127.0.0.1:9099]
2026-01-12T21:54:03.334+01:00  INFO 59125 --- [annonceService] [vice-producer-1] org.apache.kafka.clients.Metadata        : [Producer clientId=annonceService-producer-1] Rebootstrapping with [localhost/127.0.0.1:9099]
2026-01-12T21:54:03.386+01:00  INFO 59125 --- [annonceService] [vice-producer-1] org.apache.kafka.clients.Metadata        : [Producer clientId=annonceService-producer-1] Rebootstrapping with [localhost/127.0.0.1:9099]
2026-01-12T21:54:03.436+01:00  INFO 59125 --- [annonceService] [vice-producer-1] org.apache.kafka.clients.Metadata        : [Producer clientId=annonceService-producer-1] Rebootstrapping with [localhost/127.0.0.1:9099]
2026-01-12T21:54:03.487+01:00  INFO 59125 --- [annonceService] [vice-producer-1] org.apache.kafka.clients.Metadata        : [Producer clientId=annonceService-producer-1] Rebootstrapping with [localhost/127.0.0.1:9099]
2026-01-12T21:54:03.537+01:00  INFO 59125 --- [annonceService] [vice-producer-1] org.apache.kafka.clients.Metadata        : [Producer clientId=annonceService-producer-1] Rebootstrapping with [localhost/127.0.0.1:9099]
2026-01-12T21:54:03.589+01:00  INFO 59125 --- [annonceService] [vice-producer-1] org.apache.kafka.clients.Metadata        : [Producer clientId=annonceService-producer-1] Rebootstrapping with [localhost/127.0.0.1:9099]
2026-01-12T21:54:03.640+01:00  INFO 59125 --- [annonceService] [vice-producer-1] org.apache.kafka.clients.Metadata        : [Producer clientId=annonceService-producer-1] Rebootstrapping with [localhost/127.0.0.1:9099]
2026-01-12T21:54:03.691+01:00  INFO 59125 --- [annonceService] [vice-producer-1] org.apache.kafka.clients.Metadata        : [Producer clientId=annonceService-producer-1] Rebootstrapping with [localhost/127.0.0.1:9099]
2026-01-12T21:54:03.743+01:00  INFO 59125 --- [annonceService] [vice-producer-1] org.apache.kafka.clients.Metadata        : [Producer clientId=annonceService-producer-1] Rebootstrapping with [localhost/127.0.0.1:9099]
2026-01-12T21:54:03.794+01:00  INFO 59125 --- [annonceService] [vice-producer-1] org.apache.kafka.clients.Metadata        : [Producer clientId=annonceService-producer-1] Rebootstrapping with [localhost/127.0.0.1:9099]
2026-01-12T21:54:03.848+01:00  INFO 59125 --- [annonceService] [vice-producer-1] org.apache.kafka.clients.Metadata        : [Producer clientId=annonceService-producer-1] Rebootstrapping with [localhost/127.0.0.1:9099]
2026-01-12T21:54:03.899+01:00  INFO 59125 --- [annonceService] [vice-producer-1] org.apache.kafka.clients.Metadata        : [Producer clientId=annonceService-producer-1] Rebootstrapping with [localhost/127.0.0.1:9099]
2026-01-12T21:54:03.951+01:00  INFO 59125 --- [annonceService] [vice-producer-1] org.apache.kafka.clients.NetworkClient   : [Producer clientId=annonceService-producer-1] Node -1 disconnected.
2026-01-12T21:54:03.951+01:00  WARN 59125 --- [annonceService] [vice-producer-1] org.apache.kafka.clients.NetworkClient   : [Producer clientId=annonceService-producer-1] Connection to node -1 (localhost/127.0.0.1:9099) could not be established. Node may not be available.
2026-01-12T21:54:03.951+01:00  WARN 59125 --- [annonceService] [vice-producer-1] org.apache.kafka.clients.NetworkClient   : [Producer clientId=annonceService-producer-1] Bootstrap broker localhost:9099 (id: -1 rack: null isFenced: false) disconnected
2026-01-12T21:54:04.919+01:00  INFO 59125 --- [annonceService] [vice-producer-1] org.apache.kafka.clients.Metadata        : [Producer clientId=annonceService-producer-1] Rebootstrapping with [localhost/127.0.0.1:9099]
2026-01-12T21:54:04.973+01:00  INFO 59125 --- [annonceService] [vice-producer-1] org.apache.kafka.clients.NetworkClient   : [Producer clientId=annonceService-producer-1] Node -1 disconnected.
2026-01-12T21:54:04.974+01:00  WARN 59125 --- [annonceService] [vice-producer-1] org.apache.kafka.clients.NetworkClient   : [Producer clientId=annonceService-producer-1] Connection to node -1 (localhost/127.0.0.1:9099) could not be established. Node may not be available.
2026-01-12T21:54:04.974+01:00  WARN 59125 --- [annonceService] [vice-producer-1] org.apache.kafka.clients.NetworkClient   : [Producer clientId=annonceService-producer-1] Bootstrap broker localhost:9099 (id: -1 rack: null isFenced: false) disconnected
2026-01-12T21:54:05.936+01:00  INFO 59125 --- [annonceService] [vice-producer-1] org.apache.kafka.clients.Metadata        : [Producer clientId=annonceService-producer-1] Rebootstrapping with [localhost/127.0.0.1:9099]
2026-01-12T21:54:05.988+01:00  INFO 59125 --- [annonceService] [vice-producer-1] org.apache.kafka.clients.NetworkClient   : [Producer clientId=annonceService-producer-1] Node -1 disconnected.
2026-01-12T21:54:05.988+01:00  WARN 59125 --- [annonceService] [vice-producer-1] org.apache.kafka.clients.NetworkClient   : [Producer clientId=annonceService-producer-1] Connection to node -1 (localhost/127.0.0.1:9099) could not be established. Node may not be available.
2026-01-12T21:54:05.988+01:00  WARN 59125 --- [annonceService] [vice-producer-1] org.apache.kafka.clients.NetworkClient   : [Producer clientId=annonceService-producer-1] Bootstrap broker localhost:9099 (id: -1 rack: null isFenced: false) disconnected
2026-01-12T21:54:06.866+01:00  INFO 59125 --- [annonceService] [vice-producer-1] org.apache.kafka.clients.Metadata        : [Producer clientId=annonceService-producer-1] Rebootstrapping with [localhost/127.0.0.1:9099]
2026-01-12T21:54:06.918+01:00  INFO 59125 --- [annonceService] [vice-producer-1] org.apache.kafka.clients.Metadata        : [Producer clientId=annonceService-producer-1] Rebootstrapping with [localhost/127.0.0.1:9099]
2026-01-12T21:54:06.991+01:00  INFO 59125 --- [annonceService] [vice-producer-1] org.apache.kafka.clients.NetworkClient   : [Producer clientId=annonceService-producer-1] Node -1 disconnected.
2026-01-12T21:54:06.992+01:00  WARN 59125 --- [annonceService] [vice-producer-1] org.apache.kafka.clients.NetworkClient   : [Producer clientId=annonceService-producer-1] Connection to node -1 (localhost/127.0.0.1:9099) could not be established. Node may not be available.
2026-01-12T21:54:06.992+01:00  WARN 59125 --- [annonceService] [vice-producer-1] org.apache.kafka.clients.NetworkClient   : [Producer clientId=annonceService-producer-1] Bootstrap broker localhost:9099 (id: -1 rack: null isFenced: false) disconnected
2026-01-12T21:54:07.994+01:00  INFO 59125 --- [annonceService] [vice-producer-1] org.apache.kafka.clients.NetworkClient   : [Producer clientId=annonceService-producer-1] Node -1 disconnected.
2026-01-12T21:54:07.995+01:00  WARN 59125 --- [annonceService] [vice-producer-1] org.apache.kafka.clients.NetworkClient   : [Producer clientId=annonceService-producer-1] Connection to node -1 (localhost/127.0.0.1:9099) could not be established. Node may not be available.
2026-01-12T21:54:07.995+01:00  WARN 59125 --- [annonceService] [vice-producer-1] org.apache.kafka.clients.NetworkClient   : [Producer clientId=annonceService-producer-1] Bootstrap broker localhost:9099 (id: -1 rack: null isFenced: false) disconnected
2026-01-12T21:54:08.957+01:00  INFO 59125 --- [annonceService] [vice-producer-1] org.apache.kafka.clients.NetworkClient   : [Producer clientId=annonceService-producer-1] Node -1 disconnected.
2026-01-12T21:54:08.957+01:00  WARN 59125 --- [annonceService] [vice-producer-1] org.apache.kafka.clients.NetworkClient   : [Producer clientId=annonceService-producer-1] Connection to node -1 (localhost/127.0.0.1:9099) could not be established. Node may not be available.
2026-01-12T21:54:08.957+01:00  WARN 59125 --- [annonceService] [vice-producer-1] org.apache.kafka.clients.NetworkClient   : [Producer clientId=annonceService-producer-1] Bootstrap broker localhost:9099 (id: -1 rack: null isFenced: false) disconnected
2026-01-12T21:54:09.062+01:00  INFO 59125 --- [annonceService] [vice-producer-1] org.apache.kafka.clients.Metadata        : [Producer clientId=annonceService-producer-1] Rebootstrapping with [localhost/127.0.0.1:9099]
2026-01-12T21:54:09.114+01:00  INFO 59125 --- [annonceService] [vice-producer-1] org.apache.kafka.clients.Metadata        : [Producer clientId=annonceService-producer-1] Rebootstrapping with [localhost/127.0.0.1:9099]
2026-01-12T21:54:09.165+01:00  INFO 59125 --- [annonceService] [vice-producer-1] org.apache.kafka.clients.Metadata        : [Producer clientId=annonceService-producer-1] Rebootstrapping with [localhost/127.0.0.1:9099]
2026-01-12T21:54:09.218+01:00  INFO 59125 --- [annonceService] [vice-producer-1] org.apache.kafka.clients.Metadata        : [Producer clientId=annonceService-producer-1] Rebootstrapping with [localhost/127.0.0.1:9099]
2026-01-12T21:54:09.269+01:00  INFO 59125 --- [annonceService] [vice-producer-1] org.apache.kafka.clients.Metadata        : [Producer clientId=annonceService-producer-1] Rebootstrapping with [localhost/127.0.0.1:9099]
2026-01-12T21:54:09.327+01:00  INFO 59125 --- [annonceService] [vice-producer-1] org.apache.kafka.clients.Metadata        : [Producer clientId=annonceService-producer-1] Rebootstrapping with [localhost/127.0.0.1:9099]
2026-01-12T21:54:09.379+01:00  INFO 59125 --- [annonceService] [vice-producer-1] org.apache.kafka.clients.Metadata        : [Producer clientId=annonceService-producer-1] Rebootstrapping with [localhost/127.0.0.1:9099]
2026-01-12T21:54:09.433+01:00  INFO 59125 --- [annonceService] [vice-producer-1] org.apache.kafka.clients.Metadata        : [Producer clientId=annonceService-producer-1] Rebootstrapping with [localhost/127.0.0.1:9099]
2026-01-12T21:54:09.484+01:00  INFO 59125 --- [annonceService] [vice-producer-1] org.apache.kafka.clients.Metadata        : [Producer clientId=annonceService-producer-1] Rebootstrapping with [localhost/127.0.0.1:9099]
2026-01-12T21:54:09.537+01:00  INFO 59125 --- [annonceService] [vice-producer-1] org.apache.kafka.clients.Metadata        : [Producer clientId=annonceService-producer-1] Rebootstrapping with [localhost/127.0.0.1:9099]
2026-01-12T21:54:09.587+01:00  INFO 59125 --- [annonceService] [vice-producer-1] org.apache.kafka.clients.Metadata        : [Producer clientId=annonceService-producer-1] Rebootstrapping with [localhost/127.0.0.1:9099]
2026-01-12T21:54:09.639+01:00  INFO 59125 --- [annonceService] [vice-producer-1] org.apache.kafka.clients.Metadata        : [Producer clientId=annonceService-producer-1] Rebootstrapping with [localhost/127.0.0.1:9099]
2026-01-12T21:54:09.690+01:00  INFO 59125 --- [annonceService] [vice-producer-1] org.apache.kafka.clients.Metadata        : [Producer clientId=annonceService-producer-1] Rebootstrapping with [localhost/127.0.0.1:9099]
2026-01-12T21:54:09.742+01:00  INFO 59125 --- [annonceService] [vice-producer-1] org.apache.kafka.clients.Metadata        : [Producer clientId=annonceService-producer-1] Rebootstrapping with [localhost/127.0.0.1:9099]
2026-01-12T21:54:09.793+01:00  INFO 59125 --- [annonceService] [vice-producer-1] org.apache.kafka.clients.Metadata        : [Producer clientId=annonceService-producer-1] Rebootstrapping with [localhost/127.0.0.1:9099]
2026-01-12T21:54:09.845+01:00  INFO 59125 --- [annonceService] [vice-producer-1] org.apache.kafka.clients.Metadata        : [Producer clientId=annonceService-producer-1] Rebootstrapping with [localhost/127.0.0.1:9099]
2026-01-12T21:54:09.896+01:00  INFO 59125 --- [annonceService] [vice-producer-1] org.apache.kafka.clients.Metadata        : [Producer clientId=annonceService-producer-1] Rebootstrapping with [localhost/127.0.0.1:9099]
2026-01-12T21:54:09.948+01:00  INFO 59125 --- [annonceService] [vice-producer-1] org.apache.kafka.clients.Metadata        : [Producer clientId=annonceService-producer-1] Rebootstrapping with [localhost/127.0.0.1:9099]
2026-01-12T21:54:10.001+01:00  INFO 59125 --- [annonceService] [vice-producer-1] org.apache.kafka.clients.NetworkClient   : [Producer clientId=annonceService-producer-1] Node -1 disconnected.
2026-01-12T21:54:10.001+01:00  WARN 59125 --- [annonceService] [vice-producer-1] org.apache.kafka.clients.NetworkClient   : [Producer clientId=annonceService-producer-1] Connection to node -1 (localhost/127.0.0.1:9099) could not be established. Node may not be available.
2026-01-12T21:54:10.001+01:00  WARN 59125 --- [annonceService] [vice-producer-1] org.apache.kafka.clients.NetworkClient   : [Producer clientId=annonceService-producer-1] Bootstrap broker localhost:9099 (id: -1 rack: null isFenced: false) disconnected
2026-01-12T21:54:10.874+01:00  INFO 59125 --- [annonceService] [vice-producer-1] org.apache.kafka.clients.Metadata        : [Producer clientId=annonceService-producer-1] Rebootstrapping with [localhost/127.0.0.1:9099]
2026-01-12T21:54:10.978+01:00  INFO 59125 --- [annonceService] [vice-producer-1] org.apache.kafka.clients.Metadata        : [Producer clientId=annonceService-producer-1] Rebootstrapping with [localhost/127.0.0.1:9099]
2026-01-12T21:54:11.032+01:00  INFO 59125 --- [annonceService] [vice-producer-1] org.apache.kafka.clients.NetworkClient   : [Producer clientId=annonceService-producer-1] Node -1 disconnected.
2026-01-12T21:54:11.033+01:00  WARN 59125 --- [annonceService] [vice-producer-1] org.apache.kafka.clients.NetworkClient   : [Producer clientId=annonceService-producer-1] Connection to node -1 (localhost/127.0.0.1:9099) could not be established. Node may not be available.
2026-01-12T21:54:11.033+01:00  WARN 59125 --- [annonceService] [vice-producer-1] org.apache.kafka.clients.NetworkClient   : [Producer clientId=annonceService-producer-1] Bootstrap broker localhost:9099 (id: -1 rack: null isFenced: false) disconnected
2026-01-12T21:54:11.959+01:00  INFO 59125 --- [annonceService] [vice-producer-1] org.apache.kafka.clients.NetworkClient   : [Producer clientId=annonceService-producer-1] Node -1 disconnected.
2026-01-12T21:54:11.959+01:00  WARN 59125 --- [annonceService] [vice-producer-1] org.apache.kafka.clients.NetworkClient   : [Producer clientId=annonceService-producer-1] Connection to node -1 (localhost/127.0.0.1:9099) could not be established. Node may not be available.
2026-01-12T21:54:11.959+01:00  WARN 59125 --- [annonceService] [vice-producer-1] org.apache.kafka.clients.NetworkClient   : [Producer clientId=annonceService-producer-1] Bootstrap broker localhost:9099 (id: -1 rack: null isFenced: false) disconnected
2026-01-12T21:54:12.855+01:00  INFO 59125 --- [annonceService] [vice-producer-1] org.apache.kafka.clients.Metadata        : [Producer clientId=annonceService-producer-1] Rebootstrapping with [localhost/127.0.0.1:9099]
2026-01-12T21:54:12.908+01:00  INFO 59125 --- [annonceService] [vice-producer-1] org.apache.kafka.clients.NetworkClient   : [Producer clientId=annonceService-producer-1] Node -1 disconnected.
2026-01-12T21:54:12.908+01:00  WARN 59125 --- [annonceService] [vice-producer-1] org.apache.kafka.clients.NetworkClient   : [Producer clientId=annonceService-producer-1] Connection to node -1 (localhost/127.0.0.1:9099) could not be established. Node may not be available.
2026-01-12T21:54:12.908+01:00  WARN 59125 --- [annonceService] [vice-producer-1] org.apache.kafka.clients.NetworkClient   : [Producer clientId=annonceService-producer-1] Bootstrap broker localhost:9099 (id: -1 rack: null isFenced: false) disconnected
2026-01-12T21:54:13.824+01:00  INFO 59125 --- [annonceService] [vice-producer-1] org.apache.kafka.clients.NetworkClient   : [Producer clientId=annonceService-producer-1] Node -1 disconnected.
2026-01-12T21:54:13.824+01:00  WARN 59125 --- [annonceService] [vice-producer-1] org.apache.kafka.clients.NetworkClient   : [Producer clientId=annonceService-producer-1] Connection to node -1 (localhost/127.0.0.1:9099) could not be established. Node may not be available.
2026-01-12T21:54:13.825+01:00  WARN 59125 --- [annonceService] [vice-producer-1] org.apache.kafka.clients.NetworkClient   : [Producer clientId=annonceService-producer-1] Bootstrap broker localhost:9099 (id: -1 rack: null isFenced: false) disconnected
2026-01-12T21:54:13.928+01:00  INFO 59125 --- [annonceService] [vice-producer-1] org.apache.kafka.clients.Metadata        : [Producer clientId=annonceService-producer-1] Rebootstrapping with [localhost/127.0.0.1:9099]
2026-01-12T21:54:13.980+01:00  INFO 59125 --- [annonceService] [vice-producer-1] org.apache.kafka.clients.Metadata        : [Producer clientId=annonceService-producer-1] Rebootstrapping with [localhost/127.0.0.1:9099]
2026-01-12T21:54:14.031+01:00  INFO 59125 --- [annonceService] [vice-producer-1] org.apache.kafka.clients.Metadata        : [Producer clientId=annonceService-producer-1] Rebootstrapping with [localhost/127.0.0.1:9099]
2026-01-12T21:54:14.084+01:00  INFO 59125 --- [annonceService] [vice-producer-1] org.apache.kafka.clients.Metadata        : [Producer clientId=annonceService-producer-1] Rebootstrapping with [localhost/127.0.0.1:9099]
2026-01-12T21:54:14.134+01:00  INFO 59125 --- [annonceService] [vice-producer-1] org.apache.kafka.clients.Metadata        : [Producer clientId=annonceService-producer-1] Rebootstrapping with [localhost/127.0.0.1:9099]
2026-01-12T21:54:14.186+01:00  INFO 59125 --- [annonceService] [vice-producer-1] org.apache.kafka.clients.Metadata        : [Producer clientId=annonceService-producer-1] Rebootstrapping with [localhost/127.0.0.1:9099]
2026-01-12T21:54:14.236+01:00  INFO 59125 --- [annonceService] [vice-producer-1] org.apache.kafka.clients.Metadata        : [Producer clientId=annonceService-producer-1] Rebootstrapping with [localhost/127.0.0.1:9099]
2026-01-12T21:54:14.288+01:00  INFO 59125 --- [annonceService] [vice-producer-1] org.apache.kafka.clients.Metadata        : [Producer clientId=annonceService-producer-1] Rebootstrapping with [localhost/127.0.0.1:9099]
2026-01-12T21:54:14.340+01:00  INFO 59125 --- [annonceService] [vice-producer-1] org.apache.kafka.clients.Metadata        : [Producer clientId=annonceService-producer-1] Rebootstrapping with [localhost/127.0.0.1:9099]
2026-01-12T21:54:14.391+01:00  INFO 59125 --- [annonceService] [vice-producer-1] org.apache.kafka.clients.Metadata        : [Producer clientId=annonceService-producer-1] Rebootstrapping with [localhost/127.0.0.1:9099]
2026-01-12T21:54:14.443+01:00  INFO 59125 --- [annonceService] [vice-producer-1] org.apache.kafka.clients.Metadata        : [Producer clientId=annonceService-producer-1] Rebootstrapping with [localhost/127.0.0.1:9099]
2026-01-12T21:54:14.494+01:00  INFO 59125 --- [annonceService] [vice-producer-1] org.apache.kafka.clients.Metadata        : [Producer clientId=annonceService-producer-1] Rebootstrapping with [localhost/127.0.0.1:9099]
2026-01-12T21:54:14.545+01:00  INFO 59125 --- [annonceService] [vice-producer-1] org.apache.kafka.clients.Metadata        : [Producer clientId=annonceService-producer-1] Rebootstrapping with [localhost/127.0.0.1:9099]
2026-01-12T21:54:14.600+01:00  INFO 59125 --- [annonceService] [vice-producer-1] org.apache.kafka.clients.Metadata        : [Producer clientId=annonceService-producer-1] Rebootstrapping with [localhost/127.0.0.1:9099]
2026-01-12T21:54:14.652+01:00  INFO 59125 --- [annonceService] [vice-producer-1] org.apache.kafka.clients.Metadata        : [Producer clientId=annonceService-producer-1] Rebootstrapping with [localhost/127.0.0.1:9099]
2026-01-12T21:54:14.704+01:00  INFO 59125 --- [annonceService] [vice-producer-1] org.apache.kafka.clients.Metadata        : [Producer clientId=annonceService-producer-1] Rebootstrapping with [localhost/127.0.0.1:9099]
2026-01-12T21:54:14.758+01:00  INFO 59125 --- [annonceService] [vice-producer-1] org.apache.kafka.clients.NetworkClient   : [Producer clientId=annonceService-producer-1] Node -1 disconnected.
2026-01-12T21:54:14.758+01:00  WARN 59125 --- [annonceService] [vice-producer-1] org.apache.kafka.clients.NetworkClient   : [Producer clientId=annonceService-producer-1] Connection to node -1 (localhost/127.0.0.1:9099) could not be established. Node may not be available.
2026-01-12T21:54:14.758+01:00  WARN 59125 --- [annonceService] [vice-producer-1] org.apache.kafka.clients.NetworkClient   : [Producer clientId=annonceService-producer-1] Bootstrap broker localhost:9099 (id: -1 rack: null isFenced: false) disconnected
2026-01-12T21:54:15.650+01:00  INFO 59125 --- [annonceService] [nio-9094-exec-9] o.e.a.Controller.AnnonceController       : Requête POST /api/annonces - création annonce
2026-01-12T21:54:15.650+01:00  INFO 59125 --- [annonceService] [nio-9094-exec-9] o.e.a.Service.AnnonceService             : Création d'une nouvelle annonce: A+
Hibernate: insert into post_annonce (blood_type,deadline,description,hospital_id,location_id,quantity,request_date,status,urgent_level,user_id) values (?,?,?,?,?,?,?,?,?,?)
2026-01-12T21:54:15.749+01:00  INFO 59125 --- [annonceService] [vice-producer-1] org.apache.kafka.clients.Metadata        : [Producer clientId=annonceService-producer-1] Rebootstrapping with [localhost/127.0.0.1:9099]
2026-01-12T21:54:15.801+01:00  INFO 59125 --- [annonceService] [vice-producer-1] org.apache.kafka.clients.NetworkClient   : [Producer clientId=annonceService-producer-1] Node -1 disconnected.
2026-01-12T21:54:15.801+01:00  WARN 59125 --- [annonceService] [vice-producer-1] org.apache.kafka.clients.NetworkClient   : [Producer clientId=annonceService-producer-1] Connection to node -1 (localhost/127.0.0.1:9099) could not be established. Node may not be available.
2026-01-12T21:54:15.801+01:00  WARN 59125 --- [annonceService] [vice-producer-1] org.apache.kafka.clients.NetworkClient   : [Producer clientId=annonceService-producer-1] Bootstrap broker localhost:9099 (id: -1 rack: null isFenced: false) disconnected
2026-01-12T21:54:16.778+01:00  INFO 59125 --- [annonceService] [vice-producer-1] org.apache.kafka.clients.NetworkClient   : [Producer clientId=annonceService-producer-1] Node -1 disconnected.
2026-01-12T21:54:16.778+01:00  WARN 59125 --- [annonceService] [vice-producer-1] org.apache.kafka.clients.NetworkClient   : [Producer clientId=annonceService-producer-1] Connection to node -1 (localhost/127.0.0.1:9099) could not be established. Node may not be available.
2026-01-12T21:54:16.778+01:00  WARN 59125 --- [annonceService] [vice-producer-1] org.apache.kafka.clients.NetworkClient   : [Producer clientId=annonceService-producer-1] Bootstrap broker localhost:9099 (id: -1 rack: null isFenced: false) disconnected
2026-01-12T21:54:16.882+01:00  INFO 59125 --- [annonceService] [vice-producer-1] org.apache.kafka.clients.Metadata        : [Producer clientId=annonceService-producer-1] Rebootstrapping with [localhost/127.0.0.1:9099]
2026-01-12T21:54:16.933+01:00  INFO 59125 --- [annonceService] [vice-producer-1] org.apache.kafka.clients.Metadata        : [Producer clientId=annonceService-producer-1] Rebootstrapping with [localhost/127.0.0.1:9099]
2026-01-12T21:54:16.984+01:00  INFO 59125 --- [annonceService] [vice-producer-1] org.apache.kafka.clients.Metadata        : [Producer clientId=annonceService-producer-1] Rebootstrapping with [localhost/127.0.0.1:9099]
2026-01-12T21:54:17.035+01:00  INFO 59125 --- [annonceService] [vice-producer-1] org.apache.kafka.clients.Metadata        : [Producer clientId=annonceService-producer-1] Rebootstrapping with [localhost/127.0.0.1:9099]
2026-01-12T21:54:17.086+01:00  INFO 59125 --- [annonceService] [vice-producer-1] org.apache.kafka.clients.Metadata        : [Producer clientId=annonceService-producer-1] Rebootstrapping with [localhost/127.0.0.1:9099]
2026-01-12T21:54:17.137+01:00  INFO 59125 --- [annonceService] [vice-producer-1] org.apache.kafka.clients.Metadata        : [Producer clientId=annonceService-producer-1] Rebootstrapping with [localhost/127.0.0.1:9099]
2026-01-12T21:54:17.187+01:00  INFO 59125 --- [annonceService] [vice-producer-1] org.apache.kafka.clients.Metadata        : [Producer clientId=annonceService-producer-1] Rebootstrapping with [localhost/127.0.0.1:9099]
2026-01-12T21:54:17.238+01:00  INFO 59125 --- [annonceService] [vice-producer-1] org.apache.kafka.clients.Metadata        : [Producer clientId=annonceService-producer-1] Rebootstrapping with [localhost/127.0.0.1:9099]
2026-01-12T21:54:17.290+01:00  INFO 59125 --- [annonceService] [vice-producer-1] org.apache.kafka.clients.Metadata        : [Producer clientId=annonceService-producer-1] Rebootstrapping with [localhost/127.0.0.1:9099]
2026-01-12T21:54:17.342+01:00  INFO 59125 --- [annonceService] [vice-producer-1] org.apache.kafka.clients.Metadata        : [Producer clientId=annonceService-producer-1] Rebootstrapping with [localhost/127.0.0.1:9099]
2026-01-12T21:54:17.394+01:00  INFO 59125 --- [annonceService] [vice-producer-1] org.apache.kafka.clients.Metadata        : [Producer clientId=annonceService-producer-1] Rebootstrapping with [localhost/127.0.0.1:9099]
2026-01-12T21:54:17.445+01:00  INFO 59125 --- [annonceService] [vice-producer-1] org.apache.kafka.clients.Metadata        : [Producer clientId=annonceService-producer-1] Rebootstrapping with [localhost/127.0.0.1:9099]
2026-01-12T21:54:17.496+01:00  INFO 59125 --- [annonceService] [vice-producer-1] org.apache.kafka.clients.Metadata        : [Producer clientId=annonceService-producer-1] Rebootstrapping with [localhost/127.0.0.1:9099]
2026-01-12T21:54:17.547+01:00  INFO 59125 --- [annonceService] [vice-producer-1] org.apache.kafka.clients.Metadata        : [Producer clientId=annonceService-producer-1] Rebootstrapping with [localhost/127.0.0.1:9099]
2026-01-12T21:54:17.599+01:00  INFO 59125 --- [annonceService] [vice-producer-1] org.apache.kafka.clients.NetworkClient   : [Producer clientId=annonceService-producer-1] Node -1 disconnected.
2026-01-12T21:54:17.599+01:00  WARN 59125 --- [annonceService] [vice-producer-1] org.apache.kafka.clients.NetworkClient   : [Producer clientId=annonceService-producer-1] Connection to node -1 (localhost/127.0.0.1:9099) could not be established. Node may not be available.
2026-01-12T21:54:17.599+01:00  WARN 59125 --- [annonceService] [vice-producer-1] org.apache.kafka.clients.NetworkClient   : [Producer clientId=annonceService-producer-1] Bootstrap broker localhost:9099 (id: -1 rack: null isFenced: false) disconnected
2026-01-12T21:54:18.498+01:00  INFO 59125 --- [annonceService] [vice-producer-1] org.apache.kafka.clients.Metadata        : [Producer clientId=annonceService-producer-1] Rebootstrapping with [localhost/127.0.0.1:9099]
2026-01-12T21:54:18.550+01:00  INFO 59125 --- [annonceService] [vice-producer-1] org.apache.kafka.clients.Metadata        : [Producer clientId=annonceService-producer-1] Rebootstrapping with [localhost/127.0.0.1:9099]
2026-01-12T21:54:18.602+01:00  INFO 59125 --- [annonceService] [vice-producer-1] org.apache.kafka.clients.NetworkClient   : [Producer clientId=annonceService-producer-1] Node -1 disconnected.
2026-01-12T21:54:18.602+01:00  WARN 59125 --- [annonceService] [vice-producer-1] org.apache.kafka.clients.NetworkClient   : [Producer clientId=annonceService-producer-1] Connection to node -1 (localhost/127.0.0.1:9099) could not be established. Node may not be available.
2026-01-12T21:54:18.602+01:00  WARN 59125 --- [annonceService] [vice-producer-1] org.apache.kafka.clients.NetworkClient   : [Producer clientId=annonceService-producer-1] Bootstrap broker localhost:9099 (id: -1 rack: null isFenced: false) disconnected
2026-01-12T21:54:19.486+01:00  INFO 59125 --- [annonceService] [vice-producer-1] org.apache.kafka.clients.Metadata        : [Producer clientId=annonceService-producer-1] Rebootstrapping with [localhost/127.0.0.1:9099]
2026-01-12T21:54:19.538+01:00  INFO 59125 --- [annonceService] [vice-producer-1] org.apache.kafka.clients.NetworkClient   : [Producer clientId=annonceService-producer-1] Node -1 disconnected.
2026-01-12T21:54:19.539+01:00  WARN 59125 --- [annonceService] [vice-producer-1] org.apache.kafka.clients.NetworkClient   : [Producer clientId=annonceService-producer-1] Connection to node -1 (localhost/127.0.0.1:9099) could not be established. Node may not be available.
2026-01-12T21:54:19.539+01:00  WARN 59125 --- [annonceService] [vice-producer-1] org.apache.kafka.clients.NetworkClient   : [Producer clientId=annonceService-producer-1] Bootstrap broker localhost:9099 (id: -1 rack: null isFenced: false) disconnected
2026-01-12T21:54:19.644+01:00  INFO 59125 --- [annonceService] [vice-producer-1] org.apache.kafka.clients.Metadata        : [Producer clientId=annonceService-producer-1] Rebootstrapping with [localhost/127.0.0.1:9099]
2026-01-12T21:54:19.697+01:00  INFO 59125 --- [annonceService] [vice-producer-1] org.apache.kafka.clients.Metadata        : [Producer clientId=annonceService-producer-1] Rebootstrapping with [localhost/127.0.0.1:9099]
2026-01-12T21:54:19.749+01:00  INFO 59125 --- [annonceService] [vice-producer-1] org.apache.kafka.clients.Metadata        : [Producer clientId=annonceService-producer-1] Rebootstrapping with [localhost/127.0.0.1:9099]
2026-01-12T21:54:19.801+01:00  INFO 59125 --- [annonceService] [vice-producer-1] org.apache.kafka.clients.Metadata        : [Producer clientId=annonceService-producer-1] Rebootstrapping with [localhost/127.0.0.1:9099]
2026-01-12T21:54:19.852+01:00  INFO 59125 --- [annonceService] [vice-producer-1] org.apache.kafka.clients.Metadata        : [Producer clientId=annonceService-producer-1] Rebootstrapping with [localhost/127.0.0.1:9099]
2026-01-12T21:54:19.903+01:00  INFO 59125 --- [annonceService] [vice-producer-1] org.apache.kafka.clients.Metadata        : [Producer clientId=annonceService-producer-1] Rebootstrapping with [localhost/127.0.0.1:9099]
2026-01-12T21:54:19.954+01:00  INFO 59125 --- [annonceService] [vice-producer-1] org.apache.kafka.clients.Metadata        : [Producer clientId=annonceService-producer-1] Rebootstrapping with [localhost/127.0.0.1:9099]
2026-01-12T21:54:20.005+01:00  INFO 59125 --- [annonceService] [vice-producer-1] org.apache.kafka.clients.Metadata        : [Producer clientId=annonceService-producer-1] Rebootstrapping with [localhost/127.0.0.1:9099]
2026-01-12T21:54:20.057+01:00  INFO 59125 --- [annonceService] [vice-producer-1] org.apache.kafka.clients.Metadata        : [Producer clientId=annonceService-producer-1] Rebootstrapping with [localhost/127.0.0.1:9099]
2026-01-12T21:54:20.109+01:00  INFO 59125 --- [annonceService] [vice-producer-1] org.apache.kafka.clients.Metadata        : [Producer clientId=annonceService-producer-1] Rebootstrapping with [localhost/127.0.0.1:9099]
2026-01-12T21:54:20.160+01:00  INFO 59125 --- [annonceService] [vice-producer-1] org.apache.kafka.clients.Metadata        : [Producer clientId=annonceService-producer-1] Rebootstrapping with [localhost/127.0.0.1:9099]
2026-01-12T21:54:20.212+01:00  INFO 59125 --- [annonceService] [vice-producer-1] org.apache.kafka.clients.Metadata        : [Producer clientId=annonceService-producer-1] Rebootstrapping with [localhost/127.0.0.1:9099]
2026-01-12T21:54:20.263+01:00  INFO 59125 --- [annonceService] [vice-producer-1] org.apache.kafka.clients.Metadata        : [Producer clientId=annonceService-producer-1] Rebootstrapping with [localhost/127.0.0.1:9099]
2026-01-12T21:54:20.315+01:00  INFO 59125 --- [annonceService] [vice-producer-1] org.apache.kafka.clients.Metadata        : [Producer clientId=annonceService-producer-1] Rebootstrapping with [localhost/127.0.0.1:9099]
2026-01-12T21:54:20.367+01:00  INFO 59125 --- [annonceService] [vice-producer-1] org.apache.kafka.clients.Metadata        : [Producer clientId=annonceService-producer-1] Rebootstrapping with [localhost/127.0.0.1:9099]
2026-01-12T21:54:20.417+01:00  INFO 59125 --- [annonceService] [vice-producer-1] org.apache.kafka.clients.Metadata        : [Producer clientId=annonceService-producer-1] Rebootstrapping with [localhost/127.0.0.1:9099]
2026-01-12T21:54:20.470+01:00  INFO 59125 --- [annonceService] [vice-producer-1] org.apache.kafka.clients.NetworkClient   : [Producer clientId=annonceService-producer-1] Node -1 disconnected.
2026-01-12T21:54:20.470+01:00  WARN 59125 --- [annonceService] [vice-producer-1] org.apache.kafka.clients.NetworkClient   : [Producer clientId=annonceService-producer-1] Connection to node -1 (localhost/127.0.0.1:9099) could not be established. Node may not be available.
2026-01-12T21:54:20.470+01:00  WARN 59125 --- [annonceService] [vice-producer-1] org.apache.kafka.clients.NetworkClient   : [Producer clientId=annonceService-producer-1] Bootstrap broker localhost:9099 (id: -1 rack: null isFenced: false) disconnected
2026-01-12T21:54:21.370+01:00  INFO 59125 --- [annonceService] [vice-producer-1] org.apache.kafka.clients.Metadata        : [Producer clientId=annonceService-producer-1] Rebootstrapping with [localhost/127.0.0.1:9099]
2026-01-12T21:54:21.424+01:00  INFO 59125 --- [annonceService] [vice-producer-1] org.apache.kafka.clients.NetworkClient   : [Producer clientId=annonceService-producer-1] Node -1 disconnected.
2026-01-12T21:54:21.424+01:00  WARN 59125 --- [annonceService] [vice-producer-1] org.apache.kafka.clients.NetworkClient   : [Producer clientId=annonceService-producer-1] Connection to node -1 (localhost/127.0.0.1:9099) could not be established. Node may not be available.
2026-01-12T21:54:21.425+01:00  WARN 59125 --- [annonceService] [vice-producer-1] org.apache.kafka.clients.NetworkClient   : [Producer clientId=annonceService-producer-1] Bootstrap broker localhost:9099 (id: -1 rack: null isFenced: false) disconnected
2026-01-12T21:54:22.245+01:00  INFO 59125 --- [annonceService] [vice-producer-1] org.apache.kafka.clients.Metadata        : [Producer clientId=annonceService-producer-1] Rebootstrapping with [localhost/127.0.0.1:9099]
2026-01-12T21:54:22.427+01:00  INFO 59125 --- [annonceService] [vice-producer-1] org.apache.kafka.clients.NetworkClient   : [Producer clientId=annonceService-producer-1] Node -1 disconnected.
2026-01-12T21:54:22.428+01:00  WARN 59125 --- [annonceService] [vice-producer-1] org.apache.kafka.clients.NetworkClient   : [Producer clientId=annonceService-producer-1] Connection to node -1 (localhost/127.0.0.1:9099) could not be established. Node may not be available.
2026-01-12T21:54:22.428+01:00  WARN 59125 --- [annonceService] [vice-producer-1] org.apache.kafka.clients.NetworkClient   : [Producer clientId=annonceService-producer-1] Bootstrap broker localhost:9099 (id: -1 rack: null isFenced: false) disconnected
2026-01-12T21:54:23.430+01:00  INFO 59125 --- [annonceService] [vice-producer-1] org.apache.kafka.clients.NetworkClient   : [Producer clientId=annonceService-producer-1] Node -1 disconnected.
2026-01-12T21:54:23.431+01:00  WARN 59125 --- [annonceService] [vice-producer-1] org.apache.kafka.clients.NetworkClient   : [Producer clientId=annonceService-producer-1] Connection to node -1 (localhost/127.0.0.1:9099) could not be established. Node may not be available.
2026-01-12T21:54:23.431+01:00  WARN 59125 --- [annonceService] [vice-producer-1] org.apache.kafka.clients.NetworkClient   : [Producer clientId=annonceService-producer-1] Bootstrap broker localhost:9099 (id: -1 rack: null isFenced: false) disconnected
2026-01-12T21:54:24.356+01:00  INFO 59125 --- [annonceService] [vice-producer-1] org.apache.kafka.clients.Metadata        : [Producer clientId=annonceService-producer-1] Rebootstrapping with [localhost/127.0.0.1:9099]
2026-01-12T21:54:24.435+01:00  INFO 59125 --- [annonceService] [vice-producer-1] org.apache.kafka.clients.NetworkClient   : [Producer clientId=annonceService-producer-1] Node -1 disconnected.
2026-01-12T21:54:24.435+01:00  WARN 59125 --- [annonceService] [vice-producer-1] org.apache.kafka.clients.NetworkClient   : [Producer clientId=annonceService-producer-1] Connection to node -1 (localhost/127.0.0.1:9099) could not be established. Node may not be available.
2026-01-12T21:54:24.435+01:00  WARN 59125 --- [annonceService] [vice-producer-1] org.apache.kafka.clients.NetworkClient   : [Producer clientId=annonceService-producer-1] Bootstrap broker localhost:9099 (id: -1 rack: null isFenced: false) disconnected
2026-01-12T21:54:25.437+01:00  INFO 59125 --- [annonceService] [vice-producer-1] org.apache.kafka.clients.NetworkClient   : [Producer clientId=annonceService-producer-1] Node -1 disconnected.
2026-01-12T21:54:25.438+01:00  WARN 59125 --- [annonceService] [vice-producer-1] org.apache.kafka.clients.NetworkClient   : [Producer clientId=annonceService-producer-1] Connection to node -1 (localhost/127.0.0.1:9099) could not be established. Node may not be available.
2026-01-12T21:54:25.438+01:00  WARN 59125 --- [annonceService] [vice-producer-1] org.apache.kafka.clients.NetworkClient   : [Producer clientId=annonceService-producer-1] Bootstrap broker localhost:9099 (id: -1 rack: null isFenced: false) disconnected
2026-01-12T21:54:26.379+01:00  INFO 59125 --- [annonceService] [vice-producer-1] org.apache.kafka.clients.Metadata        : [Producer clientId=annonceService-producer-1] Rebootstrapping with [localhost/127.0.0.1:9099]
2026-01-12T21:54:26.430+01:00  INFO 59125 --- [annonceService] [vice-producer-1] org.apache.kafka.clients.Metadata        : [Producer clientId=annonceService-producer-1] Rebootstrapping with [localhost/127.0.0.1:9099]
2026-01-12T21:54:26.482+01:00  INFO 59125 --- [annonceService] [vice-producer-1] org.apache.kafka.clients.NetworkClient   : [Producer clientId=annonceService-producer-1] Node -1 disconnected.
2026-01-12T21:54:26.483+01:00  WARN 59125 --- [annonceService] [vice-producer-1] org.apache.kafka.clients.NetworkClient   : [Producer clientId=annonceService-producer-1] Connection to node -1 (localhost/127.0.0.1:9099) could not be established. Node may not be available.
2026-01-12T21:54:26.483+01:00  WARN 59125 --- [annonceService] [vice-producer-1] org.apache.kafka.clients.NetworkClient   : [Producer clientId=annonceService-producer-1] Bootstrap broker localhost:9099 (id: -1 rack: null isFenced: false) disconnected
2026-01-12T21:54:27.484+01:00  INFO 59125 --- [annonceService] [vice-producer-1] org.apache.kafka.clients.NetworkClient   : [Producer clientId=annonceService-producer-1] Node -1 disconnected.
2026-01-12T21:54:27.485+01:00  WARN 59125 --- [annonceService] [vice-producer-1] org.apache.kafka.clients.NetworkClient   : [Producer clientId=annonceService-producer-1] Connection to node -1 (localhost/127.0.0.1:9099) could not be established. Node may not be available.
2026-01-12T21:54:27.485+01:00  WARN 59125 --- [annonceService] [vice-producer-1] org.apache.kafka.clients.NetworkClient   : [Producer clientId=annonceService-producer-1] Bootstrap broker localhost:9099 (id: -1 rack: null isFenced: false) disconnected
2026-01-12T21:54:28.409+01:00  INFO 59125 --- [annonceService] [vice-producer-1] org.apache.kafka.clients.NetworkClient   : [Producer clientId=annonceService-producer-1] Node -1 disconnected.
2026-01-12T21:54:28.409+01:00  WARN 59125 --- [annonceService] [vice-producer-1] org.apache.kafka.clients.NetworkClient   : [Producer clientId=annonceService-producer-1] Connection to node -1 (localhost/127.0.0.1:9099) could not be established. Node may not be available.
2026-01-12T21:54:28.410+01:00  WARN 59125 --- [annonceService] [vice-producer-1] org.apache.kafka.clients.NetworkClient   : [Producer clientId=annonceService-producer-1] Bootstrap broker localhost:9099 (id: -1 rack: null isFenced: false) disconnected
2026-01-12T21:54:28.515+01:00  INFO 59125 --- [annonceService] [vice-producer-1] org.apache.kafka.clients.Metadata        : [Producer clientId=annonceService-producer-1] Rebootstrapping with [localhost/127.0.0.1:9099]
2026-01-12T21:54:28.565+01:00  INFO 59125 --- [annonceService] [vice-producer-1] org.apache.kafka.clients.Metadata        : [Producer clientId=annonceService-producer-1] Rebootstrapping with [localhost/127.0.0.1:9099]
2026-01-12T21:54:28.616+01:00  INFO 59125 --- [annonceService] [vice-producer-1] org.apache.kafka.clients.Metadata        : [Producer clientId=annonceService-producer-1] Rebootstrapping with [localhost/127.0.0.1:9099]
2026-01-12T21:54:28.669+01:00  INFO 59125 --- [annonceService] [vice-producer-1] org.apache.kafka.clients.Metadata        : [Producer clientId=annonceService-producer-1] Rebootstrapping with [localhost/127.0.0.1:9099]
2026-01-12T21:54:28.722+01:00  INFO 59125 --- [annonceService] [vice-producer-1] org.apache.kafka.clients.Metadata        : [Producer clientId=annonceService-producer-1] Rebootstrapping with [localhost/127.0.0.1:9099]
2026-01-12T21:54:28.773+01:00  INFO 59125 --- [annonceService] [vice-producer-1] org.apache.kafka.clients.Metadata        : [Producer clientId=annonceService-producer-1] Rebootstrapping with [localhost/127.0.0.1:9099]
2026-01-12T21:54:28.825+01:00  INFO 59125 --- [annonceService] [vice-producer-1] org.apache.kafka.clients.Metadata        : [Producer clientId=annonceService-producer-1] Rebootstrapping with [localhost/127.0.0.1:9099]
2026-01-12T21:54:28.876+01:00  INFO 59125 --- [annonceService] [vice-producer-1] org.apache.kafka.clients.Metadata        : [Producer clientId=annonceService-producer-1] Rebootstrapping with [localhost/127.0.0.1:9099]
2026-01-12T21:54:28.928+01:00  INFO 59125 --- [annonceService] [vice-producer-1] org.apache.kafka.clients.Metadata        : [Producer clientId=annonceService-producer-1] Rebootstrapping with [localhost/127.0.0.1:9099]
2026-01-12T21:54:28.979+01:00  INFO 59125 --- [annonceService] [vice-producer-1] org.apache.kafka.clients.Metadata        : [Producer clientId=annonceService-producer-1] Rebootstrapping with [localhost/127.0.0.1:9099]
2026-01-12T21:54:29.032+01:00  INFO 59125 --- [annonceService] [vice-producer-1] org.apache.kafka.clients.Metadata        : [Producer clientId=annonceService-producer-1] Rebootstrapping with [localhost/127.0.0.1:9099]
2026-01-12T21:54:29.083+01:00  INFO 59125 --- [annonceService] [vice-producer-1] org.apache.kafka.clients.Metadata        : [Producer clientId=annonceService-producer-1] Rebootstrapping with [localhost/127.0.0.1:9099]
2026-01-12T21:54:29.135+01:00  INFO 59125 --- [annonceService] [vice-producer-1] org.apache.kafka.clients.Metadata        : [Producer clientId=annonceService-producer-1] Rebootstrapping with [localhost/127.0.0.1:9099]
2026-01-12T21:54:29.186+01:00  INFO 59125 --- [annonceService] [vice-producer-1] org.apache.kafka.clients.Metadata        : [Producer clientId=annonceService-producer-1] Rebootstrapping with [localhost/127.0.0.1:9099]
2026-01-12T21:54:29.238+01:00  INFO 59125 --- [annonceService] [vice-producer-1] org.apache.kafka.clients.Metadata        : [Producer clientId=annonceService-producer-1] Rebootstrapping with [localhost/127.0.0.1:9099]
2026-01-12T21:54:29.289+01:00  INFO 59125 --- [annonceService] [vice-producer-1] org.apache.kafka.clients.Metadata        : [Producer clientId=annonceService-producer-1] Rebootstrapping with [localhost/127.0.0.1:9099]
2026-01-12T21:54:29.340+01:00  INFO 59125 --- [annonceService] [vice-producer-1] org.apache.kafka.clients.Metadata        : [Producer clientId=annonceService-producer-1] Rebootstrapping with [localhost/127.0.0.1:9099]
2026-01-12T21:54:29.392+01:00  INFO 59125 --- [annonceService] [vice-producer-1] org.apache.kafka.clients.Metadata        : [Producer clientId=annonceService-producer-1] Rebootstrapping with [localhost/127.0.0.1:9099]
2026-01-12T21:54:29.445+01:00  INFO 59125 --- [annonceService] [vice-producer-1] org.apache.kafka.clients.NetworkClient   : [Producer clientId=annonceService-producer-1] Node -1 disconnected.
2026-01-12T21:54:29.445+01:00  WARN 59125 --- [annonceService] [vice-producer-1] org.apache.kafka.clients.NetworkClient   : [Producer clientId=annonceService-producer-1] Connection to node -1 (localhost/127.0.0.1:9099) could not be established. Node may not be available.
2026-01-12T21:54:29.445+01:00  WARN 59125 --- [annonceService] [vice-producer-1] org.apache.kafka.clients.NetworkClient   : [Producer clientId=annonceService-producer-1] Bootstrap broker localhost:9099 (id: -1 rack: null isFenced: false) disconnected
2026-01-12T21:54:30.369+01:00  INFO 59125 --- [annonceService] [vice-producer-1] org.apache.kafka.clients.NetworkClient   : [Producer clientId=annonceService-producer-1] Node -1 disconnected.
2026-01-12T21:54:30.370+01:00  WARN 59125 --- [annonceService] [vice-producer-1] org.apache.kafka.clients.NetworkClient   : [Producer clientId=annonceService-producer-1] Connection to node -1 (localhost/127.0.0.1:9099) could not be established. Node may not be available.
2026-01-12T21:54:30.371+01:00  WARN 59125 --- [annonceService] [vice-producer-1] org.apache.kafka.clients.NetworkClient   : [Producer clientId=annonceService-producer-1] Bootstrap broker localhost:9099 (id: -1 rack: null isFenced: false) disconnected
2026-01-12T21:54:30.476+01:00  INFO 59125 --- [annonceService] [vice-producer-1] org.apache.kafka.clients.Metadata        : [Producer clientId=annonceService-producer-1] Rebootstrapping with [localhost/127.0.0.1:9099]
2026-01-12T21:54:30.527+01:00  INFO 59125 --- [annonceService] [vice-producer-1] org.apache.kafka.clients.Metadata        : [Producer clientId=annonceService-producer-1] Rebootstrapping with [localhost/127.0.0.1:9099]
2026-01-12T21:54:30.580+01:00  INFO 59125 --- [annonceService] [vice-producer-1] org.apache.kafka.clients.Metadata        : [Producer clientId=annonceService-producer-1] Rebootstrapping with [localhost/127.0.0.1:9099]
2026-01-12T21:54:30.632+01:00  INFO 59125 --- [annonceService] [vice-producer-1] org.apache.kafka.clients.Metadata        : [Producer clientId=annonceService-producer-1] Rebootstrapping with [localhost/127.0.0.1:9099]
2026-01-12T21:54:30.686+01:00  INFO 59125 --- [annonceService] [vice-producer-1] org.apache.kafka.clients.Metadata        : [Producer clientId=annonceService-producer-1] Rebootstrapping with [localhost/127.0.0.1:9099]
2026-01-12T21:54:30.737+01:00  INFO 59125 --- [annonceService] [vice-producer-1] org.apache.kafka.clients.Metadata        : [Producer clientId=annonceService-producer-1] Rebootstrapping with [localhost/127.0.0.1:9099]
2026-01-12T21:54:30.789+01:00  INFO 59125 --- [annonceService] [vice-producer-1] org.apache.kafka.clients.Metadata        : [Producer clientId=annonceService-producer-1] Rebootstrapping with [localhost/127.0.0.1:9099]
2026-01-12T21:54:30.842+01:00  INFO 59125 --- [annonceService] [vice-producer-1] org.apache.kafka.clients.Metadata        : [Producer clientId=annonceService-producer-1] Rebootstrapping with [localhost/127.0.0.1:9099]
2026-01-12T21:54:30.894+01:00  INFO 59125 --- [annonceService] [vice-producer-1] org.apache.kafka.clients.Metadata        : [Producer clientId=annonceService-producer-1] Rebootstrapping with [localhost/127.0.0.1:9099]
2026-01-12T21:54:30.945+01:00  INFO 59125 --- [annonceService] [vice-producer-1] org.apache.kafka.clients.Metadata        : [Producer clientId=annonceService-producer-1] Rebootstrapping with [localhost/127.0.0.1:9099]
2026-01-12T21:54:30.996+01:00  INFO 59125 --- [annonceService] [vice-producer-1] org.apache.kafka.clients.Metadata        : [Producer clientId=annonceService-producer-1] Rebootstrapping with [localhost/127.0.0.1:9099]
2026-01-12T21:54:31.047+01:00  INFO 59125 --- [annonceService] [vice-producer-1] org.apache.kafka.clients.Metadata        : [Producer clientId=annonceService-producer-1] Rebootstrapping with [localhost/127.0.0.1:9099]
2026-01-12T21:54:31.098+01:00  INFO 59125 --- [annonceService] [vice-producer-1] org.apache.kafka.clients.Metadata        : [Producer clientId=annonceService-producer-1] Rebootstrapping with [localhost/127.0.0.1:9099]
2026-01-12T21:54:31.149+01:00  INFO 59125 --- [annonceService] [vice-producer-1] org.apache.kafka.clients.Metadata        : [Producer clientId=annonceService-producer-1] Rebootstrapping with [localhost/127.0.0.1:9099]
2026-01-12T21:54:31.200+01:00  INFO 59125 --- [annonceService] [vice-producer-1] org.apache.kafka.clients.Metadata        : [Producer clientId=annonceService-producer-1] Rebootstrapping with [localhost/127.0.0.1:9099]
2026-01-12T21:54:31.251+01:00  INFO 59125 --- [annonceService] [vice-producer-1] org.apache.kafka.clients.Metadata        : [Producer clientId=annonceService-producer-1] Rebootstrapping with [localhost/127.0.0.1:9099]
2026-01-12T21:54:31.302+01:00  INFO 59125 --- [annonceService] [vice-producer-1] org.apache.kafka.clients.Metadata        : [Producer clientId=annonceService-producer-1] Rebootstrapping with [localhost/127.0.0.1:9099]
2026-01-12T21:54:31.353+01:00  INFO 59125 --- [annonceService] [vice-producer-1] org.apache.kafka.clients.Metadata        : [Producer clientId=annonceService-producer-1] Rebootstrapping with [localhost/127.0.0.1:9099]
2026-01-12T21:54:31.404+01:00  INFO 59125 --- [annonceService] [vice-producer-1] org.apache.kafka.clients.NetworkClient   : [Producer clientId=annonceService-producer-1] Node -1 disconnected.
2026-01-12T21:54:31.404+01:00  WARN 59125 --- [annonceService] [vice-producer-1] org.apache.kafka.clients.NetworkClient   : [Producer clientId=annonceService-producer-1] Connection to node -1 (localhost/127.0.0.1:9099) could not be established. Node may not be available.
2026-01-12T21:54:31.404+01:00  WARN 59125 --- [annonceService] [vice-producer-1] org.apache.kafka.clients.NetworkClient   : [Producer clientId=annonceService-producer-1] Bootstrap broker localhost:9099 (id: -1 rack: null isFenced: false) disconnected
2026-01-12T21:54:32.224+01:00  INFO 59125 --- [annonceService] [vice-producer-1] org.apache.kafka.clients.NetworkClient   : [Producer clientId=annonceService-producer-1] Node -1 disconnected.
2026-01-12T21:54:32.225+01:00  WARN 59125 --- [annonceService] [vice-producer-1] org.apache.kafka.clients.NetworkClient   : [Producer clientId=annonceService-producer-1] Connection to node -1 (localhost/127.0.0.1:9099) could not be established. Node may not be available.
2026-01-12T21:54:32.225+01:00  WARN 59125 --- [annonceService] [vice-producer-1] org.apache.kafka.clients.NetworkClient   : [Producer clientId=annonceService-producer-1] Bootstrap broker localhost:9099 (id: -1 rack: null isFenced: false) disconnected
2026-01-12T21:54:32.330+01:00  INFO 59125 --- [annonceService] [vice-producer-1] org.apache.kafka.clients.Metadata        : [Producer clientId=annonceService-producer-1] Rebootstrapping with [localhost/127.0.0.1:9099]
2026-01-12T21:54:32.407+01:00  INFO 59125 --- [annonceService] [vice-producer-1] org.apache.kafka.clients.Metadata        : [Producer clientId=annonceService-producer-1] Rebootstrapping with [localhost/127.0.0.1:9099]
2026-01-12T21:54:32.459+01:00  INFO 59125 --- [annonceService] [vice-producer-1] org.apache.kafka.clients.Metadata        : [Producer clientId=annonceService-producer-1] Rebootstrapping with [localhost/127.0.0.1:9099]
2026-01-12T21:54:32.513+01:00  INFO 59125 --- [annonceService] [vice-producer-1] org.apache.kafka.clients.Metadata        : [Producer clientId=annonceService-producer-1] Rebootstrapping with [localhost/127.0.0.1:9099]
2026-01-12T21:54:32.565+01:00  INFO 59125 --- [annonceService] [vice-producer-1] org.apache.kafka.clients.Metadata        : [Producer clientId=annonceService-producer-1] Rebootstrapping with [localhost/127.0.0.1:9099]
2026-01-12T21:54:32.618+01:00  INFO 59125 --- [annonceService] [vice-producer-1] org.apache.kafka.clients.Metadata        : [Producer clientId=annonceService-producer-1] Rebootstrapping with [localhost/127.0.0.1:9099]
2026-01-12T21:54:32.671+01:00  INFO 59125 --- [annonceService] [vice-producer-1] org.apache.kafka.clients.Metadata        : [Producer clientId=annonceService-producer-1] Rebootstrapping with [localhost/127.0.0.1:9099]
2026-01-12T21:54:32.723+01:00  INFO 59125 --- [annonceService] [vice-producer-1] org.apache.kafka.clients.Metadata        : [Producer clientId=annonceService-producer-1] Rebootstrapping with [localhost/127.0.0.1:9099]
2026-01-12T21:54:32.776+01:00  INFO 59125 --- [annonceService] [vice-producer-1] org.apache.kafka.clients.Metadata        : [Producer clientId=annonceService-producer-1] Rebootstrapping with [localhost/127.0.0.1:9099]
2026-01-12T21:54:32.828+01:00  INFO 59125 --- [annonceService] [vice-producer-1] org.apache.kafka.clients.Metadata        : [Producer clientId=annonceService-producer-1] Rebootstrapping with [localhost/127.0.0.1:9099]
2026-01-12T21:54:32.879+01:00  INFO 59125 --- [annonceService] [vice-producer-1] org.apache.kafka.clients.Metadata        : [Producer clientId=annonceService-producer-1] Rebootstrapping with [localhost/127.0.0.1:9099]
2026-01-12T21:54:32.932+01:00  INFO 59125 --- [annonceService] [vice-producer-1] org.apache.kafka.clients.Metadata        : [Producer clientId=annonceService-producer-1] Rebootstrapping with [localhost/127.0.0.1:9099]
2026-01-12T21:54:32.982+01:00  INFO 59125 --- [annonceService] [vice-producer-1] org.apache.kafka.clients.Metadata        : [Producer clientId=annonceService-producer-1] Rebootstrapping with [localhost/127.0.0.1:9099]
2026-01-12T21:54:33.034+01:00  INFO 59125 --- [annonceService] [vice-producer-1] org.apache.kafka.clients.Metadata        : [Producer clientId=annonceService-producer-1] Rebootstrapping with [localhost/127.0.0.1:9099]
2026-01-12T21:54:33.086+01:00  INFO 59125 --- [annonceService] [vice-producer-1] org.apache.kafka.clients.NetworkClient   : [Producer clientId=annonceService-producer-1] Node -1 disconnected.
2026-01-12T21:54:33.086+01:00  WARN 59125 --- [annonceService] [vice-producer-1] org.apache.kafka.clients.NetworkClient   : [Producer clientId=annonceService-producer-1] Connection to node -1 (localhost/127.0.0.1:9099) could not be established. Node may not be available.
2026-01-12T21:54:33.087+01:00  WARN 59125 --- [annonceService] [vice-producer-1] org.apache.kafka.clients.NetworkClient   : [Producer clientId=annonceService-producer-1] Bootstrap broker localhost:9099 (id: -1 rack: null isFenced: false) disconnected
2026-01-12T21:54:34.056+01:00  INFO 59125 --- [annonceService] [vice-producer-1] org.apache.kafka.clients.NetworkClient   : [Producer clientId=annonceService-producer-1] Node -1 disconnected.
2026-01-12T21:54:34.056+01:00  WARN 59125 --- [annonceService] [vice-producer-1] org.apache.kafka.clients.NetworkClient   : [Producer clientId=annonceService-producer-1] Connection to node -1 (localhost/127.0.0.1:9099) could not be established. Node may not be available.
2026-01-12T21:54:34.056+01:00  WARN 59125 --- [annonceService] [vice-producer-1] org.apache.kafka.clients.NetworkClient   : [Producer clientId=annonceService-producer-1] Bootstrap broker localhost:9099 (id: -1 rack: null isFenced: false) disconnected
2026-01-12T21:54:34.876+01:00  INFO 59125 --- [annonceService] [vice-producer-1] org.apache.kafka.clients.Metadata        : [Producer clientId=annonceService-producer-1] Rebootstrapping with [localhost/127.0.0.1:9099]
2026-01-12T21:54:34.979+01:00  INFO 59125 --- [annonceService] [vice-producer-1] org.apache.kafka.clients.NetworkClient   : [Producer clientId=annonceService-producer-1] Node -1 disconnected.
2026-01-12T21:54:34.979+01:00  WARN 59125 --- [annonceService] [vice-producer-1] org.apache.kafka.clients.NetworkClient   : [Producer clientId=annonceService-producer-1] Connection to node -1 (localhost/127.0.0.1:9099) could not be established. Node may not be available.
2026-01-12T21:54:34.980+01:00  WARN 59125 --- [annonceService] [vice-producer-1] org.apache.kafka.clients.NetworkClient   : [Producer clientId=annonceService-producer-1] Bootstrap broker localhost:9099 (id: -1 rack: null isFenced: false) disconnected
2026-01-12T21:54:35.800+01:00  INFO 59125 --- [annonceService] [vice-producer-1] org.apache.kafka.clients.Metadata        : [Producer clientId=annonceService-producer-1] Rebootstrapping with [localhost/127.0.0.1:9099]
2026-01-12T21:54:35.852+01:00  INFO 59125 --- [annonceService] [vice-producer-1] org.apache.kafka.clients.NetworkClient   : [Producer clientId=annonceService-producer-1] Node -1 disconnected.
2026-01-12T21:54:35.853+01:00  WARN 59125 --- [annonceService] [vice-producer-1] org.apache.kafka.clients.NetworkClient   : [Producer clientId=annonceService-producer-1] Connection to node -1 (localhost/127.0.0.1:9099) could not be established. Node may not be available.
2026-01-12T21:54:35.853+01:00  WARN 59125 --- [annonceService] [vice-producer-1] org.apache.kafka.clients.NetworkClient   : [Producer clientId=annonceService-producer-1] Bootstrap broker localhost:9099 (id: -1 rack: null isFenced: false) disconnected
2026-01-12T21:54:35.979+01:00  INFO 59125 --- [annonceService] [vice-producer-1] org.apache.kafka.clients.Metadata        : [Producer clientId=annonceService-producer-1] Rebootstrapping with [localhost/127.0.0.1:9099]
2026-01-12T21:54:36.030+01:00  INFO 59125 --- [annonceService] [vice-producer-1] org.apache.kafka.clients.Metadata        : [Producer clientId=annonceService-producer-1] Rebootstrapping with [localhost/127.0.0.1:9099]
2026-01-12T21:54:36.082+01:00  INFO 59125 --- [annonceService] [vice-producer-1] org.apache.kafka.clients.Metadata        : [Producer clientId=annonceService-producer-1] Rebootstrapping with [localhost/127.0.0.1:9099]
2026-01-12T21:54:36.132+01:00  INFO 59125 --- [annonceService] [vice-producer-1] org.apache.kafka.clients.Metadata        : [Producer clientId=annonceService-producer-1] Rebootstrapping with [localhost/127.0.0.1:9099]
2026-01-12T21:54:36.184+01:00  INFO 59125 --- [annonceService] [vice-producer-1] org.apache.kafka.clients.Metadata        : [Producer clientId=annonceService-producer-1] Rebootstrapping with [localhost/127.0.0.1:9099]
2026-01-12T21:54:36.235+01:00  INFO 59125 --- [annonceService] [vice-producer-1] org.apache.kafka.clients.Metadata        : [Producer clientId=annonceService-producer-1] Rebootstrapping with [localhost/127.0.0.1:9099]
2026-01-12T21:54:36.285+01:00  INFO 59125 --- [annonceService] [vice-producer-1] org.apache.kafka.clients.Metadata        : [Producer clientId=annonceService-producer-1] Rebootstrapping with [localhost/127.0.0.1:9099]
2026-01-12T21:54:36.336+01:00  INFO 59125 --- [annonceService] [vice-producer-1] org.apache.kafka.clients.Metadata        : [Producer clientId=annonceService-producer-1] Rebootstrapping with [localhost/127.0.0.1:9099]
2026-01-12T21:54:36.387+01:00  INFO 59125 --- [annonceService] [vice-producer-1] org.apache.kafka.clients.Metadata        : [Producer clientId=annonceService-producer-1] Rebootstrapping with [localhost/127.0.0.1:9099]
2026-01-12T21:54:36.437+01:00  INFO 59125 --- [annonceService] [vice-producer-1] org.apache.kafka.clients.Metadata        : [Producer clientId=annonceService-producer-1] Rebootstrapping with [localhost/127.0.0.1:9099]
2026-01-12T21:54:36.487+01:00  INFO 59125 --- [annonceService] [vice-producer-1] org.apache.kafka.clients.Metadata        : [Producer clientId=annonceService-producer-1] Rebootstrapping with [localhost/127.0.0.1:9099]
2026-01-12T21:54:36.539+01:00  INFO 59125 --- [annonceService] [vice-producer-1] org.apache.kafka.clients.Metadata        : [Producer clientId=annonceService-producer-1] Rebootstrapping with [localhost/127.0.0.1:9099]
2026-01-12T21:54:36.590+01:00  INFO 59125 --- [annonceService] [vice-producer-1] org.apache.kafka.clients.Metadata        : [Producer clientId=annonceService-producer-1] Rebootstrapping with [localhost/127.0.0.1:9099]
2026-01-12T21:54:36.640+01:00  INFO 59125 --- [annonceService] [vice-producer-1] org.apache.kafka.clients.Metadata        : [Producer clientId=annonceService-producer-1] Rebootstrapping with [localhost/127.0.0.1:9099]
2026-01-12T21:54:36.692+01:00  INFO 59125 --- [annonceService] [vice-producer-1] org.apache.kafka.clients.Metadata        : [Producer clientId=annonceService-producer-1] Rebootstrapping with [localhost/127.0.0.1:9099]
2026-01-12T21:54:36.743+01:00  INFO 59125 --- [annonceService] [vice-producer-1] org.apache.kafka.clients.NetworkClient   : [Producer clientId=annonceService-producer-1] Node -1 disconnected.
2026-01-12T21:54:36.743+01:00  WARN 59125 --- [annonceService] [vice-producer-1] org.apache.kafka.clients.NetworkClient   : [Producer clientId=annonceService-producer-1] Connection to node -1 (localhost/127.0.0.1:9099) could not be established. Node may not be available.
2026-01-12T21:54:36.743+01:00  WARN 59125 --- [annonceService] [vice-producer-1] org.apache.kafka.clients.NetworkClient   : [Producer clientId=annonceService-producer-1] Bootstrap broker localhost:9099 (id: -1 rack: null isFenced: false) disconnected
2026-01-12T21:54:37.616+01:00  INFO 59125 --- [annonceService] [vice-producer-1] org.apache.kafka.clients.NetworkClient   : [Producer clientId=annonceService-producer-1] Node -1 disconnected.
2026-01-12T21:54:37.616+01:00  WARN 59125 --- [annonceService] [vice-producer-1] org.apache.kafka.clients.NetworkClient   : [Producer clientId=annonceService-producer-1] Connection to node -1 (localhost/127.0.0.1:9099) could not be established. Node may not be available.
2026-01-12T21:54:37.616+01:00  WARN 59125 --- [annonceService] [vice-producer-1] org.apache.kafka.clients.NetworkClient   : [Producer clientId=annonceService-producer-1] Bootstrap broker localhost:9099 (id: -1 rack: null isFenced: false) disconnected
2026-01-12T21:54:37.744+01:00  INFO 59125 --- [annonceService] [vice-producer-1] org.apache.kafka.clients.Metadata        : [Producer clientId=annonceService-producer-1] Rebootstrapping with [localhost/127.0.0.1:9099]
2026-01-12T21:54:37.797+01:00  INFO 59125 --- [annonceService] [vice-producer-1] org.apache.kafka.clients.Metadata        : [Producer clientId=annonceService-producer-1] Rebootstrapping with [localhost/127.0.0.1:9099]
2026-01-12T21:54:37.848+01:00  INFO 59125 --- [annonceService] [vice-producer-1] org.apache.kafka.clients.Metadata        : [Producer clientId=annonceService-producer-1] Rebootstrapping with [localhost/127.0.0.1:9099]
2026-01-12T21:54:37.900+01:00  INFO 59125 --- [annonceService] [vice-producer-1] org.apache.kafka.clients.Metadata        : [Producer clientId=annonceService-producer-1] Rebootstrapping with [localhost/127.0.0.1:9099]
2026-01-12T21:54:37.951+01:00  INFO 59125 --- [annonceService] [vice-producer-1] org.apache.kafka.clients.Metadata        : [Producer clientId=annonceService-producer-1] Rebootstrapping with [localhost/127.0.0.1:9099]
2026-01-12T21:54:38.003+01:00  INFO 59125 --- [annonceService] [vice-producer-1] org.apache.kafka.clients.Metadata        : [Producer clientId=annonceService-producer-1] Rebootstrapping with [localhost/127.0.0.1:9099]
2026-01-12T21:54:38.055+01:00  INFO 59125 --- [annonceService] [vice-producer-1] org.apache.kafka.clients.Metadata        : [Producer clientId=annonceService-producer-1] Rebootstrapping with [localhost/127.0.0.1:9099]
2026-01-12T21:54:38.107+01:00  INFO 59125 --- [annonceService] [vice-producer-1] org.apache.kafka.clients.Metadata        : [Producer clientId=annonceService-producer-1] Rebootstrapping with [localhost/127.0.0.1:9099]
2026-01-12T21:54:38.159+01:00  INFO 59125 --- [annonceService] [vice-producer-1] org.apache.kafka.clients.Metadata        : [Producer clientId=annonceService-producer-1] Rebootstrapping with [localhost/127.0.0.1:9099]
2026-01-12T21:54:38.209+01:00  INFO 59125 --- [annonceService] [vice-producer-1] org.apache.kafka.clients.Metadata        : [Producer clientId=annonceService-producer-1] Rebootstrapping with [localhost/127.0.0.1:9099]
2026-01-12T21:54:38.263+01:00  INFO 59125 --- [annonceService] [vice-producer-1] org.apache.kafka.clients.Metadata        : [Producer clientId=annonceService-producer-1] Rebootstrapping with [localhost/127.0.0.1:9099]
2026-01-12T21:54:38.315+01:00  INFO 59125 --- [annonceService] [vice-producer-1] org.apache.kafka.clients.Metadata        : [Producer clientId=annonceService-producer-1] Rebootstrapping with [localhost/127.0.0.1:9099]
2026-01-12T21:54:38.367+01:00  INFO 59125 --- [annonceService] [vice-producer-1] org.apache.kafka.clients.Metadata        : [Producer clientId=annonceService-producer-1] Rebootstrapping with [localhost/127.0.0.1:9099]
2026-01-12T21:54:38.420+01:00  INFO 59125 --- [annonceService] [vice-producer-1] org.apache.kafka.clients.Metadata        : [Producer clientId=annonceService-producer-1] Rebootstrapping with [localhost/127.0.0.1:9099]
2026-01-12T21:54:38.482+01:00  INFO 59125 --- [annonceService] [vice-producer-1] org.apache.kafka.clients.Metadata        : [Producer clientId=annonceService-producer-1] Rebootstrapping with [localhost/127.0.0.1:9099]
2026-01-12T21:54:38.535+01:00  INFO 59125 --- [annonceService] [vice-producer-1] org.apache.kafka.clients.NetworkClient   : [Producer clientId=annonceService-producer-1] Node -1 disconnected.
2026-01-12T21:54:38.535+01:00  WARN 59125 --- [annonceService] [vice-producer-1] org.apache.kafka.clients.NetworkClient   : [Producer clientId=annonceService-producer-1] Connection to node -1 (localhost/127.0.0.1:9099) could not be established. Node may not be available.
2026-01-12T21:54:38.535+01:00  WARN 59125 --- [annonceService] [vice-producer-1] org.apache.kafka.clients.NetworkClient   : [Producer clientId=annonceService-producer-1] Bootstrap broker localhost:9099 (id: -1 rack: null isFenced: false) disconnected
2026-01-12T21:54:39.356+01:00  INFO 59125 --- [annonceService] [vice-producer-1] org.apache.kafka.clients.NetworkClient   : [Producer clientId=annonceService-producer-1] Node -1 disconnected.
2026-01-12T21:54:39.356+01:00  WARN 59125 --- [annonceService] [vice-producer-1] org.apache.kafka.clients.NetworkClient   : [Producer clientId=annonceService-producer-1] Connection to node -1 (localhost/127.0.0.1:9099) could not be established. Node may not be available.
2026-01-12T21:54:39.356+01:00  WARN 59125 --- [annonceService] [vice-producer-1] org.apache.kafka.clients.NetworkClient   : [Producer clientId=annonceService-producer-1] Bootstrap broker localhost:9099 (id: -1 rack: null isFenced: false) disconnected
2026-01-12T21:54:39.536+01:00  INFO 59125 --- [annonceService] [vice-producer-1] org.apache.kafka.clients.Metadata        : [Producer clientId=annonceService-producer-1] Rebootstrapping with [localhost/127.0.0.1:9099]
2026-01-12T21:54:39.586+01:00  INFO 59125 --- [annonceService] [vice-producer-1] org.apache.kafka.clients.Metadata        : [Producer clientId=annonceService-producer-1] Rebootstrapping with [localhost/127.0.0.1:9099]
2026-01-12T21:54:39.638+01:00  INFO 59125 --- [annonceService] [vice-producer-1] org.apache.kafka.clients.Metadata        : [Producer clientId=annonceService-producer-1] Rebootstrapping with [localhost/127.0.0.1:9099]
2026-01-12T21:54:39.689+01:00  INFO 59125 --- [annonceService] [vice-producer-1] org.apache.kafka.clients.Metadata        : [Producer clientId=annonceService-producer-1] Rebootstrapping with [localhost/127.0.0.1:9099]
2026-01-12T21:54:39.740+01:00  INFO 59125 --- [annonceService] [vice-producer-1] org.apache.kafka.clients.Metadata        : [Producer clientId=annonceService-producer-1] Rebootstrapping with [localhost/127.0.0.1:9099]
2026-01-12T21:54:39.791+01:00  INFO 59125 --- [annonceService] [vice-producer-1] org.apache.kafka.clients.Metadata        : [Producer clientId=annonceService-producer-1] Rebootstrapping with [localhost/127.0.0.1:9099]
2026-01-12T21:54:39.842+01:00  INFO 59125 --- [annonceService] [vice-producer-1] org.apache.kafka.clients.Metadata        : [Producer clientId=annonceService-producer-1] Rebootstrapping with [localhost/127.0.0.1:9099]
2026-01-12T21:54:39.893+01:00  INFO 59125 --- [annonceService] [vice-producer-1] org.apache.kafka.clients.Metadata        : [Producer clientId=annonceService-producer-1] Rebootstrapping with [localhost/127.0.0.1:9099]
2026-01-12T21:54:39.944+01:00  INFO 59125 --- [annonceService] [vice-producer-1] org.apache.kafka.clients.Metadata        : [Producer clientId=annonceService-producer-1] Rebootstrapping with [localhost/127.0.0.1:9099]
2026-01-12T21:54:39.995+01:00  INFO 59125 --- [annonceService] [vice-producer-1] org.apache.kafka.clients.Metadata        : [Producer clientId=annonceService-producer-1] Rebootstrapping with [localhost/127.0.0.1:9099]
2026-01-12T21:54:40.046+01:00  INFO 59125 --- [annonceService] [vice-producer-1] org.apache.kafka.clients.Metadata        : [Producer clientId=annonceService-producer-1] Rebootstrapping with [localhost/127.0.0.1:9099]
2026-01-12T21:54:40.098+01:00  INFO 59125 --- [annonceService] [vice-producer-1] org.apache.kafka.clients.Metadata        : [Producer clientId=annonceService-producer-1] Rebootstrapping with [localhost/127.0.0.1:9099]
2026-01-12T21:54:40.149+01:00  INFO 59125 --- [annonceService] [vice-producer-1] org.apache.kafka.clients.Metadata        : [Producer clientId=annonceService-producer-1] Rebootstrapping with [localhost/127.0.0.1:9099]
2026-01-12T21:54:40.202+01:00  INFO 59125 --- [annonceService] [vice-producer-1] org.apache.kafka.clients.NetworkClient   : [Producer clientId=annonceService-producer-1] Node -1 disconnected.
2026-01-12T21:54:40.202+01:00  WARN 59125 --- [annonceService] [vice-producer-1] org.apache.kafka.clients.NetworkClient   : [Producer clientId=annonceService-producer-1] Connection to node -1 (localhost/127.0.0.1:9099) could not be established. Node may not be available.
2026-01-12T21:54:40.202+01:00  WARN 59125 --- [annonceService] [vice-producer-1] org.apache.kafka.clients.NetworkClient   : [Producer clientId=annonceService-producer-1] Bootstrap broker localhost:9099 (id: -1 rack: null isFenced: false) disconnected
2026-01-12T21:54:41.123+01:00  INFO 59125 --- [annonceService] [vice-producer-1] org.apache.kafka.clients.Metadata        : [Producer clientId=annonceService-producer-1] Rebootstrapping with [localhost/127.0.0.1:9099]
2026-01-12T21:54:41.205+01:00  INFO 59125 --- [annonceService] [vice-producer-1] org.apache.kafka.clients.NetworkClient   : [Producer clientId=annonceService-producer-1] Node -1 disconnected.
2026-01-12T21:54:41.205+01:00  WARN 59125 --- [annonceService] [vice-producer-1] org.apache.kafka.clients.NetworkClient   : [Producer clientId=annonceService-producer-1] Connection to node -1 (localhost/127.0.0.1:9099) could not be established. Node may not be available.
2026-01-12T21:54:41.205+01:00  WARN 59125 --- [annonceService] [vice-producer-1] org.apache.kafka.clients.NetworkClient   : [Producer clientId=annonceService-producer-1] Bootstrap broker localhost:9099 (id: -1 rack: null isFenced: false) disconnected
2026-01-12T21:54:41.966+01:00  INFO 59125 --- [annonceService] [io-9094-exec-10] o.e.a.Controller.AnnonceController       : Requête GET /api/annonces - liste des annonces par hospital 1
2026-01-12T21:54:41.966+01:00  INFO 59125 --- [annonceService] [io-9094-exec-10] o.e.a.Service.AnnonceService             : Récupération de toutes les annonces pour l'hospital 1
Hibernate: select a1_0.id,a1_0.blood_type,a1_0.deadline,a1_0.description,a1_0.hospital_id,a1_0.location_id,a1_0.quantity,a1_0.request_date,a1_0.status,a1_0.urgent_level,a1_0.user_id from post_annonce a1_0 where a1_0.hospital_id=?
2026-01-12T21:54:41.974+01:00  INFO 59125 --- [annonceService] [io-9094-exec-10] o.e.a.Service.AnnonceService             : Récupération réussie de 3 annonces
2026-01-12T21:54:42.113+01:00  INFO 59125 --- [annonceService] [vice-producer-1] org.apache.kafka.clients.Metadata        : [Producer clientId=annonceService-producer-1] Rebootstrapping with [localhost/127.0.0.1:9099]
2026-01-12T21:54:42.207+01:00  INFO 59125 --- [annonceService] [vice-producer-1] org.apache.kafka.clients.NetworkClient   : [Producer clientId=annonceService-producer-1] Node -1 disconnected.
2026-01-12T21:54:42.207+01:00  WARN 59125 --- [annonceService] [vice-producer-1] org.apache.kafka.clients.NetworkClient   : [Producer clientId=annonceService-producer-1] Connection to node -1 (localhost/127.0.0.1:9099) could not be established. Node may not be available.
2026-01-12T21:54:42.207+01:00  WARN 59125 --- [annonceService] [vice-producer-1] org.apache.kafka.clients.NetworkClient   : [Producer clientId=annonceService-producer-1] Bootstrap broker localhost:9099 (id: -1 rack: null isFenced: false) disconnected
2026-01-12T21:54:43.179+01:00  INFO 59125 --- [annonceService] [vice-producer-1] org.apache.kafka.clients.Metadata        : [Producer clientId=annonceService-producer-1] Rebootstrapping with [localhost/127.0.0.1:9099]
2026-01-12T21:54:43.222+01:00  INFO 59125 --- [annonceService] [nio-9094-exec-1] o.e.a.Controller.AnnonceController       : Requête GET /api/annonces - liste des annonces par hospital 1
2026-01-12T21:54:43.222+01:00  INFO 59125 --- [annonceService] [nio-9094-exec-1] o.e.a.Service.AnnonceService             : Récupération de toutes les annonces pour l'hospital 1
Hibernate: select a1_0.id,a1_0.blood_type,a1_0.deadline,a1_0.description,a1_0.hospital_id,a1_0.location_id,a1_0.quantity,a1_0.request_date,a1_0.status,a1_0.urgent_level,a1_0.user_id from post_annonce a1_0 where a1_0.hospital_id=?
2026-01-12T21:54:43.226+01:00  INFO 59125 --- [annonceService] [nio-9094-exec-1] o.e.a.Service.AnnonceService             : Récupération réussie de 3 annonces
2026-01-12T21:54:43.230+01:00  INFO 59125 --- [annonceService] [vice-producer-1] org.apache.kafka.clients.NetworkClient   : [Producer clientId=annonceService-producer-1] Node -1 disconnected.
2026-01-12T21:54:43.230+01:00  WARN 59125 --- [annonceService] [vice-producer-1] org.apache.kafka.clients.NetworkClient   : [Producer clientId=annonceService-producer-1] Connection to node -1 (localhost/127.0.0.1:9099) could not be established. Node may not be available.
2026-01-12T21:54:43.230+01:00  WARN 59125 --- [annonceService] [vice-producer-1] org.apache.kafka.clients.NetworkClient   : [Producer clientId=annonceService-producer-1] Bootstrap broker localhost:9099 (id: -1 rack: null isFenced: false) disconnected
2026-01-12T21:54:44.083+01:00  INFO 59125 --- [annonceService] [vice-producer-1] org.apache.kafka.clients.Metadata        : [Producer clientId=annonceService-producer-1] Rebootstrapping with [localhost/127.0.0.1:9099]
2026-01-12T21:54:44.185+01:00  INFO 59125 --- [annonceService] [vice-producer-1] org.apache.kafka.clients.Metadata        : [Producer clientId=annonceService-producer-1] Rebootstrapping with [localhost/127.0.0.1:9099]
2026-01-12T21:54:44.236+01:00  INFO 59125 --- [annonceService] [vice-producer-1] org.apache.kafka.clients.NetworkClient   : [Producer clientId=annonceService-producer-1] Node -1 disconnected.
2026-01-12T21:54:44.237+01:00  WARN 59125 --- [annonceService] [vice-producer-1] org.apache.kafka.clients.NetworkClient   : [Producer clientId=annonceService-producer-1] Connection to node -1 (localhost/127.0.0.1:9099) could not be established. Node may not be available.
2026-01-12T21:54:44.237+01:00  WARN 59125 --- [annonceService] [vice-producer-1] org.apache.kafka.clients.NetworkClient   : [Producer clientId=annonceService-producer-1] Bootstrap broker localhost:9099 (id: -1 rack: null isFenced: false) disconnected
2026-01-12T21:54:45.237+01:00  INFO 59125 --- [annonceService] [vice-producer-1] org.apache.kafka.clients.NetworkClient   : [Producer clientId=annonceService-producer-1] Node -1 disconnected.
2026-01-12T21:54:45.237+01:00  WARN 59125 --- [annonceService] [vice-producer-1] org.apache.kafka.clients.NetworkClient   : [Producer clientId=annonceService-producer-1] Connection to node -1 (localhost/127.0.0.1:9099) could not be established. Node may not be available.
2026-01-12T21:54:45.237+01:00  WARN 59125 --- [annonceService] [vice-producer-1] org.apache.kafka.clients.NetworkClient   : [Producer clientId=annonceService-producer-1] Bootstrap broker localhost:9099 (id: -1 rack: null isFenced: false) disconnected
2026-01-12T21:54:46.153+01:00  INFO 59125 --- [annonceService] [vice-producer-1] org.apache.kafka.clients.Metadata        : [Producer clientId=annonceService-producer-1] Rebootstrapping with [localhost/127.0.0.1:9099]
2026-01-12T21:54:46.204+01:00  INFO 59125 --- [annonceService] [vice-producer-1] org.apache.kafka.clients.NetworkClient   : [Producer clientId=annonceService-producer-1] Node -1 disconnected.
2026-01-12T21:54:46.204+01:00  WARN 59125 --- [annonceService] [vice-producer-1] org.apache.kafka.clients.NetworkClient   : [Producer clientId=annonceService-producer-1] Connection to node -1 (localhost/127.0.0.1:9099) could not be established. Node may not be available.
2026-01-12T21:54:46.204+01:00  WARN 59125 --- [annonceService] [vice-producer-1] org.apache.kafka.clients.NetworkClient   : [Producer clientId=annonceService-producer-1] Bootstrap broker localhost:9099 (id: -1 rack: null isFenced: false) disconnected
2026-01-12T21:54:46.312+01:00  INFO 59125 --- [annonceService] [vice-producer-1] org.apache.kafka.clients.Metadata        : [Producer clientId=annonceService-producer-1] Rebootstrapping with [localhost/127.0.0.1:9099]
2026-01-12T21:54:46.364+01:00  INFO 59125 --- [annonceService] [vice-producer-1] org.apache.kafka.clients.Metadata        : [Producer clientId=annonceService-producer-1] Rebootstrapping with [localhost/127.0.0.1:9099]
2026-01-12T21:54:46.416+01:00  INFO 59125 --- [annonceService] [vice-producer-1] org.apache.kafka.clients.Metadata        : [Producer clientId=annonceService-producer-1] Rebootstrapping with [localhost/127.0.0.1:9099]
2026-01-12T21:54:46.467+01:00  INFO 59125 --- [annonceService] [vice-producer-1] org.apache.kafka.clients.Metadata        : [Producer clientId=annonceService-producer-1] Rebootstrapping with [localhost/127.0.0.1:9099]
2026-01-12T21:54:46.519+01:00  INFO 59125 --- [annonceService] [vice-producer-1] org.apache.kafka.clients.Metadata        : [Producer clientId=annonceService-producer-1] Rebootstrapping with [localhost/127.0.0.1:9099]
2026-01-12T21:54:46.570+01:00  INFO 59125 --- [annonceService] [vice-producer-1] org.apache.kafka.clients.Metadata        : [Producer clientId=annonceService-producer-1] Rebootstrapping with [localhost/127.0.0.1:9099]
2026-01-12T21:54:46.622+01:00  INFO 59125 --- [annonceService] [vice-producer-1] org.apache.kafka.clients.Metadata        : [Producer clientId=annonceService-producer-1] Rebootstrapping with [localhost/127.0.0.1:9099]
2026-01-12T21:54:46.674+01:00  INFO 59125 --- [annonceService] [vice-producer-1] org.apache.kafka.clients.Metadata        : [Producer clientId=annonceService-producer-1] Rebootstrapping with [localhost/127.0.0.1:9099]
2026-01-12T21:54:46.725+01:00  INFO 59125 --- [annonceService] [vice-producer-1] org.apache.kafka.clients.Metadata        : [Producer clientId=annonceService-producer-1] Rebootstrapping with [localhost/127.0.0.1:9099]
2026-01-12T21:54:46.777+01:00  INFO 59125 --- [annonceService] [vice-producer-1] org.apache.kafka.clients.Metadata        : [Producer clientId=annonceService-producer-1] Rebootstrapping with [localhost/127.0.0.1:9099]
2026-01-12T21:54:46.828+01:00  INFO 59125 --- [annonceService] [vice-producer-1] org.apache.kafka.clients.Metadata        : [Producer clientId=annonceService-producer-1] Rebootstrapping with [localhost/127.0.0.1:9099]
2026-01-12T21:54:46.880+01:00  INFO 59125 --- [annonceService] [vice-producer-1] org.apache.kafka.clients.Metadata        : [Producer clientId=annonceService-producer-1] Rebootstrapping with [localhost/127.0.0.1:9099]
2026-01-12T21:54:46.931+01:00  INFO 59125 --- [annonceService] [vice-producer-1] org.apache.kafka.clients.Metadata        : [Producer clientId=annonceService-producer-1] Rebootstrapping with [localhost/127.0.0.1:9099]
2026-01-12T21:54:46.982+01:00  INFO 59125 --- [annonceService] [vice-producer-1] org.apache.kafka.clients.Metadata        : [Producer clientId=annonceService-producer-1] Rebootstrapping with [localhost/127.0.0.1:9099]
2026-01-12T21:54:47.033+01:00  INFO 59125 --- [annonceService] [vice-producer-1] org.apache.kafka.clients.Metadata        : [Producer clientId=annonceService-producer-1] Rebootstrapping with [localhost/127.0.0.1:9099]
2026-01-12T21:54:47.084+01:00  INFO 59125 --- [annonceService] [vice-producer-1] org.apache.kafka.clients.Metadata        : [Producer clientId=annonceService-producer-1] Rebootstrapping with [localhost/127.0.0.1:9099]
2026-01-12T21:54:47.135+01:00  INFO 59125 --- [annonceService] [vice-producer-1] org.apache.kafka.clients.Metadata        : [Producer clientId=annonceService-producer-1] Rebootstrapping with [localhost/127.0.0.1:9099]
2026-01-12T21:54:47.186+01:00  INFO 59125 --- [annonceService] [vice-producer-1] org.apache.kafka.clients.Metadata        : [Producer clientId=annonceService-producer-1] Rebootstrapping with [localhost/127.0.0.1:9099]
2026-01-12T21:54:47.238+01:00  INFO 59125 --- [annonceService] [vice-producer-1] org.apache.kafka.clients.NetworkClient   : [Producer clientId=annonceService-producer-1] Node -1 disconnected.
2026-01-12T21:54:47.239+01:00  WARN 59125 --- [annonceService] [vice-producer-1] org.apache.kafka.clients.NetworkClient   : [Producer clientId=annonceService-producer-1] Connection to node -1 (localhost/127.0.0.1:9099) could not be established. Node may not be available.
2026-01-12T21:54:47.239+01:00  WARN 59125 --- [annonceService] [vice-producer-1] org.apache.kafka.clients.NetworkClient   : [Producer clientId=annonceService-producer-1] Bootstrap broker localhost:9099 (id: -1 rack: null isFenced: false) disconnected
2026-01-12T21:54:48.161+01:00  INFO 59125 --- [annonceService] [vice-producer-1] org.apache.kafka.clients.Metadata        : [Producer clientId=annonceService-producer-1] Rebootstrapping with [localhost/127.0.0.1:9099]
2026-01-12T21:54:48.212+01:00  INFO 59125 --- [annonceService] [vice-producer-1] org.apache.kafka.clients.Metadata        : [Producer clientId=annonceService-producer-1] Rebootstrapping with [localhost/127.0.0.1:9099]
2026-01-12T21:54:48.264+01:00  INFO 59125 --- [annonceService] [vice-producer-1] org.apache.kafka.clients.NetworkClient   : [Producer clientId=annonceService-producer-1] Node -1 disconnected.
2026-01-12T21:54:48.264+01:00  WARN 59125 --- [annonceService] [vice-producer-1] org.apache.kafka.clients.NetworkClient   : [Producer clientId=annonceService-producer-1] Connection to node -1 (localhost/127.0.0.1:9099) could not be established. Node may not be available.
2026-01-12T21:54:48.264+01:00  WARN 59125 --- [annonceService] [vice-producer-1] org.apache.kafka.clients.NetworkClient   : [Producer clientId=annonceService-producer-1] Bootstrap broker localhost:9099 (id: -1 rack: null isFenced: false) disconnected
2026-01-12T21:54:49.186+01:00  INFO 59125 --- [annonceService] [vice-producer-1] org.apache.kafka.clients.Metadata        : [Producer clientId=annonceService-producer-1] Rebootstrapping with [localhost/127.0.0.1:9099]
2026-01-12T21:54:49.266+01:00  INFO 59125 --- [annonceService] [vice-producer-1] org.apache.kafka.clients.NetworkClient   : [Producer clientId=annonceService-producer-1] Node -1 disconnected.
2026-01-12T21:54:49.266+01:00  WARN 59125 --- [annonceService] [vice-producer-1] org.apache.kafka.clients.NetworkClient   : [Producer clientId=annonceService-producer-1] Connection to node -1 (localhost/127.0.0.1:9099) could not be established. Node may not be available.
2026-01-12T21:54:49.266+01:00  WARN 59125 --- [annonceService] [vice-producer-1] org.apache.kafka.clients.NetworkClient   : [Producer clientId=annonceService-producer-1] Bootstrap broker localhost:9099 (id: -1 rack: null isFenced: false) disconnected
2026-01-12T21:54:50.087+01:00  INFO 59125 --- [annonceService] [vice-producer-1] org.apache.kafka.clients.Metadata        : [Producer clientId=annonceService-producer-1] Rebootstrapping with [localhost/127.0.0.1:9099]
2026-01-12T21:54:50.138+01:00  INFO 59125 --- [annonceService] [vice-producer-1] org.apache.kafka.clients.Metadata        : [Producer clientId=annonceService-producer-1] Rebootstrapping with [localhost/127.0.0.1:9099]
2026-01-12T21:54:50.189+01:00  INFO 59125 --- [annonceService] [vice-producer-1] org.apache.kafka.clients.Metadata        : [Producer clientId=annonceService-producer-1] Rebootstrapping with [localhost/127.0.0.1:9099]
2026-01-12T21:54:50.241+01:00  INFO 59125 --- [annonceService] [vice-producer-1] org.apache.kafka.clients.Metadata        : [Producer clientId=annonceService-producer-1] Rebootstrapping with [localhost/127.0.0.1:9099]
2026-01-12T21:54:50.293+01:00  INFO 59125 --- [annonceService] [vice-producer-1] org.apache.kafka.clients.NetworkClient   : [Producer clientId=annonceService-producer-1] Node -1 disconnected.
2026-01-12T21:54:50.293+01:00  WARN 59125 --- [annonceService] [vice-producer-1] org.apache.kafka.clients.NetworkClient   : [Producer clientId=annonceService-producer-1] Connection to node -1 (localhost/127.0.0.1:9099) could not be established. Node may not be available.
2026-01-12T21:54:50.293+01:00  WARN 59125 --- [annonceService] [vice-producer-1] org.apache.kafka.clients.NetworkClient   : [Producer clientId=annonceService-producer-1] Bootstrap broker localhost:9099 (id: -1 rack: null isFenced: false) disconnected
2026-01-12T21:54:51.189+01:00  INFO 59125 --- [annonceService] [vice-producer-1] org.apache.kafka.clients.Metadata        : [Producer clientId=annonceService-producer-1] Rebootstrapping with [localhost/127.0.0.1:9099]
2026-01-12T21:54:51.240+01:00  INFO 59125 --- [annonceService] [vice-producer-1] org.apache.kafka.clients.Metadata        : [Producer clientId=annonceService-producer-1] Rebootstrapping with [localhost/127.0.0.1:9099]
2026-01-12T21:54:51.292+01:00  INFO 59125 --- [annonceService] [vice-producer-1] org.apache.kafka.clients.Metadata        : [Producer clientId=annonceService-producer-1] Rebootstrapping with [localhost/127.0.0.1:9099]
2026-01-12T21:54:51.345+01:00  INFO 59125 --- [annonceService] [vice-producer-1] org.apache.kafka.clients.NetworkClient   : [Producer clientId=annonceService-producer-1] Node -1 disconnected.
2026-01-12T21:54:51.345+01:00  WARN 59125 --- [annonceService] [vice-producer-1] org.apache.kafka.clients.NetworkClient   : [Producer clientId=annonceService-producer-1] Connection to node -1 (localhost/127.0.0.1:9099) could not be established. Node may not be available.
2026-01-12T21:54:51.346+01:00  WARN 59125 --- [annonceService] [vice-producer-1] org.apache.kafka.clients.NetworkClient   : [Producer clientId=annonceService-producer-1] Bootstrap broker localhost:9099 (id: -1 rack: null isFenced: false) disconnected
2026-01-12T21:54:52.316+01:00  INFO 59125 --- [annonceService] [vice-producer-1] org.apache.kafka.clients.Metadata        : [Producer clientId=annonceService-producer-1] Rebootstrapping with [localhost/127.0.0.1:9099]
2026-01-12T21:54:52.366+01:00  INFO 59125 --- [annonceService] [vice-producer-1] org.apache.kafka.clients.NetworkClient   : [Producer clientId=annonceService-producer-1] Node -1 disconnected.
2026-01-12T21:54:52.366+01:00  WARN 59125 --- [annonceService] [vice-producer-1] org.apache.kafka.clients.NetworkClient   : [Producer clientId=annonceService-producer-1] Connection to node -1 (localhost/127.0.0.1:9099) could not be established. Node may not be available.
2026-01-12T21:54:52.366+01:00  WARN 59125 --- [annonceService] [vice-producer-1] org.apache.kafka.clients.NetworkClient   : [Producer clientId=annonceService-producer-1] Bootstrap broker localhost:9099 (id: -1 rack: null isFenced: false) disconnected
2026-01-12T21:54:53.335+01:00  INFO 59125 --- [annonceService] [vice-producer-1] org.apache.kafka.clients.Metadata        : [Producer clientId=annonceService-producer-1] Rebootstrapping with [localhost/127.0.0.1:9099]
2026-01-12T21:54:53.387+01:00  INFO 59125 --- [annonceService] [vice-producer-1] org.apache.kafka.clients.NetworkClient   : [Producer clientId=annonceService-producer-1] Node -1 disconnected.
2026-01-12T21:54:53.387+01:00  WARN 59125 --- [annonceService] [vice-producer-1] org.apache.kafka.clients.NetworkClient   : [Producer clientId=annonceService-producer-1] Connection to node -1 (localhost/127.0.0.1:9099) could not be established. Node may not be available.
2026-01-12T21:54:53.387+01:00  WARN 59125 --- [annonceService] [vice-producer-1] org.apache.kafka.clients.NetworkClient   : [Producer clientId=annonceService-producer-1] Bootstrap broker localhost:9099 (id: -1 rack: null isFenced: false) disconnected
2026-01-12T21:54:54.261+01:00  INFO 59125 --- [annonceService] [vice-producer-1] org.apache.kafka.clients.Metadata        : [Producer clientId=annonceService-producer-1] Rebootstrapping with [localhost/127.0.0.1:9099]
2026-01-12T21:54:54.364+01:00  INFO 59125 --- [annonceService] [vice-producer-1] org.apache.kafka.clients.NetworkClient   : [Producer clientId=annonceService-producer-1] Node -1 disconnected.
2026-01-12T21:54:54.365+01:00  WARN 59125 --- [annonceService] [vice-producer-1] org.apache.kafka.clients.NetworkClient   : [Producer clientId=annonceService-producer-1] Connection to node -1 (localhost/127.0.0.1:9099) could not be established. Node may not be available.
2026-01-12T21:54:54.365+01:00  WARN 59125 --- [annonceService] [vice-producer-1] org.apache.kafka.clients.NetworkClient   : [Producer clientId=annonceService-producer-1] Bootstrap broker localhost:9099 (id: -1 rack: null isFenced: false) disconnected
2026-01-12T21:54:55.295+01:00  INFO 59125 --- [annonceService] [vice-producer-1] org.apache.kafka.clients.Metadata        : [Producer clientId=annonceService-producer-1] Rebootstrapping with [localhost/127.0.0.1:9099]
2026-01-12T21:54:55.367+01:00  INFO 59125 --- [annonceService] [vice-producer-1] org.apache.kafka.clients.NetworkClient   : [Producer clientId=annonceService-producer-1] Node -1 disconnected.
2026-01-12T21:54:55.368+01:00  WARN 59125 --- [annonceService] [vice-producer-1] org.apache.kafka.clients.NetworkClient   : [Producer clientId=annonceService-producer-1] Connection to node -1 (localhost/127.0.0.1:9099) could not be established. Node may not be available.
2026-01-12T21:54:55.368+01:00  WARN 59125 --- [annonceService] [vice-producer-1] org.apache.kafka.clients.NetworkClient   : [Producer clientId=annonceService-producer-1] Bootstrap broker localhost:9099 (id: -1 rack: null isFenced: false) disconnected
2026-01-12T21:54:56.182+01:00  INFO 59125 --- [annonceService] [vice-producer-1] org.apache.kafka.clients.Metadata        : [Producer clientId=annonceService-producer-1] Rebootstrapping with [localhost/127.0.0.1:9099]
2026-01-12T21:54:56.337+01:00  INFO 59125 --- [annonceService] [vice-producer-1] org.apache.kafka.clients.NetworkClient   : [Producer clientId=annonceService-producer-1] Node -1 disconnected.
2026-01-12T21:54:56.337+01:00  WARN 59125 --- [annonceService] [vice-producer-1] org.apache.kafka.clients.NetworkClient   : [Producer clientId=annonceService-producer-1] Connection to node -1 (localhost/127.0.0.1:9099) could not be established. Node may not be available.
2026-01-12T21:54:56.337+01:00  WARN 59125 --- [annonceService] [vice-producer-1] org.apache.kafka.clients.NetworkClient   : [Producer clientId=annonceService-producer-1] Bootstrap broker localhost:9099 (id: -1 rack: null isFenced: false) disconnected
2026-01-12T21:54:56.443+01:00  INFO 59125 --- [annonceService] [vice-producer-1] org.apache.kafka.clients.Metadata        : [Producer clientId=annonceService-producer-1] Rebootstrapping with [localhost/127.0.0.1:9099]
2026-01-12T21:54:56.495+01:00  INFO 59125 --- [annonceService] [vice-producer-1] org.apache.kafka.clients.Metadata        : [Producer clientId=annonceService-producer-1] Rebootstrapping with [localhost/127.0.0.1:9099]
2026-01-12T21:54:56.545+01:00  INFO 59125 --- [annonceService] [vice-producer-1] org.apache.kafka.clients.Metadata        : [Producer clientId=annonceService-producer-1] Rebootstrapping with [localhost/127.0.0.1:9099]
2026-01-12T21:54:56.597+01:00  INFO 59125 --- [annonceService] [vice-producer-1] org.apache.kafka.clients.Metadata        : [Producer clientId=annonceService-producer-1] Rebootstrapping with [localhost/127.0.0.1:9099]
2026-01-12T21:54:56.647+01:00  INFO 59125 --- [annonceService] [vice-producer-1] org.apache.kafka.clients.Metadata        : [Producer clientId=annonceService-producer-1] Rebootstrapping with [localhost/127.0.0.1:9099]
2026-01-12T21:54:56.699+01:00  INFO 59125 --- [annonceService] [vice-producer-1] org.apache.kafka.clients.Metadata        : [Producer clientId=annonceService-producer-1] Rebootstrapping with [localhost/127.0.0.1:9099]
2026-01-12T21:54:56.750+01:00  INFO 59125 --- [annonceService] [vice-producer-1] org.apache.kafka.clients.Metadata        : [Producer clientId=annonceService-producer-1] Rebootstrapping with [localhost/127.0.0.1:9099]
2026-01-12T21:54:56.801+01:00  INFO 59125 --- [annonceService] [vice-producer-1] org.apache.kafka.clients.Metadata        : [Producer clientId=annonceService-producer-1] Rebootstrapping with [localhost/127.0.0.1:9099]
2026-01-12T21:54:56.852+01:00  INFO 59125 --- [annonceService] [vice-producer-1] org.apache.kafka.clients.Metadata        : [Producer clientId=annonceService-producer-1] Rebootstrapping with [localhost/127.0.0.1:9099]
2026-01-12T21:54:56.903+01:00  INFO 59125 --- [annonceService] [vice-producer-1] org.apache.kafka.clients.Metadata        : [Producer clientId=annonceService-producer-1] Rebootstrapping with [localhost/127.0.0.1:9099]
2026-01-12T21:54:56.954+01:00  INFO 59125 --- [annonceService] [vice-producer-1] org.apache.kafka.clients.Metadata        : [Producer clientId=annonceService-producer-1] Rebootstrapping with [localhost/127.0.0.1:9099]
2026-01-12T21:54:57.005+01:00  INFO 59125 --- [annonceService] [vice-producer-1] org.apache.kafka.clients.Metadata        : [Producer clientId=annonceService-producer-1] Rebootstrapping with [localhost/127.0.0.1:9099]
2026-01-12T21:54:57.057+01:00  INFO 59125 --- [annonceService] [vice-producer-1] org.apache.kafka.clients.Metadata        : [Producer clientId=annonceService-producer-1] Rebootstrapping with [localhost/127.0.0.1:9099]
2026-01-12T21:54:57.108+01:00  INFO 59125 --- [annonceService] [vice-producer-1] org.apache.kafka.clients.Metadata        : [Producer clientId=annonceService-producer-1] Rebootstrapping with [localhost/127.0.0.1:9099]
2026-01-12T21:54:57.165+01:00  INFO 59125 --- [annonceService] [vice-producer-1] org.apache.kafka.clients.Metadata        : [Producer clientId=annonceService-producer-1] Rebootstrapping with [localhost/127.0.0.1:9099]
2026-01-12T21:54:57.216+01:00  INFO 59125 --- [annonceService] [vice-producer-1] org.apache.kafka.clients.NetworkClient   : [Producer clientId=annonceService-producer-1] Node -1 disconnected.
2026-01-12T21:54:57.216+01:00  WARN 59125 --- [annonceService] [vice-producer-1] org.apache.kafka.clients.NetworkClient   : [Producer clientId=annonceService-producer-1] Connection to node -1 (localhost/127.0.0.1:9099) could not be established. Node may not be available.
2026-01-12T21:54:57.216+01:00  WARN 59125 --- [annonceService] [vice-producer-1] org.apache.kafka.clients.NetworkClient   : [Producer clientId=annonceService-producer-1] Bootstrap broker localhost:9099 (id: -1 rack: null isFenced: false) disconnected
2026-01-12T21:54:58.186+01:00  INFO 59125 --- [annonceService] [vice-producer-1] org.apache.kafka.clients.Metadata        : [Producer clientId=annonceService-producer-1] Rebootstrapping with [localhost/127.0.0.1:9099]
2026-01-12T21:54:58.237+01:00  INFO 59125 --- [annonceService] [vice-producer-1] org.apache.kafka.clients.NetworkClient   : [Producer clientId=annonceService-producer-1] Node -1 disconnected.
2026-01-12T21:54:58.237+01:00  WARN 59125 --- [annonceService] [vice-producer-1] org.apache.kafka.clients.NetworkClient   : [Producer clientId=annonceService-producer-1] Connection to node -1 (localhost/127.0.0.1:9099) could not be established. Node may not be available.
2026-01-12T21:54:58.237+01:00  WARN 59125 --- [annonceService] [vice-producer-1] org.apache.kafka.clients.NetworkClient   : [Producer clientId=annonceService-producer-1] Bootstrap broker localhost:9099 (id: -1 rack: null isFenced: false) disconnected
2026-01-12T21:54:59.238+01:00  INFO 59125 --- [annonceService] [vice-producer-1] org.apache.kafka.clients.NetworkClient   : [Producer clientId=annonceService-producer-1] Node -1 disconnected.
2026-01-12T21:54:59.238+01:00  WARN 59125 --- [annonceService] [vice-producer-1] org.apache.kafka.clients.NetworkClient   : [Producer clientId=annonceService-producer-1] Connection to node -1 (localhost/127.0.0.1:9099) could not be established. Node may not be available.
2026-01-12T21:54:59.238+01:00  WARN 59125 --- [annonceService] [vice-producer-1] org.apache.kafka.clients.NetworkClient   : [Producer clientId=annonceService-producer-1] Bootstrap broker localhost:9099 (id: -1 rack: null isFenced: false) disconnected
2026-01-12T21:55:00.115+01:00  INFO 59125 --- [annonceService] [vice-producer-1] org.apache.kafka.clients.NetworkClient   : [Producer clientId=annonceService-producer-1] Node -1 disconnected.
2026-01-12T21:55:00.115+01:00  WARN 59125 --- [annonceService] [vice-producer-1] org.apache.kafka.clients.NetworkClient   : [Producer clientId=annonceService-producer-1] Connection to node -1 (localhost/127.0.0.1:9099) could not be established. Node may not be available.
2026-01-12T21:55:00.115+01:00  WARN 59125 --- [annonceService] [vice-producer-1] org.apache.kafka.clients.NetworkClient   : [Producer clientId=annonceService-producer-1] Bootstrap broker localhost:9099 (id: -1 rack: null isFenced: false) disconnected
2026-01-12T21:55:00.223+01:00  INFO 59125 --- [annonceService] [vice-producer-1] org.apache.kafka.clients.Metadata        : [Producer clientId=annonceService-producer-1] Rebootstrapping with [localhost/127.0.0.1:9099]
2026-01-12T21:55:00.274+01:00  INFO 59125 --- [annonceService] [vice-producer-1] org.apache.kafka.clients.Metadata        : [Producer clientId=annonceService-producer-1] Rebootstrapping with [localhost/127.0.0.1:9099]
2026-01-12T21:55:00.327+01:00  INFO 59125 --- [annonceService] [vice-producer-1] org.apache.kafka.clients.Metadata        : [Producer clientId=annonceService-producer-1] Rebootstrapping with [localhost/127.0.0.1:9099]
2026-01-12T21:55:00.379+01:00  INFO 59125 --- [annonceService] [vice-producer-1] org.apache.kafka.clients.Metadata        : [Producer clientId=annonceService-producer-1] Rebootstrapping with [localhost/127.0.0.1:9099]
2026-01-12T21:55:00.431+01:00  INFO 59125 --- [annonceService] [vice-producer-1] org.apache.kafka.clients.Metadata        : [Producer clientId=annonceService-producer-1] Rebootstrapping with [localhost/127.0.0.1:9099]
2026-01-12T21:55:00.482+01:00  INFO 59125 --- [annonceService] [vice-producer-1] org.apache.kafka.clients.Metadata        : [Producer clientId=annonceService-producer-1] Rebootstrapping with [localhost/127.0.0.1:9099]
2026-01-12T21:55:00.533+01:00  INFO 59125 --- [annonceService] [vice-producer-1] org.apache.kafka.clients.Metadata        : [Producer clientId=annonceService-producer-1] Rebootstrapping with [localhost/127.0.0.1:9099]
2026-01-12T21:55:00.585+01:00  INFO 59125 --- [annonceService] [vice-producer-1] org.apache.kafka.clients.Metadata        : [Producer clientId=annonceService-producer-1] Rebootstrapping with [localhost/127.0.0.1:9099]
2026-01-12T21:55:00.636+01:00  INFO 59125 --- [annonceService] [vice-producer-1] org.apache.kafka.clients.Metadata        : [Producer clientId=annonceService-producer-1] Rebootstrapping with [localhost/127.0.0.1:9099]
2026-01-12T21:55:00.687+01:00  INFO 59125 --- [annonceService] [vice-producer-1] org.apache.kafka.clients.Metadata        : [Producer clientId=annonceService-producer-1] Rebootstrapping with [localhost/127.0.0.1:9099]
2026-01-12T21:55:00.737+01:00  INFO 59125 --- [annonceService] [vice-producer-1] org.apache.kafka.clients.Metadata        : [Producer clientId=annonceService-producer-1] Rebootstrapping with [localhost/127.0.0.1:9099]
2026-01-12T21:55:00.789+01:00  INFO 59125 --- [annonceService] [vice-producer-1] org.apache.kafka.clients.Metadata        : [Producer clientId=annonceService-producer-1] Rebootstrapping with [localhost/127.0.0.1:9099]
2026-01-12T21:55:00.844+01:00  INFO 59125 --- [annonceService] [vice-producer-1] org.apache.kafka.clients.Metadata        : [Producer clientId=annonceService-producer-1] Rebootstrapping with [localhost/127.0.0.1:9099]
2026-01-12T21:55:00.896+01:00  INFO 59125 --- [annonceService] [vice-producer-1] org.apache.kafka.clients.Metadata        : [Producer clientId=annonceService-producer-1] Rebootstrapping with [localhost/127.0.0.1:9099]
2026-01-12T21:55:00.948+01:00  INFO 59125 --- [annonceService] [vice-producer-1] org.apache.kafka.clients.Metadata        : [Producer clientId=annonceService-producer-1] Rebootstrapping with [localhost/127.0.0.1:9099]
2026-01-12T21:55:00.999+01:00  INFO 59125 --- [annonceService] [vice-producer-1] org.apache.kafka.clients.Metadata        : [Producer clientId=annonceService-producer-1] Rebootstrapping with [localhost/127.0.0.1:9099]
2026-01-12T21:55:01.051+01:00  INFO 59125 --- [annonceService] [vice-producer-1] org.apache.kafka.clients.Metadata        : [Producer clientId=annonceService-producer-1] Rebootstrapping with [localhost/127.0.0.1:9099]
2026-01-12T21:55:01.103+01:00  INFO 59125 --- [annonceService] [vice-producer-1] org.apache.kafka.clients.Metadata        : [Producer clientId=annonceService-producer-1] Rebootstrapping with [localhost/127.0.0.1:9099]
2026-01-12T21:55:01.156+01:00  INFO 59125 --- [annonceService] [vice-producer-1] org.apache.kafka.clients.NetworkClient   : [Producer clientId=annonceService-producer-1] Node -1 disconnected.
2026-01-12T21:55:01.157+01:00  WARN 59125 --- [annonceService] [vice-producer-1] org.apache.kafka.clients.NetworkClient   : [Producer clientId=annonceService-producer-1] Connection to node -1 (localhost/127.0.0.1:9099) could not be established. Node may not be available.
2026-01-12T21:55:01.157+01:00  WARN 59125 --- [annonceService] [vice-producer-1] org.apache.kafka.clients.NetworkClient   : [Producer clientId=annonceService-producer-1] Bootstrap broker localhost:9099 (id: -1 rack: null isFenced: false) disconnected
2026-01-12T21:55:02.129+01:00  INFO 59125 --- [annonceService] [vice-producer-1] org.apache.kafka.clients.Metadata        : [Producer clientId=annonceService-producer-1] Rebootstrapping with [localhost/127.0.0.1:9099]
2026-01-12T21:55:02.181+01:00  INFO 59125 --- [annonceService] [vice-producer-1] org.apache.kafka.clients.NetworkClient   : [Producer clientId=annonceService-producer-1] Node -1 disconnected.
2026-01-12T21:55:02.182+01:00  WARN 59125 --- [annonceService] [vice-producer-1] org.apache.kafka.clients.NetworkClient   : [Producer clientId=annonceService-producer-1] Connection to node -1 (localhost/127.0.0.1:9099) could not be established. Node may not be available.
2026-01-12T21:55:02.183+01:00  WARN 59125 --- [annonceService] [vice-producer-1] org.apache.kafka.clients.NetworkClient   : [Producer clientId=annonceService-producer-1] Bootstrap broker localhost:9099 (id: -1 rack: null isFenced: false) disconnected
2026-01-12T21:55:03.155+01:00  INFO 59125 --- [annonceService] [vice-producer-1] org.apache.kafka.clients.Metadata        : [Producer clientId=annonceService-producer-1] Rebootstrapping with [localhost/127.0.0.1:9099]
2026-01-12T21:55:03.209+01:00  INFO 59125 --- [annonceService] [vice-producer-1] org.apache.kafka.clients.NetworkClient   : [Producer clientId=annonceService-producer-1] Node -1 disconnected.
2026-01-12T21:55:03.209+01:00  WARN 59125 --- [annonceService] [vice-producer-1] org.apache.kafka.clients.NetworkClient   : [Producer clientId=annonceService-producer-1] Connection to node -1 (localhost/127.0.0.1:9099) could not be established. Node may not be available.
2026-01-12T21:55:03.209+01:00  WARN 59125 --- [annonceService] [vice-producer-1] org.apache.kafka.clients.NetworkClient   : [Producer clientId=annonceService-producer-1] Bootstrap broker localhost:9099 (id: -1 rack: null isFenced: false) disconnected
2026-01-12T21:55:04.130+01:00  INFO 59125 --- [annonceService] [vice-producer-1] org.apache.kafka.clients.Metadata        : [Producer clientId=annonceService-producer-1] Rebootstrapping with [localhost/127.0.0.1:9099]
2026-01-12T21:55:04.215+01:00  INFO 59125 --- [annonceService] [vice-producer-1] org.apache.kafka.clients.NetworkClient   : [Producer clientId=annonceService-producer-1] Node -1 disconnected.
2026-01-12T21:55:04.215+01:00  WARN 59125 --- [annonceService] [vice-producer-1] org.apache.kafka.clients.NetworkClient   : [Producer clientId=annonceService-producer-1] Connection to node -1 (localhost/127.0.0.1:9099) could not be established. Node may not be available.
2026-01-12T21:55:04.215+01:00  WARN 59125 --- [annonceService] [vice-producer-1] org.apache.kafka.clients.NetworkClient   : [Producer clientId=annonceService-producer-1] Bootstrap broker localhost:9099 (id: -1 rack: null isFenced: false) disconnected
2026-01-12T21:55:05.088+01:00  INFO 59125 --- [annonceService] [vice-producer-1] org.apache.kafka.clients.Metadata        : [Producer clientId=annonceService-producer-1] Rebootstrapping with [localhost/127.0.0.1:9099]
2026-01-12T21:55:05.140+01:00  INFO 59125 --- [annonceService] [vice-producer-1] org.apache.kafka.clients.NetworkClient   : [Producer clientId=annonceService-producer-1] Node -1 disconnected.
2026-01-12T21:55:05.141+01:00  WARN 59125 --- [annonceService] [vice-producer-1] org.apache.kafka.clients.NetworkClient   : [Producer clientId=annonceService-producer-1] Connection to node -1 (localhost/127.0.0.1:9099) could not be established. Node may not be available.
2026-01-12T21:55:05.141+01:00  WARN 59125 --- [annonceService] [vice-producer-1] org.apache.kafka.clients.NetworkClient   : [Producer clientId=annonceService-producer-1] Bootstrap broker localhost:9099 (id: -1 rack: null isFenced: false) disconnected
2026-01-12T21:55:05.244+01:00  INFO 59125 --- [annonceService] [vice-producer-1] org.apache.kafka.clients.Metadata        : [Producer clientId=annonceService-producer-1] Rebootstrapping with [localhost/127.0.0.1:9099]
2026-01-12T21:55:05.295+01:00  INFO 59125 --- [annonceService] [vice-producer-1] org.apache.kafka.clients.Metadata        : [Producer clientId=annonceService-producer-1] Rebootstrapping with [localhost/127.0.0.1:9099]
2026-01-12T21:55:05.346+01:00  INFO 59125 --- [annonceService] [vice-producer-1] org.apache.kafka.clients.Metadata        : [Producer clientId=annonceService-producer-1] Rebootstrapping with [localhost/127.0.0.1:9099]
2026-01-12T21:55:05.398+01:00  INFO 59125 --- [annonceService] [vice-producer-1] org.apache.kafka.clients.Metadata        : [Producer clientId=annonceService-producer-1] Rebootstrapping with [localhost/127.0.0.1:9099]
2026-01-12T21:55:05.449+01:00  INFO 59125 --- [annonceService] [vice-producer-1] org.apache.kafka.clients.Metadata        : [Producer clientId=annonceService-producer-1] Rebootstrapping with [localhost/127.0.0.1:9099]
2026-01-12T21:55:05.500+01:00  INFO 59125 --- [annonceService] [vice-producer-1] org.apache.kafka.clients.Metadata        : [Producer clientId=annonceService-producer-1] Rebootstrapping with [localhost/127.0.0.1:9099]
2026-01-12T21:55:05.552+01:00  INFO 59125 --- [annonceService] [vice-producer-1] org.apache.kafka.clients.Metadata        : [Producer clientId=annonceService-producer-1] Rebootstrapping with [localhost/127.0.0.1:9099]
2026-01-12T21:55:05.602+01:00  INFO 59125 --- [annonceService] [vice-producer-1] org.apache.kafka.clients.Metadata        : [Producer clientId=annonceService-producer-1] Rebootstrapping with [localhost/127.0.0.1:9099]
2026-01-12T21:55:05.654+01:00  INFO 59125 --- [annonceService] [vice-producer-1] org.apache.kafka.clients.Metadata        : [Producer clientId=annonceService-producer-1] Rebootstrapping with [localhost/127.0.0.1:9099]
2026-01-12T21:55:05.705+01:00  INFO 59125 --- [annonceService] [vice-producer-1] org.apache.kafka.clients.Metadata        : [Producer clientId=annonceService-producer-1] Rebootstrapping with [localhost/127.0.0.1:9099]
2026-01-12T21:55:05.757+01:00  INFO 59125 --- [annonceService] [vice-producer-1] org.apache.kafka.clients.Metadata        : [Producer clientId=annonceService-producer-1] Rebootstrapping with [localhost/127.0.0.1:9099]
2026-01-12T21:55:05.808+01:00  INFO 59125 --- [annonceService] [vice-producer-1] org.apache.kafka.clients.Metadata        : [Producer clientId=annonceService-producer-1] Rebootstrapping with [localhost/127.0.0.1:9099]
2026-01-12T21:55:05.860+01:00  INFO 59125 --- [annonceService] [vice-producer-1] org.apache.kafka.clients.Metadata        : [Producer clientId=annonceService-producer-1] Rebootstrapping with [localhost/127.0.0.1:9099]
2026-01-12T21:55:05.911+01:00  INFO 59125 --- [annonceService] [vice-producer-1] org.apache.kafka.clients.Metadata        : [Producer clientId=annonceService-producer-1] Rebootstrapping with [localhost/127.0.0.1:9099]
2026-01-12T21:55:05.963+01:00  INFO 59125 --- [annonceService] [vice-producer-1] org.apache.kafka.clients.Metadata        : [Producer clientId=annonceService-producer-1] Rebootstrapping with [localhost/127.0.0.1:9099]
2026-01-12T21:55:06.014+01:00  INFO 59125 --- [annonceService] [vice-producer-1] org.apache.kafka.clients.Metadata        : [Producer clientId=annonceService-producer-1] Rebootstrapping with [localhost/127.0.0.1:9099]
2026-01-12T21:55:06.065+01:00  INFO 59125 --- [annonceService] [vice-producer-1] org.apache.kafka.clients.Metadata        : [Producer clientId=annonceService-producer-1] Rebootstrapping with [localhost/127.0.0.1:9099]
2026-01-12T21:55:06.123+01:00  INFO 59125 --- [annonceService] [vice-producer-1] org.apache.kafka.clients.NetworkClient   : [Producer clientId=annonceService-producer-1] Node -1 disconnected.
2026-01-12T21:55:06.123+01:00  WARN 59125 --- [annonceService] [vice-producer-1] org.apache.kafka.clients.NetworkClient   : [Producer clientId=annonceService-producer-1] Connection to node -1 (localhost/127.0.0.1:9099) could not be established. Node may not be available.
2026-01-12T21:55:06.123+01:00  WARN 59125 --- [annonceService] [vice-producer-1] org.apache.kafka.clients.NetworkClient   : [Producer clientId=annonceService-producer-1] Bootstrap broker localhost:9099 (id: -1 rack: null isFenced: false) disconnected
2026-01-12T21:55:07.118+01:00  INFO 59125 --- [annonceService] [vice-producer-1] org.apache.kafka.clients.NetworkClient   : [Producer clientId=annonceService-producer-1] Node -1 disconnected.
2026-01-12T21:55:07.120+01:00  WARN 59125 --- [annonceService] [vice-producer-1] org.apache.kafka.clients.NetworkClient   : [Producer clientId=annonceService-producer-1] Connection to node -1 (localhost/127.0.0.1:9099) could not be established. Node may not be available.
2026-01-12T21:55:07.121+01:00  WARN 59125 --- [annonceService] [vice-producer-1] org.apache.kafka.clients.NetworkClient   : [Producer clientId=annonceService-producer-1] Bootstrap broker localhost:9099 (id: -1 rack: null isFenced: false) disconnected
2026-01-12T21:55:08.127+01:00  INFO 59125 --- [annonceService] [vice-producer-1] org.apache.kafka.clients.NetworkClient   : [Producer clientId=annonceService-producer-1] Node -1 disconnected.
2026-01-12T21:55:08.127+01:00  WARN 59125 --- [annonceService] [vice-producer-1] org.apache.kafka.clients.NetworkClient   : [Producer clientId=annonceService-producer-1] Connection to node -1 (localhost/127.0.0.1:9099) could not be established. Node may not be available.
2026-01-12T21:55:08.127+01:00  WARN 59125 --- [annonceService] [vice-producer-1] org.apache.kafka.clients.NetworkClient   : [Producer clientId=annonceService-producer-1] Bootstrap broker localhost:9099 (id: -1 rack: null isFenced: false) disconnected
2026-01-12T21:55:09.098+01:00  INFO 59125 --- [annonceService] [vice-producer-1] org.apache.kafka.clients.Metadata        : [Producer clientId=annonceService-producer-1] Rebootstrapping with [localhost/127.0.0.1:9099]
2026-01-12T21:55:09.151+01:00  INFO 59125 --- [annonceService] [vice-producer-1] org.apache.kafka.clients.NetworkClient   : [Producer clientId=annonceService-producer-1] Node -1 disconnected.
2026-01-12T21:55:09.151+01:00  WARN 59125 --- [annonceService] [vice-producer-1] org.apache.kafka.clients.NetworkClient   : [Producer clientId=annonceService-producer-1] Connection to node -1 (localhost/127.0.0.1:9099) could not be established. Node may not be available.
2026-01-12T21:55:09.151+01:00  WARN 59125 --- [annonceService] [vice-producer-1] org.apache.kafka.clients.NetworkClient   : [Producer clientId=annonceService-producer-1] Bootstrap broker localhost:9099 (id: -1 rack: null isFenced: false) disconnected
2026-01-12T21:55:10.021+01:00  INFO 59125 --- [annonceService] [vice-producer-1] org.apache.kafka.clients.NetworkClient   : [Producer clientId=annonceService-producer-1] Node -1 disconnected.
2026-01-12T21:55:10.022+01:00  WARN 59125 --- [annonceService] [vice-producer-1] org.apache.kafka.clients.NetworkClient   : [Producer clientId=annonceService-producer-1] Connection to node -1 (localhost/127.0.0.1:9099) could not be established. Node may not be available.
2026-01-12T21:55:10.022+01:00  WARN 59125 --- [annonceService] [vice-producer-1] org.apache.kafka.clients.NetworkClient   : [Producer clientId=annonceService-producer-1] Bootstrap broker localhost:9099 (id: -1 rack: null isFenced: false) disconnected
2026-01-12T21:55:10.125+01:00  INFO 59125 --- [annonceService] [vice-producer-1] org.apache.kafka.clients.Metadata        : [Producer clientId=annonceService-producer-1] Rebootstrapping with [localhost/127.0.0.1:9099]
2026-01-12T21:55:10.177+01:00  INFO 59125 --- [annonceService] [vice-producer-1] org.apache.kafka.clients.Metadata        : [Producer clientId=annonceService-producer-1] Rebootstrapping with [localhost/127.0.0.1:9099]
2026-01-12T21:55:10.229+01:00  INFO 59125 --- [annonceService] [vice-producer-1] org.apache.kafka.clients.Metadata        : [Producer clientId=annonceService-producer-1] Rebootstrapping with [localhost/127.0.0.1:9099]
2026-01-12T21:55:10.281+01:00  INFO 59125 --- [annonceService] [vice-producer-1] org.apache.kafka.clients.Metadata        : [Producer clientId=annonceService-producer-1] Rebootstrapping with [localhost/127.0.0.1:9099]
2026-01-12T21:55:10.332+01:00  INFO 59125 --- [annonceService] [vice-producer-1] org.apache.kafka.clients.Metadata        : [Producer clientId=annonceService-producer-1] Rebootstrapping with [localhost/127.0.0.1:9099]
2026-01-12T21:55:10.383+01:00  INFO 59125 --- [annonceService] [vice-producer-1] org.apache.kafka.clients.Metadata        : [Producer clientId=annonceService-producer-1] Rebootstrapping with [localhost/127.0.0.1:9099]
2026-01-12T21:55:10.435+01:00  INFO 59125 --- [annonceService] [vice-producer-1] org.apache.kafka.clients.Metadata        : [Producer clientId=annonceService-producer-1] Rebootstrapping with [localhost/127.0.0.1:9099]
2026-01-12T21:55:10.487+01:00  INFO 59125 --- [annonceService] [vice-producer-1] org.apache.kafka.clients.Metadata        : [Producer clientId=annonceService-producer-1] Rebootstrapping with [localhost/127.0.0.1:9099]
2026-01-12T21:55:10.539+01:00  INFO 59125 --- [annonceService] [vice-producer-1] org.apache.kafka.clients.Metadata        : [Producer clientId=annonceService-producer-1] Rebootstrapping with [localhost/127.0.0.1:9099]
2026-01-12T21:55:10.591+01:00  INFO 59125 --- [annonceService] [vice-producer-1] org.apache.kafka.clients.Metadata        : [Producer clientId=annonceService-producer-1] Rebootstrapping with [localhost/127.0.0.1:9099]
2026-01-12T21:55:10.642+01:00  INFO 59125 --- [annonceService] [vice-producer-1] org.apache.kafka.clients.Metadata        : [Producer clientId=annonceService-producer-1] Rebootstrapping with [localhost/127.0.0.1:9099]
2026-01-12T21:55:10.693+01:00  INFO 59125 --- [annonceService] [vice-producer-1] org.apache.kafka.clients.Metadata        : [Producer clientId=annonceService-producer-1] Rebootstrapping with [localhost/127.0.0.1:9099]
2026-01-12T21:55:10.747+01:00  INFO 59125 --- [annonceService] [vice-producer-1] org.apache.kafka.clients.Metadata        : [Producer clientId=annonceService-producer-1] Rebootstrapping with [localhost/127.0.0.1:9099]
2026-01-12T21:55:10.799+01:00  INFO 59125 --- [annonceService] [vice-producer-1] org.apache.kafka.clients.Metadata        : [Producer clientId=annonceService-producer-1] Rebootstrapping with [localhost/127.0.0.1:9099]
2026-01-12T21:55:10.852+01:00  INFO 59125 --- [annonceService] [vice-producer-1] org.apache.kafka.clients.NetworkClient   : [Producer clientId=annonceService-producer-1] Node -1 disconnected.
2026-01-12T21:55:10.852+01:00  WARN 59125 --- [annonceService] [vice-producer-1] org.apache.kafka.clients.NetworkClient   : [Producer clientId=annonceService-producer-1] Connection to node -1 (localhost/127.0.0.1:9099) could not be established. Node may not be available.
2026-01-12T21:55:10.852+01:00  WARN 59125 --- [annonceService] [vice-producer-1] org.apache.kafka.clients.NetworkClient   : [Producer clientId=annonceService-producer-1] Bootstrap broker localhost:9099 (id: -1 rack: null isFenced: false) disconnected
2026-01-12T21:55:11.720+01:00  INFO 59125 --- [annonceService] [vice-producer-1] org.apache.kafka.clients.Metadata        : [Producer clientId=annonceService-producer-1] Rebootstrapping with [localhost/127.0.0.1:9099]
2026-01-12T21:55:11.771+01:00  INFO 59125 --- [annonceService] [vice-producer-1] org.apache.kafka.clients.Metadata        : [Producer clientId=annonceService-producer-1] Rebootstrapping with [localhost/127.0.0.1:9099]
2026-01-12T21:55:11.822+01:00  INFO 59125 --- [annonceService] [vice-producer-1] org.apache.kafka.clients.Metadata        : [Producer clientId=annonceService-producer-1] Rebootstrapping with [localhost/127.0.0.1:9099]
2026-01-12T21:55:11.874+01:00  INFO 59125 --- [annonceService] [vice-producer-1] org.apache.kafka.clients.NetworkClient   : [Producer clientId=annonceService-producer-1] Node -1 disconnected.
2026-01-12T21:55:11.874+01:00  WARN 59125 --- [annonceService] [vice-producer-1] org.apache.kafka.clients.NetworkClient   : [Producer clientId=annonceService-producer-1] Connection to node -1 (localhost/127.0.0.1:9099) could not be established. Node may not be available.
2026-01-12T21:55:11.875+01:00  WARN 59125 --- [annonceService] [vice-producer-1] org.apache.kafka.clients.NetworkClient   : [Producer clientId=annonceService-producer-1] Bootstrap broker localhost:9099 (id: -1 rack: null isFenced: false) disconnected
2026-01-12T21:55:12.797+01:00  INFO 59125 --- [annonceService] [vice-producer-1] org.apache.kafka.clients.Metadata        : [Producer clientId=annonceService-producer-1] Rebootstrapping with [localhost/127.0.0.1:9099]
2026-01-12T21:55:12.876+01:00  INFO 59125 --- [annonceService] [vice-producer-1] org.apache.kafka.clients.NetworkClient   : [Producer clientId=annonceService-producer-1] Node -1 disconnected.
2026-01-12T21:55:12.877+01:00  WARN 59125 --- [annonceService] [vice-producer-1] org.apache.kafka.clients.NetworkClient   : [Producer clientId=annonceService-producer-1] Connection to node -1 (localhost/127.0.0.1:9099) could not be established. Node may not be available.
2026-01-12T21:55:12.877+01:00  WARN 59125 --- [annonceService] [vice-producer-1] org.apache.kafka.clients.NetworkClient   : [Producer clientId=annonceService-producer-1] Bootstrap broker localhost:9099 (id: -1 rack: null isFenced: false) disconnected
2026-01-12T21:55:13.845+01:00  INFO 59125 --- [annonceService] [vice-producer-1] org.apache.kafka.clients.Metadata        : [Producer clientId=annonceService-producer-1] Rebootstrapping with [localhost/127.0.0.1:9099]
2026-01-12T21:55:13.899+01:00  INFO 59125 --- [annonceService] [vice-producer-1] org.apache.kafka.clients.NetworkClient   : [Producer clientId=annonceService-producer-1] Node -1 disconnected.
2026-01-12T21:55:13.899+01:00  WARN 59125 --- [annonceService] [vice-producer-1] org.apache.kafka.clients.NetworkClient   : [Producer clientId=annonceService-producer-1] Connection to node -1 (localhost/127.0.0.1:9099) could not be established. Node may not be available.
2026-01-12T21:55:13.899+01:00  WARN 59125 --- [annonceService] [vice-producer-1] org.apache.kafka.clients.NetworkClient   : [Producer clientId=annonceService-producer-1] Bootstrap broker localhost:9099 (id: -1 rack: null isFenced: false) disconnected
2026-01-12T21:55:14.847+01:00  INFO 59125 --- [annonceService] [vice-producer-1] org.apache.kafka.clients.Metadata        : [Producer clientId=annonceService-producer-1] Rebootstrapping with [localhost/127.0.0.1:9099]
2026-01-12T21:55:14.900+01:00  INFO 59125 --- [annonceService] [vice-producer-1] org.apache.kafka.clients.NetworkClient   : [Producer clientId=annonceService-producer-1] Node -1 disconnected.
2026-01-12T21:55:14.901+01:00  WARN 59125 --- [annonceService] [vice-producer-1] org.apache.kafka.clients.NetworkClient   : [Producer clientId=annonceService-producer-1] Connection to node -1 (localhost/127.0.0.1:9099) could not be established. Node may not be available.
2026-01-12T21:55:14.901+01:00  WARN 59125 --- [annonceService] [vice-producer-1] org.apache.kafka.clients.NetworkClient   : [Producer clientId=annonceService-producer-1] Bootstrap broker localhost:9099 (id: -1 rack: null isFenced: false) disconnected
2026-01-12T21:55:15.756+01:00 ERROR 59125 --- [annonceService] [nio-9094-exec-9] o.s.k.support.LoggingProducerListener    : Exception thrown when sending a message with key='null' and payload='AnnonceCreatedEvent(annonce=AnnonceDTO(id=null, description=descripot, bloodType=A+, urgentLevel=MED...' to topic annonce-created-topic:

org.apache.kafka.common.errors.TimeoutException: Topic annonce-created-topic not present in metadata after 60000 ms.

2026-01-12T21:55:15.759+01:00 ERROR 59125 --- [annonceService] [nio-9094-exec-9] o.e.a.Exception.GlobalExceptionHandler   : Erreur inattendue: Send failed

org.springframework.kafka.KafkaException: Send failed
	at org.springframework.kafka.core.KafkaTemplate.doSend(KafkaTemplate.java:869) ~[spring-kafka-4.0.0.jar:4.0.0]
	at org.springframework.kafka.core.KafkaTemplate.observeSend(KafkaTemplate.java:826) ~[spring-kafka-4.0.0.jar:4.0.0]
	at org.springframework.kafka.core.KafkaTemplate.send(KafkaTemplate.java:601) ~[spring-kafka-4.0.0.jar:4.0.0]
	at org.example.annonceservice.Producer.AnnonceEventProducer.publishAnnonceCreated(AnnonceEventProducer.java:17) ~[classes/:na]
	at org.example.annonceservice.Service.AnnonceService.create(AnnonceService.java:278) ~[classes/:na]
	at java.base/jdk.internal.reflect.NativeMethodAccessorImpl.invoke0(Native Method) ~[na:na]
	at java.base/jdk.internal.reflect.NativeMethodAccessorImpl.invoke(NativeMethodAccessorImpl.java:77) ~[na:na]
	at java.base/jdk.internal.reflect.DelegatingMethodAccessorImpl.invoke(DelegatingMethodAccessorImpl.java:43) ~[na:na]
	at java.base/java.lang.reflect.Method.invoke(Method.java:569) ~[na:na]
	at org.springframework.aop.support.AopUtils.invokeJoinpointUsingReflection(AopUtils.java:359) ~[spring-aop-7.0.1.jar:7.0.1]
	at org.springframework.aop.framework.CglibAopProxy$DynamicAdvisedInterceptor.intercept(CglibAopProxy.java:715) ~[spring-aop-7.0.1.jar:7.0.1]
	at org.example.annonceservice.Service.AnnonceService$$SpringCGLIB$$0.create(<generated>) ~[classes/:na]
	at org.example.annonceservice.Controller.AnnonceController.create(AnnonceController.java:44) ~[classes/:na]
	at java.base/jdk.internal.reflect.NativeMethodAccessorImpl.invoke0(Native Method) ~[na:na]
	at java.base/jdk.internal.reflect.NativeMethodAccessorImpl.invoke(NativeMethodAccessorImpl.java:77) ~[na:na]
	at java.base/jdk.internal.reflect.DelegatingMethodAccessorImpl.invoke(DelegatingMethodAccessorImpl.java:43) ~[na:na]
	at java.base/java.lang.reflect.Method.invoke(Method.java:569) ~[na:na]
	at org.springframework.web.method.support.InvocableHandlerMethod.doInvoke(InvocableHandlerMethod.java:258) ~[spring-web-7.0.1.jar:7.0.1]
	at org.springframework.web.method.support.InvocableHandlerMethod.invokeForRequest(InvocableHandlerMethod.java:190) ~[spring-web-7.0.1.jar:7.0.1]
	at org.springframework.web.servlet.mvc.method.annotation.ServletInvocableHandlerMethod.invokeAndHandle(ServletInvocableHandlerMethod.java:117) ~[spring-webmvc-7.0.1.jar:7.0.1]
	at org.springframework.web.servlet.mvc.method.annotation.RequestMappingHandlerAdapter.invokeHandlerMethod(RequestMappingHandlerAdapter.java:934) ~[spring-webmvc-7.0.1.jar:7.0.1]
	at org.springframework.web.servlet.mvc.method.annotation.RequestMappingHandlerAdapter.handleInternal(RequestMappingHandlerAdapter.java:853) ~[spring-webmvc-7.0.1.jar:7.0.1]
	at org.springframework.web.servlet.mvc.method.AbstractHandlerMethodAdapter.handle(AbstractHandlerMethodAdapter.java:86) ~[spring-webmvc-7.0.1.jar:7.0.1]
	at org.springframework.web.servlet.DispatcherServlet.doDispatch(DispatcherServlet.java:963) ~[spring-webmvc-7.0.1.jar:7.0.1]
	at org.springframework.web.servlet.DispatcherServlet.doService(DispatcherServlet.java:866) ~[spring-webmvc-7.0.1.jar:7.0.1]
	at org.springframework.web.servlet.FrameworkServlet.processRequest(FrameworkServlet.java:1003) ~[spring-webmvc-7.0.1.jar:7.0.1]
	at org.springframework.web.servlet.FrameworkServlet.doPost(FrameworkServlet.java:903) ~[spring-webmvc-7.0.1.jar:7.0.1]
	at jakarta.servlet.http.HttpServlet.service(HttpServlet.java:649) ~[tomcat-embed-core-11.0.14.jar:6.1]
	at org.springframework.web.servlet.FrameworkServlet.service(FrameworkServlet.java:874) ~[spring-webmvc-7.0.1.jar:7.0.1]
	at jakarta.servlet.http.HttpServlet.service(HttpServlet.java:710) ~[tomcat-embed-core-11.0.14.jar:6.1]
	at org.apache.catalina.core.ApplicationFilterChain.doFilter(ApplicationFilterChain.java:128) ~[tomcat-embed-core-11.0.14.jar:11.0.14]
	at org.apache.tomcat.websocket.server.WsFilter.doFilter(WsFilter.java:53) ~[tomcat-embed-websocket-11.0.14.jar:11.0.14]
	at org.apache.catalina.core.ApplicationFilterChain.doFilter(ApplicationFilterChain.java:107) ~[tomcat-embed-core-11.0.14.jar:11.0.14]
	at org.springframework.cloud.gateway.server.mvc.filter.WeightCalculatorFilter.doFilter(WeightCalculatorFilter.java:233) ~[spring-cloud-gateway-server-webmvc-5.0.0.jar:5.0.0]
	at org.apache.catalina.core.ApplicationFilterChain.doFilter(ApplicationFilterChain.java:107) ~[tomcat-embed-core-11.0.14.jar:11.0.14]
	at org.springframework.cloud.gateway.server.mvc.filter.FormFilter.doFilter(FormFilter.java:93) ~[spring-cloud-gateway-server-webmvc-5.0.0.jar:5.0.0]
	at org.apache.catalina.core.ApplicationFilterChain.doFilter(ApplicationFilterChain.java:107) ~[tomcat-embed-core-11.0.14.jar:11.0.14]
	at org.springframework.web.filter.RequestContextFilter.doFilterInternal(RequestContextFilter.java:100) ~[spring-web-7.0.1.jar:7.0.1]
	at org.springframework.web.filter.OncePerRequestFilter.doFilter(OncePerRequestFilter.java:116) ~[spring-web-7.0.1.jar:7.0.1]
	at org.apache.catalina.core.ApplicationFilterChain.doFilter(ApplicationFilterChain.java:107) ~[tomcat-embed-core-11.0.14.jar:11.0.14]
	at org.springframework.web.filter.FormContentFilter.doFilterInternal(FormContentFilter.java:93) ~[spring-web-7.0.1.jar:7.0.1]
	at org.springframework.web.filter.OncePerRequestFilter.doFilter(OncePerRequestFilter.java:116) ~[spring-web-7.0.1.jar:7.0.1]
	at org.apache.catalina.core.ApplicationFilterChain.doFilter(ApplicationFilterChain.java:107) ~[tomcat-embed-core-11.0.14.jar:11.0.14]
	at org.springframework.web.filter.CharacterEncodingFilter.doFilterInternal(CharacterEncodingFilter.java:199) ~[spring-web-7.0.1.jar:7.0.1]
	at org.springframework.web.filter.OncePerRequestFilter.doFilter(OncePerRequestFilter.java:116) ~[spring-web-7.0.1.jar:7.0.1]
	at org.apache.catalina.core.ApplicationFilterChain.doFilter(ApplicationFilterChain.java:107) ~[tomcat-embed-core-11.0.14.jar:11.0.14]
	at org.apache.catalina.core.StandardWrapperValve.invoke(StandardWrapperValve.java:165) ~[tomcat-embed-core-11.0.14.jar:11.0.14]
	at org.apache.catalina.core.StandardContextValve.invoke(StandardContextValve.java:77) ~[tomcat-embed-core-11.0.14.jar:11.0.14]
	at org.apache.catalina.authenticator.AuthenticatorBase.invoke(AuthenticatorBase.java:482) ~[tomcat-embed-core-11.0.14.jar:11.0.14]
	at org.apache.catalina.core.StandardHostValve.invoke(StandardHostValve.java:113) ~[tomcat-embed-core-11.0.14.jar:11.0.14]
	at org.apache.catalina.valves.ErrorReportValve.invoke(ErrorReportValve.java:83) ~[tomcat-embed-core-11.0.14.jar:11.0.14]
	at org.apache.catalina.core.StandardEngineValve.invoke(StandardEngineValve.java:72) ~[tomcat-embed-core-11.0.14.jar:11.0.14]
	at org.apache.catalina.connector.CoyoteAdapter.service(CoyoteAdapter.java:341) ~[tomcat-embed-core-11.0.14.jar:11.0.14]
	at org.apache.coyote.http11.Http11Processor.service(Http11Processor.java:397) ~[tomcat-embed-core-11.0.14.jar:11.0.14]
	at org.apache.coyote.AbstractProcessorLight.process(AbstractProcessorLight.java:63) ~[tomcat-embed-core-11.0.14.jar:11.0.14]
	at org.apache.coyote.AbstractProtocol$ConnectionHandler.process(AbstractProtocol.java:903) ~[tomcat-embed-core-11.0.14.jar:11.0.14]
	at org.apache.tomcat.util.net.NioEndpoint$SocketProcessor.doRun(NioEndpoint.java:1778) ~[tomcat-embed-core-11.0.14.jar:11.0.14]
	at org.apache.tomcat.util.net.SocketProcessorBase.run(SocketProcessorBase.java:52) ~[tomcat-embed-core-11.0.14.jar:11.0.14]
	at org.apache.tomcat.util.threads.ThreadPoolExecutor.runWorker(ThreadPoolExecutor.java:946) ~[tomcat-embed-core-11.0.14.jar:11.0.14]
	at org.apache.tomcat.util.threads.ThreadPoolExecutor$Worker.run(ThreadPoolExecutor.java:480) ~[tomcat-embed-core-11.0.14.jar:11.0.14]
	at org.apache.tomcat.util.threads.TaskThread$WrappingRunnable.run(TaskThread.java:57) ~[tomcat-embed-core-11.0.14.jar:11.0.14]
	at java.base/java.lang.Thread.run(Thread.java:840) ~[na:na]
Caused by: org.apache.kafka.common.errors.TimeoutException: Topic annonce-created-topic not present in metadata after 60000 ms.

2026-01-12T21:55:15.903+01:00  INFO 59125 --- [annonceService] [vice-producer-1] org.apache.kafka.clients.NetworkClient   : [Producer clientId=annonceService-producer-1] Node -1 disconnected.
2026-01-12T21:55:15.904+01:00  WARN 59125 --- [annonceService] [vice-producer-1] org.apache.kafka.clients.NetworkClient   : [Producer clientId=annonceService-producer-1] Connection to node -1 (localhost/127.0.0.1:9099) could not be established. Node may not be available.
2026-01-12T21:55:15.904+01:00  WARN 59125 --- [annonceService] [vice-producer-1] org.apache.kafka.clients.NetworkClient   : [Producer clientId=annonceService-producer-1] Bootstrap broker localhost:9099 (id: -1 rack: null isFenced: false) disconnected
2026-01-12T21:55:16.878+01:00  INFO 59125 --- [annonceService] [vice-producer-1] org.apache.kafka.clients.NetworkClient   : [Producer clientId=annonceService-producer-1] Node -1 disconnected.
2026-01-12T21:55:16.879+01:00  WARN 59125 --- [annonceService] [vice-producer-1] org.apache.kafka.clients.NetworkClient   : [Producer clientId=annonceService-producer-1] Connection to node -1 (localhost/127.0.0.1:9099) could not be established. Node may not be available.
2026-01-12T21:55:16.879+01:00  WARN 59125 --- [annonceService] [vice-producer-1] org.apache.kafka.clients.NetworkClient   : [Producer clientId=annonceService-producer-1] Bootstrap broker localhost:9099 (id: -1 rack: null isFenced: false) disconnected
2026-01-12T21:55:17.881+01:00  INFO 59125 --- [annonceService] [vice-producer-1] org.apache.kafka.clients.NetworkClient   : [Producer clientId=annonceService-producer-1] Node -1 disconnected.
2026-01-12T21:55:17.881+01:00  WARN 59125 --- [annonceService] [vice-producer-1] org.apache.kafka.clients.NetworkClient   : [Producer clientId=annonceService-producer-1] Connection to node -1 (localhost/127.0.0.1:9099) could not be established. Node may not be available.
2026-01-12T21:55:17.881+01:00  WARN 59125 --- [annonceService] [vice-producer-1] org.apache.kafka.clients.NetworkClient   : [Producer clientId=annonceService-producer-1] Bootstrap broker localhost:9099 (id: -1 rack: null isFenced: false) disconnected
2026-01-12T21:55:18.737+01:00  INFO 59125 --- [annonceService] [vice-producer-1] org.apache.kafka.clients.Metadata        : [Producer clientId=annonceService-producer-1] Rebootstrapping with [localhost/127.0.0.1:9099]
2026-01-12T21:55:18.790+01:00  INFO 59125 --- [annonceService] [vice-producer-1] org.apache.kafka.clients.Metadata        : [Producer clientId=annonceService-producer-1] Rebootstrapping with [localhost/127.0.0.1:9099]
2026-01-12T21:55:18.883+01:00  INFO 59125 --- [annonceService] [vice-producer-1] org.apache.kafka.clients.NetworkClient   : [Producer clientId=annonceService-producer-1] Node -1 disconnected.
2026-01-12T21:55:18.883+01:00  WARN 59125 --- [annonceService] [vice-producer-1] org.apache.kafka.clients.NetworkClient   : [Producer clientId=annonceService-producer-1] Connection to node -1 (localhost/127.0.0.1:9099) could not be established. Node may not be available.
2026-01-12T21:55:18.883+01:00  WARN 59125 --- [annonceService] [vice-producer-1] org.apache.kafka.clients.NetworkClient   : [Producer clientId=annonceService-producer-1] Bootstrap broker localhost:9099 (id: -1 rack: null isFenced: false) disconnected
2026-01-12T21:55:19.885+01:00  INFO 59125 --- [annonceService] [vice-producer-1] org.apache.kafka.clients.NetworkClient   : [Producer clientId=annonceService-producer-1] Node -1 disconnected.
2026-01-12T21:55:19.886+01:00  WARN 59125 --- [annonceService] [vice-producer-1] org.apache.kafka.clients.NetworkClient   : [Producer clientId=annonceService-producer-1] Connection to node -1 (localhost/127.0.0.1:9099) could not be established. Node may not be available.
2026-01-12T21:55:19.886+01:00  WARN 59125 --- [annonceService] [vice-producer-1] org.apache.kafka.clients.NetworkClient   : [Producer clientId=annonceService-producer-1] Bootstrap broker localhost:9099 (id: -1 rack: null isFenced: false) disconnected
2026-01-12T21:55:20.740+01:00  INFO 59125 --- [annonceService] [vice-producer-1] org.apache.kafka.clients.Metadata        : [Producer clientId=annonceService-producer-1] Rebootstrapping with [localhost/127.0.0.1:9099]
2026-01-12T21:55:20.791+01:00  INFO 59125 --- [annonceService] [vice-producer-1] org.apache.kafka.clients.Metadata        : [Producer clientId=annonceService-producer-1] Rebootstrapping with [localhost/127.0.0.1:9099]
2026-01-12T21:55:20.842+01:00  INFO 59125 --- [annonceService] [vice-producer-1] org.apache.kafka.clients.Metadata        : [Producer clientId=annonceService-producer-1] Rebootstrapping with [localhost/127.0.0.1:9099]
2026-01-12T21:55:20.894+01:00  INFO 59125 --- [annonceService] [vice-producer-1] org.apache.kafka.clients.NetworkClient   : [Producer clientId=annonceService-producer-1] Node -1 disconnected.
2026-01-12T21:55:20.894+01:00  WARN 59125 --- [annonceService] [vice-producer-1] org.apache.kafka.clients.NetworkClient   : [Producer clientId=annonceService-producer-1] Connection to node -1 (localhost/127.0.0.1:9099) could not be established. Node may not be available.
2026-01-12T21:55:20.894+01:00  WARN 59125 --- [annonceService] [vice-producer-1] org.apache.kafka.clients.NetworkClient   : [Producer clientId=annonceService-producer-1] Bootstrap broker localhost:9099 (id: -1 rack: null isFenced: false) disconnected
2026-01-12T21:55:21.816+01:00  INFO 59125 --- [annonceService] [vice-producer-1] org.apache.kafka.clients.Metadata        : [Producer clientId=annonceService-producer-1] Rebootstrapping with [localhost/127.0.0.1:9099]
2026-01-12T21:55:21.871+01:00  INFO 59125 --- [annonceService] [vice-producer-1] org.apache.kafka.clients.NetworkClient   : [Producer clientId=annonceService-producer-1] Node -1 disconnected.
2026-01-12T21:55:21.872+01:00  WARN 59125 --- [annonceService] [vice-producer-1] org.apache.kafka.clients.NetworkClient   : [Producer clientId=annonceService-producer-1] Connection to node -1 (localhost/127.0.0.1:9099) could not be established. Node may not be available.
2026-01-12T21:55:21.872+01:00  WARN 59125 --- [annonceService] [vice-producer-1] org.apache.kafka.clients.NetworkClient   : [Producer clientId=annonceService-producer-1] Bootstrap broker localhost:9099 (id: -1 rack: null isFenced: false) disconnected
2026-01-12T21:55:21.984+01:00  INFO 59125 --- [annonceService] [vice-producer-1] org.apache.kafka.clients.Metadata        : [Producer clientId=annonceService-producer-1] Rebootstrapping with [localhost/127.0.0.1:9099]
2026-01-12T21:55:22.036+01:00  INFO 59125 --- [annonceService] [vice-producer-1] org.apache.kafka.clients.Metadata        : [Producer clientId=annonceService-producer-1] Rebootstrapping with [localhost/127.0.0.1:9099]
2026-01-12T21:55:22.087+01:00  INFO 59125 --- [annonceService] [vice-producer-1] org.apache.kafka.clients.Metadata        : [Producer clientId=annonceService-producer-1] Rebootstrapping with [localhost/127.0.0.1:9099]
2026-01-12T21:55:22.138+01:00  INFO 59125 --- [annonceService] [vice-producer-1] org.apache.kafka.clients.Metadata        : [Producer clientId=annonceService-producer-1] Rebootstrapping with [localhost/127.0.0.1:9099]
2026-01-12T21:55:22.189+01:00  INFO 59125 --- [annonceService] [vice-producer-1] org.apache.kafka.clients.Metadata        : [Producer clientId=annonceService-producer-1] Rebootstrapping with [localhost/127.0.0.1:9099]
2026-01-12T21:55:22.240+01:00  INFO 59125 --- [annonceService] [vice-producer-1] org.apache.kafka.clients.Metadata        : [Producer clientId=annonceService-producer-1] Rebootstrapping with [localhost/127.0.0.1:9099]
2026-01-12T21:55:22.291+01:00  INFO 59125 --- [annonceService] [vice-producer-1] org.apache.kafka.clients.Metadata        : [Producer clientId=annonceService-producer-1] Rebootstrapping with [localhost/127.0.0.1:9099]
2026-01-12T21:55:22.304+01:00  INFO 59125 --- [annonceService] [nio-9094-exec-2] o.e.a.Controller.AnnonceController       : Requête GET /api/annonces - liste des annonces
2026-01-12T21:55:22.304+01:00  INFO 59125 --- [annonceService] [nio-9094-exec-2] o.e.a.Service.AnnonceService             : Récupération de toutes les annonces
Hibernate: select a1_0.id,a1_0.blood_type,a1_0.deadline,a1_0.description,a1_0.hospital_id,a1_0.location_id,a1_0.quantity,a1_0.request_date,a1_0.status,a1_0.urgent_level,a1_0.user_id from post_annonce a1_0
2026-01-12T21:55:22.314+01:00  INFO 59125 --- [annonceService] [nio-9094-exec-2] o.e.a.Service.AnnonceService             : Récupération réussie de 3 annonces
2026-01-12T21:55:22.342+01:00  INFO 59125 --- [annonceService] [vice-producer-1] org.apache.kafka.clients.Metadata        : [Producer clientId=annonceService-producer-1] Rebootstrapping with [localhost/127.0.0.1:9099]
2026-01-12T21:55:22.393+01:00  INFO 59125 --- [annonceService] [vice-producer-1] org.apache.kafka.clients.Metadata        : [Producer clientId=annonceService-producer-1] Rebootstrapping with [localhost/127.0.0.1:9099]
2026-01-12T21:55:22.445+01:00  INFO 59125 --- [annonceService] [vice-producer-1] org.apache.kafka.clients.Metadata        : [Producer clientId=annonceService-producer-1] Rebootstrapping with [localhost/127.0.0.1:9099]
2026-01-12T21:55:22.495+01:00  INFO 59125 --- [annonceService] [vice-producer-1] org.apache.kafka.clients.Metadata        : [Producer clientId=annonceService-producer-1] Rebootstrapping with [localhost/127.0.0.1:9099]
2026-01-12T21:55:22.546+01:00  INFO 59125 --- [annonceService] [vice-producer-1] org.apache.kafka.clients.Metadata        : [Producer clientId=annonceService-producer-1] Rebootstrapping with [localhost/127.0.0.1:9099]
2026-01-12T21:55:22.598+01:00  INFO 59125 --- [annonceService] [vice-producer-1] org.apache.kafka.clients.Metadata        : [Producer clientId=annonceService-producer-1] Rebootstrapping with [localhost/127.0.0.1:9099]
2026-01-12T21:55:22.649+01:00  INFO 59125 --- [annonceService] [vice-producer-1] org.apache.kafka.clients.Metadata        : [Producer clientId=annonceService-producer-1] Rebootstrapping with [localhost/127.0.0.1:9099]
2026-01-12T21:55:22.700+01:00  INFO 59125 --- [annonceService] [vice-producer-1] org.apache.kafka.clients.Metadata        : [Producer clientId=annonceService-producer-1] Rebootstrapping with [localhost/127.0.0.1:9099]
2026-01-12T21:55:22.752+01:00  INFO 59125 --- [annonceService] [vice-producer-1] org.apache.kafka.clients.Metadata        : [Producer clientId=annonceService-producer-1] Rebootstrapping with [localhost/127.0.0.1:9099]
2026-01-12T21:55:22.803+01:00  INFO 59125 --- [annonceService] [vice-producer-1] org.apache.kafka.clients.Metadata        : [Producer clientId=annonceService-producer-1] Rebootstrapping with [localhost/127.0.0.1:9099]
2026-01-12T21:55:22.854+01:00  INFO 59125 --- [annonceService] [vice-producer-1] org.apache.kafka.clients.Metadata        : [Producer clientId=annonceService-producer-1] Rebootstrapping with [localhost/127.0.0.1:9099]
2026-01-12T21:55:22.906+01:00  INFO 59125 --- [annonceService] [vice-producer-1] org.apache.kafka.clients.NetworkClient   : [Producer clientId=annonceService-producer-1] Node -1 disconnected.
2026-01-12T21:55:22.906+01:00  WARN 59125 --- [annonceService] [vice-producer-1] org.apache.kafka.clients.NetworkClient   : [Producer clientId=annonceService-producer-1] Connection to node -1 (localhost/127.0.0.1:9099) could not be established. Node may not be available.
2026-01-12T21:55:22.906+01:00  WARN 59125 --- [annonceService] [vice-producer-1] org.apache.kafka.clients.NetworkClient   : [Producer clientId=annonceService-producer-1] Bootstrap broker localhost:9099 (id: -1 rack: null isFenced: false) disconnected
2026-01-12T21:55:23.828+01:00  INFO 59125 --- [annonceService] [vice-producer-1] org.apache.kafka.clients.NetworkClient   : [Producer clientId=annonceService-producer-1] Node -1 disconnected.
2026-01-12T21:55:23.828+01:00  WARN 59125 --- [annonceService] [vice-producer-1] org.apache.kafka.clients.NetworkClient   : [Producer clientId=annonceService-producer-1] Connection to node -1 (localhost/127.0.0.1:9099) could not be established. Node may not be available.
2026-01-12T21:55:23.828+01:00  WARN 59125 --- [annonceService] [vice-producer-1] org.apache.kafka.clients.NetworkClient   : [Producer clientId=annonceService-producer-1] Bootstrap broker localhost:9099 (id: -1 rack: null isFenced: false) disconnected
2026-01-12T21:55:24.697+01:00  INFO 59125 --- [annonceService] [vice-producer-1] org.apache.kafka.clients.NetworkClient   : [Producer clientId=annonceService-producer-1] Node -1 disconnected.
2026-01-12T21:55:24.697+01:00  WARN 59125 --- [annonceService] [vice-producer-1] org.apache.kafka.clients.NetworkClient   : [Producer clientId=annonceService-producer-1] Connection to node -1 (localhost/127.0.0.1:9099) could not be established. Node may not be available.
2026-01-12T21:55:24.697+01:00  WARN 59125 --- [annonceService] [vice-producer-1] org.apache.kafka.clients.NetworkClient   : [Producer clientId=annonceService-producer-1] Bootstrap broker localhost:9099 (id: -1 rack: null isFenced: false) disconnected
2026-01-12T21:55:25.688+01:00  INFO 59125 --- [annonceService] [vice-producer-1] org.apache.kafka.clients.Metadata        : [Producer clientId=annonceService-producer-1] Rebootstrapping with [localhost/127.0.0.1:9099]
2026-01-12T21:55:25.743+01:00  INFO 59125 --- [annonceService] [vice-producer-1] org.apache.kafka.clients.NetworkClient   : [Producer clientId=annonceService-producer-1] Node -1 disconnected.
2026-01-12T21:55:25.744+01:00  WARN 59125 --- [annonceService] [vice-producer-1] org.apache.kafka.clients.NetworkClient   : [Producer clientId=annonceService-producer-1] Connection to node -1 (localhost/127.0.0.1:9099) could not be established. Node may not be available.
2026-01-12T21:55:25.744+01:00  WARN 59125 --- [annonceService] [vice-producer-1] org.apache.kafka.clients.NetworkClient   : [Producer clientId=annonceService-producer-1] Bootstrap broker localhost:9099 (id: -1 rack: null isFenced: false) disconnected
2026-01-12T21:55:26.717+01:00  INFO 59125 --- [annonceService] [vice-producer-1] org.apache.kafka.clients.NetworkClient   : [Producer clientId=annonceService-producer-1] Node -1 disconnected.
2026-01-12T21:55:26.717+01:00  WARN 59125 --- [annonceService] [vice-producer-1] org.apache.kafka.clients.NetworkClient   : [Producer clientId=annonceService-producer-1] Connection to node -1 (localhost/127.0.0.1:9099) could not be established. Node may not be available.
2026-01-12T21:55:26.717+01:00  WARN 59125 --- [annonceService] [vice-producer-1] org.apache.kafka.clients.NetworkClient   : [Producer clientId=annonceService-producer-1] Bootstrap broker localhost:9099 (id: -1 rack: null isFenced: false) disconnected
2026-01-12T21:55:26.823+01:00  INFO 59125 --- [annonceService] [vice-producer-1] org.apache.kafka.clients.Metadata        : [Producer clientId=annonceService-producer-1] Rebootstrapping with [localhost/127.0.0.1:9099]
2026-01-12T21:55:26.874+01:00  INFO 59125 --- [annonceService] [vice-producer-1] org.apache.kafka.clients.Metadata        : [Producer clientId=annonceService-producer-1] Rebootstrapping with [localhost/127.0.0.1:9099]
2026-01-12T21:55:26.925+01:00  INFO 59125 --- [annonceService] [vice-producer-1] org.apache.kafka.clients.Metadata        : [Producer clientId=annonceService-producer-1] Rebootstrapping with [localhost/127.0.0.1:9099]
2026-01-12T21:55:26.976+01:00  INFO 59125 --- [annonceService] [vice-producer-1] org.apache.kafka.clients.Metadata        : [Producer clientId=annonceService-producer-1] Rebootstrapping with [localhost/127.0.0.1:9099]
2026-01-12T21:55:27.027+01:00  INFO 59125 --- [annonceService] [vice-producer-1] org.apache.kafka.clients.Metadata        : [Producer clientId=annonceService-producer-1] Rebootstrapping with [localhost/127.0.0.1:9099]
2026-01-12T21:55:27.078+01:00  INFO 59125 --- [annonceService] [vice-producer-1] org.apache.kafka.clients.Metadata        : [Producer clientId=annonceService-producer-1] Rebootstrapping with [localhost/127.0.0.1:9099]
2026-01-12T21:55:27.130+01:00  INFO 59125 --- [annonceService] [vice-producer-1] org.apache.kafka.clients.Metadata        : [Producer clientId=annonceService-producer-1] Rebootstrapping with [localhost/127.0.0.1:9099]
2026-01-12T21:55:27.181+01:00  INFO 59125 --- [annonceService] [vice-producer-1] org.apache.kafka.clients.Metadata        : [Producer clientId=annonceService-producer-1] Rebootstrapping with [localhost/127.0.0.1:9099]
2026-01-12T21:55:27.232+01:00  INFO 59125 --- [annonceService] [vice-producer-1] org.apache.kafka.clients.Metadata        : [Producer clientId=annonceService-producer-1] Rebootstrapping with [localhost/127.0.0.1:9099]
2026-01-12T21:55:27.284+01:00  INFO 59125 --- [annonceService] [vice-producer-1] org.apache.kafka.clients.Metadata        : [Producer clientId=annonceService-producer-1] Rebootstrapping with [localhost/127.0.0.1:9099]
2026-01-12T21:55:27.335+01:00  INFO 59125 --- [annonceService] [vice-producer-1] org.apache.kafka.clients.Metadata        : [Producer clientId=annonceService-producer-1] Rebootstrapping with [localhost/127.0.0.1:9099]
2026-01-12T21:55:27.386+01:00  INFO 59125 --- [annonceService] [vice-producer-1] org.apache.kafka.clients.Metadata        : [Producer clientId=annonceService-producer-1] Rebootstrapping with [localhost/127.0.0.1:9099]
2026-01-12T21:55:27.436+01:00  INFO 59125 --- [annonceService] [vice-producer-1] org.apache.kafka.clients.Metadata        : [Producer clientId=annonceService-producer-1] Rebootstrapping with [localhost/127.0.0.1:9099]
2026-01-12T21:55:27.487+01:00  INFO 59125 --- [annonceService] [vice-producer-1] org.apache.kafka.clients.Metadata        : [Producer clientId=annonceService-producer-1] Rebootstrapping with [localhost/127.0.0.1:9099]
2026-01-12T21:55:27.507+01:00  INFO 59125 --- [annonceService] [nio-9094-exec-3] o.e.a.Controller.AnnonceController       : Requête GET /api/annonces - liste des annonces
2026-01-12T21:55:27.508+01:00  INFO 59125 --- [annonceService] [nio-9094-exec-3] o.e.a.Service.AnnonceService             : Récupération de toutes les annonces
Hibernate: select a1_0.id,a1_0.blood_type,a1_0.deadline,a1_0.description,a1_0.hospital_id,a1_0.location_id,a1_0.quantity,a1_0.request_date,a1_0.status,a1_0.urgent_level,a1_0.user_id from post_annonce a1_0
2026-01-12T21:55:27.518+01:00  INFO 59125 --- [annonceService] [nio-9094-exec-3] o.e.a.Service.AnnonceService             : Récupération réussie de 3 annonces
2026-01-12T21:55:27.538+01:00  INFO 59125 --- [annonceService] [vice-producer-1] org.apache.kafka.clients.Metadata        : [Producer clientId=annonceService-producer-1] Rebootstrapping with [localhost/127.0.0.1:9099]
2026-01-12T21:55:27.589+01:00  INFO 59125 --- [annonceService] [vice-producer-1] org.apache.kafka.clients.Metadata        : [Producer clientId=annonceService-producer-1] Rebootstrapping with [localhost/127.0.0.1:9099]
2026-01-12T21:55:27.640+01:00  INFO 59125 --- [annonceService] [vice-producer-1] org.apache.kafka.clients.Metadata        : [Producer clientId=annonceService-producer-1] Rebootstrapping with [localhost/127.0.0.1:9099]
2026-01-12T21:55:27.692+01:00  INFO 59125 --- [annonceService] [vice-producer-1] org.apache.kafka.clients.NetworkClient   : [Producer clientId=annonceService-producer-1] Node -1 disconnected.
2026-01-12T21:55:27.692+01:00  WARN 59125 --- [annonceService] [vice-producer-1] org.apache.kafka.clients.NetworkClient   : [Producer clientId=annonceService-producer-1] Connection to node -1 (localhost/127.0.0.1:9099) could not be established. Node may not be available.
2026-01-12T21:55:27.692+01:00  WARN 59125 --- [annonceService] [vice-producer-1] org.apache.kafka.clients.NetworkClient   : [Producer clientId=annonceService-producer-1] Bootstrap broker localhost:9099 (id: -1 rack: null isFenced: false) disconnected
2026-01-12T21:55:28.660+01:00  INFO 59125 --- [annonceService] [vice-producer-1] org.apache.kafka.clients.Metadata        : [Producer clientId=annonceService-producer-1] Rebootstrapping with [localhost/127.0.0.1:9099]
2026-01-12T21:55:28.711+01:00  INFO 59125 --- [annonceService] [vice-producer-1] org.apache.kafka.clients.NetworkClient   : [Producer clientId=annonceService-producer-1] Node -1 disconnected.
2026-01-12T21:55:28.711+01:00  WARN 59125 --- [annonceService] [vice-producer-1] org.apache.kafka.clients.NetworkClient   : [Producer clientId=annonceService-producer-1] Connection to node -1 (localhost/127.0.0.1:9099) could not be established. Node may not be available.
2026-01-12T21:55:28.711+01:00  WARN 59125 --- [annonceService] [vice-producer-1] org.apache.kafka.clients.NetworkClient   : [Producer clientId=annonceService-producer-1] Bootstrap broker localhost:9099 (id: -1 rack: null isFenced: false) disconnected
2026-01-12T21:55:29.582+01:00  INFO 59125 --- [annonceService] [vice-producer-1] org.apache.kafka.clients.NetworkClient   : [Producer clientId=annonceService-producer-1] Node -1 disconnected.
2026-01-12T21:55:29.582+01:00  WARN 59125 --- [annonceService] [vice-producer-1] org.apache.kafka.clients.NetworkClient   : [Producer clientId=annonceService-producer-1] Connection to node -1 (localhost/127.0.0.1:9099) could not be established. Node may not be available.
2026-01-12T21:55:29.582+01:00  WARN 59125 --- [annonceService] [vice-producer-1] org.apache.kafka.clients.NetworkClient   : [Producer clientId=annonceService-producer-1] Bootstrap broker localhost:9099 (id: -1 rack: null isFenced: false) disconnected
2026-01-12T21:55:29.687+01:00  INFO 59125 --- [annonceService] [vice-producer-1] org.apache.kafka.clients.Metadata        : [Producer clientId=annonceService-producer-1] Rebootstrapping with [localhost/127.0.0.1:9099]
2026-01-12T21:55:29.737+01:00  INFO 59125 --- [annonceService] [vice-producer-1] org.apache.kafka.clients.Metadata        : [Producer clientId=annonceService-producer-1] Rebootstrapping with [localhost/127.0.0.1:9099]
2026-01-12T21:55:29.788+01:00  INFO 59125 --- [annonceService] [vice-producer-1] org.apache.kafka.clients.Metadata        : [Producer clientId=annonceService-producer-1] Rebootstrapping with [localhost/127.0.0.1:9099]
2026-01-12T21:55:29.840+01:00  INFO 59125 --- [annonceService] [vice-producer-1] org.apache.kafka.clients.Metadata        : [Producer clientId=annonceService-producer-1] Rebootstrapping with [localhost/127.0.0.1:9099]
2026-01-12T21:55:29.890+01:00  INFO 59125 --- [annonceService] [vice-producer-1] org.apache.kafka.clients.Metadata        : [Producer clientId=annonceService-producer-1] Rebootstrapping with [localhost/127.0.0.1:9099]
2026-01-12T21:55:29.941+01:00  INFO 59125 --- [annonceService] [vice-producer-1] org.apache.kafka.clients.Metadata        : [Producer clientId=annonceService-producer-1] Rebootstrapping with [localhost/127.0.0.1:9099]
2026-01-12T21:55:29.993+01:00  INFO 59125 --- [annonceService] [vice-producer-1] org.apache.kafka.clients.Metadata        : [Producer clientId=annonceService-producer-1] Rebootstrapping with [localhost/127.0.0.1:9099]
2026-01-12T21:55:30.044+01:00  INFO 59125 --- [annonceService] [vice-producer-1] org.apache.kafka.clients.Metadata        : [Producer clientId=annonceService-producer-1] Rebootstrapping with [localhost/127.0.0.1:9099]
2026-01-12T21:55:30.095+01:00  INFO 59125 --- [annonceService] [vice-producer-1] org.apache.kafka.clients.Metadata        : [Producer clientId=annonceService-producer-1] Rebootstrapping with [localhost/127.0.0.1:9099]
2026-01-12T21:55:30.146+01:00  INFO 59125 --- [annonceService] [vice-producer-1] org.apache.kafka.clients.Metadata        : [Producer clientId=annonceService-producer-1] Rebootstrapping with [localhost/127.0.0.1:9099]
2026-01-12T21:55:30.197+01:00  INFO 59125 --- [annonceService] [vice-producer-1] org.apache.kafka.clients.Metadata        : [Producer clientId=annonceService-producer-1] Rebootstrapping with [localhost/127.0.0.1:9099]
2026-01-12T21:55:30.248+01:00  INFO 59125 --- [annonceService] [vice-producer-1] org.apache.kafka.clients.Metadata        : [Producer clientId=annonceService-producer-1] Rebootstrapping with [localhost/127.0.0.1:9099]
2026-01-12T21:55:30.300+01:00  INFO 59125 --- [annonceService] [vice-producer-1] org.apache.kafka.clients.Metadata        : [Producer clientId=annonceService-producer-1] Rebootstrapping with [localhost/127.0.0.1:9099]
2026-01-12T21:55:30.351+01:00  INFO 59125 --- [annonceService] [vice-producer-1] org.apache.kafka.clients.Metadata        : [Producer clientId=annonceService-producer-1] Rebootstrapping with [localhost/127.0.0.1:9099]
2026-01-12T21:55:30.389+01:00  INFO 59125 --- [annonceService] [nio-9094-exec-4] o.e.a.Controller.AnnonceController       : Requête GET /api/annonces/1 - détail annonce
2026-01-12T21:55:30.389+01:00  INFO 59125 --- [annonceService] [nio-9094-exec-4] o.e.a.Service.AnnonceService             : Récupération de l'annonce ID 1
Hibernate: select a1_0.id,a1_0.blood_type,a1_0.deadline,a1_0.description,a1_0.hospital_id,a1_0.location_id,a1_0.quantity,a1_0.request_date,a1_0.status,a1_0.urgent_level,a1_0.user_id from post_annonce a1_0 where a1_0.id=?
2026-01-12T21:55:30.402+01:00  INFO 59125 --- [annonceService] [vice-producer-1] org.apache.kafka.clients.Metadata        : [Producer clientId=annonceService-producer-1] Rebootstrapping with [localhost/127.0.0.1:9099]
2026-01-12T21:55:30.453+01:00  INFO 59125 --- [annonceService] [vice-producer-1] org.apache.kafka.clients.Metadata        : [Producer clientId=annonceService-producer-1] Rebootstrapping with [localhost/127.0.0.1:9099]
2026-01-12T21:55:30.508+01:00  INFO 59125 --- [annonceService] [vice-producer-1] org.apache.kafka.clients.Metadata        : [Producer clientId=annonceService-producer-1] Rebootstrapping with [localhost/127.0.0.1:9099]
2026-01-12T21:55:30.559+01:00  INFO 59125 --- [annonceService] [vice-producer-1] org.apache.kafka.clients.Metadata        : [Producer clientId=annonceService-producer-1] Rebootstrapping with [localhost/127.0.0.1:9099]
2026-01-12T21:55:30.610+01:00  INFO 59125 --- [annonceService] [vice-producer-1] org.apache.kafka.clients.NetworkClient   : [Producer clientId=annonceService-producer-1] Node -1 disconnected.
2026-01-12T21:55:30.611+01:00  WARN 59125 --- [annonceService] [vice-producer-1] org.apache.kafka.clients.NetworkClient   : [Producer clientId=annonceService-producer-1] Connection to node -1 (localhost/127.0.0.1:9099) could not be established. Node may not be available.
2026-01-12T21:55:30.611+01:00  WARN 59125 --- [annonceService] [vice-producer-1] org.apache.kafka.clients.NetworkClient   : [Producer clientId=annonceService-producer-1] Bootstrap broker localhost:9099 (id: -1 rack: null isFenced: false) disconnected
2026-01-12T21:55:31.530+01:00  INFO 59125 --- [annonceService] [vice-producer-1] org.apache.kafka.clients.Metadata        : [Producer clientId=annonceService-producer-1] Rebootstrapping with [localhost/127.0.0.1:9099]
2026-01-12T21:55:31.581+01:00  INFO 59125 --- [annonceService] [vice-producer-1] org.apache.kafka.clients.Metadata        : [Producer clientId=annonceService-producer-1] Rebootstrapping with [localhost/127.0.0.1:9099]
2026-01-12T21:55:31.633+01:00  INFO 59125 --- [annonceService] [vice-producer-1] org.apache.kafka.clients.NetworkClient   : [Producer clientId=annonceService-producer-1] Node -1 disconnected.
2026-01-12T21:55:31.633+01:00  WARN 59125 --- [annonceService] [vice-producer-1] org.apache.kafka.clients.NetworkClient   : [Producer clientId=annonceService-producer-1] Connection to node -1 (localhost/127.0.0.1:9099) could not be established. Node may not be available.
2026-01-12T21:55:31.633+01:00  WARN 59125 --- [annonceService] [vice-producer-1] org.apache.kafka.clients.NetworkClient   : [Producer clientId=annonceService-producer-1] Bootstrap broker localhost:9099 (id: -1 rack: null isFenced: false) disconnected
2026-01-12T21:55:32.506+01:00  INFO 59125 --- [annonceService] [vice-producer-1] org.apache.kafka.clients.NetworkClient   : [Producer clientId=annonceService-producer-1] Node -1 disconnected.
2026-01-12T21:55:32.506+01:00  WARN 59125 --- [annonceService] [vice-producer-1] org.apache.kafka.clients.NetworkClient   : [Producer clientId=annonceService-producer-1] Connection to node -1 (localhost/127.0.0.1:9099) could not be established. Node may not be available.
2026-01-12T21:55:32.506+01:00  WARN 59125 --- [annonceService] [vice-producer-1] org.apache.kafka.clients.NetworkClient   : [Producer clientId=annonceService-producer-1] Bootstrap broker localhost:9099 (id: -1 rack: null isFenced: false) disconnected
2026-01-12T21:55:32.634+01:00  INFO 59125 --- [annonceService] [vice-producer-1] org.apache.kafka.clients.Metadata        : [Producer clientId=annonceService-producer-1] Rebootstrapping with [localhost/127.0.0.1:9099]
2026-01-12T21:55:32.685+01:00  INFO 59125 --- [annonceService] [vice-producer-1] org.apache.kafka.clients.Metadata        : [Producer clientId=annonceService-producer-1] Rebootstrapping with [localhost/127.0.0.1:9099]
2026-01-12T21:55:32.736+01:00  INFO 59125 --- [annonceService] [vice-producer-1] org.apache.kafka.clients.Metadata        : [Producer clientId=annonceService-producer-1] Rebootstrapping with [localhost/127.0.0.1:9099]
2026-01-12T21:55:32.786+01:00  INFO 59125 --- [annonceService] [vice-producer-1] org.apache.kafka.clients.Metadata        : [Producer clientId=annonceService-producer-1] Rebootstrapping with [localhost/127.0.0.1:9099]
2026-01-12T21:55:32.837+01:00  INFO 59125 --- [annonceService] [vice-producer-1] org.apache.kafka.clients.Metadata        : [Producer clientId=annonceService-producer-1] Rebootstrapping with [localhost/127.0.0.1:9099]
2026-01-12T21:55:32.889+01:00  INFO 59125 --- [annonceService] [vice-producer-1] org.apache.kafka.clients.Metadata        : [Producer clientId=annonceService-producer-1] Rebootstrapping with [localhost/127.0.0.1:9099]
2026-01-12T21:55:32.940+01:00  INFO 59125 --- [annonceService] [vice-producer-1] org.apache.kafka.clients.Metadata        : [Producer clientId=annonceService-producer-1] Rebootstrapping with [localhost/127.0.0.1:9099]
2026-01-12T21:55:32.991+01:00  INFO 59125 --- [annonceService] [vice-producer-1] org.apache.kafka.clients.Metadata        : [Producer clientId=annonceService-producer-1] Rebootstrapping with [localhost/127.0.0.1:9099]
2026-01-12T21:55:33.042+01:00  INFO 59125 --- [annonceService] [vice-producer-1] org.apache.kafka.clients.Metadata        : [Producer clientId=annonceService-producer-1] Rebootstrapping with [localhost/127.0.0.1:9099]
2026-01-12T21:55:33.093+01:00  INFO 59125 --- [annonceService] [vice-producer-1] org.apache.kafka.clients.Metadata        : [Producer clientId=annonceService-producer-1] Rebootstrapping with [localhost/127.0.0.1:9099]
2026-01-12T21:55:33.144+01:00  INFO 59125 --- [annonceService] [vice-producer-1] org.apache.kafka.clients.Metadata        : [Producer clientId=annonceService-producer-1] Rebootstrapping with [localhost/127.0.0.1:9099]
2026-01-12T21:55:33.196+01:00  INFO 59125 --- [annonceService] [vice-producer-1] org.apache.kafka.clients.Metadata        : [Producer clientId=annonceService-producer-1] Rebootstrapping with [localhost/127.0.0.1:9099]
2026-01-12T21:55:33.247+01:00  INFO 59125 --- [annonceService] [vice-producer-1] org.apache.kafka.clients.Metadata        : [Producer clientId=annonceService-producer-1] Rebootstrapping with [localhost/127.0.0.1:9099]
2026-01-12T21:55:33.298+01:00  INFO 59125 --- [annonceService] [vice-producer-1] org.apache.kafka.clients.Metadata        : [Producer clientId=annonceService-producer-1] Rebootstrapping with [localhost/127.0.0.1:9099]
2026-01-12T21:55:33.349+01:00  INFO 59125 --- [annonceService] [vice-producer-1] org.apache.kafka.clients.Metadata        : [Producer clientId=annonceService-producer-1] Rebootstrapping with [localhost/127.0.0.1:9099]
2026-01-12T21:55:33.401+01:00  INFO 59125 --- [annonceService] [vice-producer-1] org.apache.kafka.clients.NetworkClient   : [Producer clientId=annonceService-producer-1] Node -1 disconnected.
2026-01-12T21:55:33.401+01:00  WARN 59125 --- [annonceService] [vice-producer-1] org.apache.kafka.clients.NetworkClient   : [Producer clientId=annonceService-producer-1] Connection to node -1 (localhost/127.0.0.1:9099) could not be established. Node may not be available.
2026-01-12T21:55:33.401+01:00  WARN 59125 --- [annonceService] [vice-producer-1] org.apache.kafka.clients.NetworkClient   : [Producer clientId=annonceService-producer-1] Bootstrap broker localhost:9099 (id: -1 rack: null isFenced: false) disconnected
2026-01-12T21:55:34.278+01:00  INFO 59125 --- [annonceService] [vice-producer-1] org.apache.kafka.clients.NetworkClient   : [Producer clientId=annonceService-producer-1] Node -1 disconnected.
2026-01-12T21:55:34.278+01:00  WARN 59125 --- [annonceService] [vice-producer-1] org.apache.kafka.clients.NetworkClient   : [Producer clientId=annonceService-producer-1] Connection to node -1 (localhost/127.0.0.1:9099) could not be established. Node may not be available.
2026-01-12T21:55:34.278+01:00  WARN 59125 --- [annonceService] [vice-producer-1] org.apache.kafka.clients.NetworkClient   : [Producer clientId=annonceService-producer-1] Bootstrap broker localhost:9099 (id: -1 rack: null isFenced: false) disconnected
2026-01-12T21:55:35.254+01:00  INFO 59125 --- [annonceService] [vice-producer-1] org.apache.kafka.clients.Metadata        : [Producer clientId=annonceService-producer-1] Rebootstrapping with [localhost/127.0.0.1:9099]
2026-01-12T21:55:35.307+01:00  INFO 59125 --- [annonceService] [vice-producer-1] org.apache.kafka.clients.NetworkClient   : [Producer clientId=annonceService-producer-1] Node -1 disconnected.
2026-01-12T21:55:35.307+01:00  WARN 59125 --- [annonceService] [vice-producer-1] org.apache.kafka.clients.NetworkClient   : [Producer clientId=annonceService-producer-1] Connection to node -1 (localhost/127.0.0.1:9099) could not be established. Node may not be available.
2026-01-12T21:55:35.307+01:00  WARN 59125 --- [annonceService] [vice-producer-1] org.apache.kafka.clients.NetworkClient   : [Producer clientId=annonceService-producer-1] Bootstrap broker localhost:9099 (id: -1 rack: null isFenced: false) disconnected
2026-01-12T21:55:36.131+01:00  INFO 59125 --- [annonceService] [vice-producer-1] org.apache.kafka.clients.NetworkClient   : [Producer clientId=annonceService-producer-1] Node -1 disconnected.
2026-01-12T21:55:36.131+01:00  WARN 59125 --- [annonceService] [vice-producer-1] org.apache.kafka.clients.NetworkClient   : [Producer clientId=annonceService-producer-1] Connection to node -1 (localhost/127.0.0.1:9099) could not be established. Node may not be available.
2026-01-12T21:55:36.131+01:00  WARN 59125 --- [annonceService] [vice-producer-1] org.apache.kafka.clients.NetworkClient   : [Producer clientId=annonceService-producer-1] Bootstrap broker localhost:9099 (id: -1 rack: null isFenced: false) disconnected
2026-01-12T21:55:36.308+01:00  INFO 59125 --- [annonceService] [vice-producer-1] org.apache.kafka.clients.Metadata        : [Producer clientId=annonceService-producer-1] Rebootstrapping with [localhost/127.0.0.1:9099]
2026-01-12T21:55:36.359+01:00  INFO 59125 --- [annonceService] [vice-producer-1] org.apache.kafka.clients.Metadata        : [Producer clientId=annonceService-producer-1] Rebootstrapping with [localhost/127.0.0.1:9099]
2026-01-12T21:55:36.410+01:00  INFO 59125 --- [annonceService] [vice-producer-1] org.apache.kafka.clients.Metadata        : [Producer clientId=annonceService-producer-1] Rebootstrapping with [localhost/127.0.0.1:9099]
2026-01-12T21:55:36.461+01:00  INFO 59125 --- [annonceService] [vice-producer-1] org.apache.kafka.clients.Metadata        : [Producer clientId=annonceService-producer-1] Rebootstrapping with [localhost/127.0.0.1:9099]
2026-01-12T21:55:36.513+01:00  INFO 59125 --- [annonceService] [vice-producer-1] org.apache.kafka.clients.Metadata        : [Producer clientId=annonceService-producer-1] Rebootstrapping with [localhost/127.0.0.1:9099]
2026-01-12T21:55:36.564+01:00  INFO 59125 --- [annonceService] [vice-producer-1] org.apache.kafka.clients.Metadata        : [Producer clientId=annonceService-producer-1] Rebootstrapping with [localhost/127.0.0.1:9099]
2026-01-12T21:55:36.616+01:00  INFO 59125 --- [annonceService] [vice-producer-1] org.apache.kafka.clients.Metadata        : [Producer clientId=annonceService-producer-1] Rebootstrapping with [localhost/127.0.0.1:9099]
2026-01-12T21:55:36.668+01:00  INFO 59125 --- [annonceService] [vice-producer-1] org.apache.kafka.clients.Metadata        : [Producer clientId=annonceService-producer-1] Rebootstrapping with [localhost/127.0.0.1:9099]
2026-01-12T21:55:36.719+01:00  INFO 59125 --- [annonceService] [vice-producer-1] org.apache.kafka.clients.Metadata        : [Producer clientId=annonceService-producer-1] Rebootstrapping with [localhost/127.0.0.1:9099]
2026-01-12T21:55:36.771+01:00  INFO 59125 --- [annonceService] [vice-producer-1] org.apache.kafka.clients.Metadata        : [Producer clientId=annonceService-producer-1] Rebootstrapping with [localhost/127.0.0.1:9099]
2026-01-12T21:55:36.823+01:00  INFO 59125 --- [annonceService] [vice-producer-1] org.apache.kafka.clients.Metadata        : [Producer clientId=annonceService-producer-1] Rebootstrapping with [localhost/127.0.0.1:9099]
2026-01-12T21:55:36.874+01:00  INFO 59125 --- [annonceService] [vice-producer-1] org.apache.kafka.clients.Metadata        : [Producer clientId=annonceService-producer-1] Rebootstrapping with [localhost/127.0.0.1:9099]
2026-01-12T21:55:36.927+01:00  INFO 59125 --- [annonceService] [vice-producer-1] org.apache.kafka.clients.Metadata        : [Producer clientId=annonceService-producer-1] Rebootstrapping with [localhost/127.0.0.1:9099]
2026-01-12T21:55:36.980+01:00  INFO 59125 --- [annonceService] [vice-producer-1] org.apache.kafka.clients.Metadata        : [Producer clientId=annonceService-producer-1] Rebootstrapping with [localhost/127.0.0.1:9099]
2026-01-12T21:55:37.032+01:00  INFO 59125 --- [annonceService] [vice-producer-1] org.apache.kafka.clients.Metadata        : [Producer clientId=annonceService-producer-1] Rebootstrapping with [localhost/127.0.0.1:9099]
2026-01-12T21:55:37.084+01:00  INFO 59125 --- [annonceService] [vice-producer-1] org.apache.kafka.clients.Metadata        : [Producer clientId=annonceService-producer-1] Rebootstrapping with [localhost/127.0.0.1:9099]
2026-01-12T21:55:37.136+01:00  INFO 59125 --- [annonceService] [vice-producer-1] org.apache.kafka.clients.NetworkClient   : [Producer clientId=annonceService-producer-1] Node -1 disconnected.
2026-01-12T21:55:37.136+01:00  WARN 59125 --- [annonceService] [vice-producer-1] org.apache.kafka.clients.NetworkClient   : [Producer clientId=annonceService-producer-1] Connection to node -1 (localhost/127.0.0.1:9099) could not be established. Node may not be available.
2026-01-12T21:55:37.136+01:00  WARN 59125 --- [annonceService] [vice-producer-1] org.apache.kafka.clients.NetworkClient   : [Producer clientId=annonceService-producer-1] Bootstrap broker localhost:9099 (id: -1 rack: null isFenced: false) disconnected
2026-01-12T21:55:38.140+01:00  INFO 59125 --- [annonceService] [vice-producer-1] org.apache.kafka.clients.NetworkClient   : [Producer clientId=annonceService-producer-1] Node -1 disconnected.
2026-01-12T21:55:38.141+01:00  WARN 59125 --- [annonceService] [vice-producer-1] org.apache.kafka.clients.NetworkClient   : [Producer clientId=annonceService-producer-1] Connection to node -1 (localhost/127.0.0.1:9099) could not be established. Node may not be available.
2026-01-12T21:55:38.141+01:00  WARN 59125 --- [annonceService] [vice-producer-1] org.apache.kafka.clients.NetworkClient   : [Producer clientId=annonceService-producer-1] Bootstrap broker localhost:9099 (id: -1 rack: null isFenced: false) disconnected
2026-01-12T21:55:39.067+01:00  INFO 59125 --- [annonceService] [vice-producer-1] org.apache.kafka.clients.Metadata        : [Producer clientId=annonceService-producer-1] Rebootstrapping with [localhost/127.0.0.1:9099]
2026-01-12T21:55:39.143+01:00  INFO 59125 --- [annonceService] [vice-producer-1] org.apache.kafka.clients.NetworkClient   : [Producer clientId=annonceService-producer-1] Node -1 disconnected.
2026-01-12T21:55:39.143+01:00  WARN 59125 --- [annonceService] [vice-producer-1] org.apache.kafka.clients.NetworkClient   : [Producer clientId=annonceService-producer-1] Connection to node -1 (localhost/127.0.0.1:9099) could not be established. Node may not be available.
2026-01-12T21:55:39.143+01:00  WARN 59125 --- [annonceService] [vice-producer-1] org.apache.kafka.clients.NetworkClient   : [Producer clientId=annonceService-producer-1] Bootstrap broker localhost:9099 (id: -1 rack: null isFenced: false) disconnected
2026-01-12T21:55:40.147+01:00  INFO 59125 --- [annonceService] [vice-producer-1] org.apache.kafka.clients.NetworkClient   : [Producer clientId=annonceService-producer-1] Node -1 disconnected.
2026-01-12T21:55:40.147+01:00  WARN 59125 --- [annonceService] [vice-producer-1] org.apache.kafka.clients.NetworkClient   : [Producer clientId=annonceService-producer-1] Connection to node -1 (localhost/127.0.0.1:9099) could not be established. Node may not be available.
2026-01-12T21:55:40.148+01:00  WARN 59125 --- [annonceService] [vice-producer-1] org.apache.kafka.clients.NetworkClient   : [Producer clientId=annonceService-producer-1] Bootstrap broker localhost:9099 (id: -1 rack: null isFenced: false) disconnected
2026-01-12T21:55:40.279+01:00  INFO 59125 --- [annonceService] [nio-9094-exec-5] o.e.a.Controller.AnnonceController       : Requête GET /api/annonces - liste des annonces
2026-01-12T21:55:40.279+01:00  INFO 59125 --- [annonceService] [nio-9094-exec-5] o.e.a.Service.AnnonceService             : Récupération de toutes les annonces
Hibernate: select a1_0.id,a1_0.blood_type,a1_0.deadline,a1_0.description,a1_0.hospital_id,a1_0.location_id,a1_0.quantity,a1_0.request_date,a1_0.status,a1_0.urgent_level,a1_0.user_id from post_annonce a1_0
2026-01-12T21:55:40.293+01:00  INFO 59125 --- [annonceService] [nio-9094-exec-5] o.e.a.Service.AnnonceService             : Récupération réussie de 3 annonces
2026-01-12T21:55:41.149+01:00  INFO 59125 --- [annonceService] [vice-producer-1] org.apache.kafka.clients.NetworkClient   : [Producer clientId=annonceService-producer-1] Node -1 disconnected.
2026-01-12T21:55:41.149+01:00  WARN 59125 --- [annonceService] [vice-producer-1] org.apache.kafka.clients.NetworkClient   : [Producer clientId=annonceService-producer-1] Connection to node -1 (localhost/127.0.0.1:9099) could not be established. Node may not be available.
2026-01-12T21:55:41.149+01:00  WARN 59125 --- [annonceService] [vice-producer-1] org.apache.kafka.clients.NetworkClient   : [Producer clientId=annonceService-producer-1] Bootstrap broker localhost:9099 (id: -1 rack: null isFenced: false) disconnected
2026-01-12T21:55:42.059+01:00  INFO 59125 --- [annonceService] [vice-producer-1] org.apache.kafka.clients.Metadata        : [Producer clientId=annonceService-producer-1] Rebootstrapping with [localhost/127.0.0.1:9099]
2026-01-12T21:55:42.110+01:00  INFO 59125 --- [annonceService] [vice-producer-1] org.apache.kafka.clients.NetworkClient   : [Producer clientId=annonceService-producer-1] Node -1 disconnected.
2026-01-12T21:55:42.110+01:00  WARN 59125 --- [annonceService] [vice-producer-1] org.apache.kafka.clients.NetworkClient   : [Producer clientId=annonceService-producer-1] Connection to node -1 (localhost/127.0.0.1:9099) could not be established. Node may not be available.
2026-01-12T21:55:42.110+01:00  WARN 59125 --- [annonceService] [vice-producer-1] org.apache.kafka.clients.NetworkClient   : [Producer clientId=annonceService-producer-1] Bootstrap broker localhost:9099 (id: -1 rack: null isFenced: false) disconnected
2026-01-12T21:55:43.085+01:00  INFO 59125 --- [annonceService] [vice-producer-1] org.apache.kafka.clients.Metadata        : [Producer clientId=annonceService-producer-1] Rebootstrapping with [localhost/127.0.0.1:9099]
2026-01-12T21:55:43.138+01:00  INFO 59125 --- [annonceService] [vice-producer-1] org.apache.kafka.clients.NetworkClient   : [Producer clientId=annonceService-producer-1] Node -1 disconnected.
2026-01-12T21:55:43.138+01:00  WARN 59125 --- [annonceService] [vice-producer-1] org.apache.kafka.clients.NetworkClient   : [Producer clientId=annonceService-producer-1] Connection to node -1 (localhost/127.0.0.1:9099) could not be established. Node may not be available.
2026-01-12T21:55:43.138+01:00  WARN 59125 --- [annonceService] [vice-producer-1] org.apache.kafka.clients.NetworkClient   : [Producer clientId=annonceService-producer-1] Bootstrap broker localhost:9099 (id: -1 rack: null isFenced: false) disconnected
2026-01-12T21:55:44.140+01:00  INFO 59125 --- [annonceService] [vice-producer-1] org.apache.kafka.clients.NetworkClient   : [Producer clientId=annonceService-producer-1] Node -1 disconnected.
2026-01-12T21:55:44.140+01:00  WARN 59125 --- [annonceService] [vice-producer-1] org.apache.kafka.clients.NetworkClient   : [Producer clientId=annonceService-producer-1] Connection to node -1 (localhost/127.0.0.1:9099) could not be established. Node may not be available.
2026-01-12T21:55:44.140+01:00  WARN 59125 --- [annonceService] [vice-producer-1] org.apache.kafka.clients.NetworkClient   : [Producer clientId=annonceService-producer-1] Bootstrap broker localhost:9099 (id: -1 rack: null isFenced: false) disconnected
2026-01-12T21:55:44.958+01:00  INFO 59125 --- [annonceService] [vice-producer-1] org.apache.kafka.clients.Metadata        : [Producer clientId=annonceService-producer-1] Rebootstrapping with [localhost/127.0.0.1:9099]
2026-01-12T21:55:45.143+01:00  INFO 59125 --- [annonceService] [vice-producer-1] org.apache.kafka.clients.NetworkClient   : [Producer clientId=annonceService-producer-1] Node -1 disconnected.
2026-01-12T21:55:45.145+01:00  WARN 59125 --- [annonceService] [vice-producer-1] org.apache.kafka.clients.NetworkClient   : [Producer clientId=annonceService-producer-1] Connection to node -1 (localhost/127.0.0.1:9099) could not be established. Node may not be available.
2026-01-12T21:55:45.145+01:00  WARN 59125 --- [annonceService] [vice-producer-1] org.apache.kafka.clients.NetworkClient   : [Producer clientId=annonceService-producer-1] Bootstrap broker localhost:9099 (id: -1 rack: null isFenced: false) disconnected
2026-01-12T21:55:46.107+01:00  INFO 59125 --- [annonceService] [vice-producer-1] org.apache.kafka.clients.NetworkClient   : [Producer clientId=annonceService-producer-1] Node -1 disconnected.
2026-01-12T21:55:46.108+01:00  WARN 59125 --- [annonceService] [vice-producer-1] org.apache.kafka.clients.NetworkClient   : [Producer clientId=annonceService-producer-1] Connection to node -1 (localhost/127.0.0.1:9099) could not be established. Node may not be available.
2026-01-12T21:55:46.108+01:00  WARN 59125 --- [annonceService] [vice-producer-1] org.apache.kafka.clients.NetworkClient   : [Producer clientId=annonceService-producer-1] Bootstrap broker localhost:9099 (id: -1 rack: null isFenced: false) disconnected
2026-01-12T21:55:46.212+01:00  INFO 59125 --- [annonceService] [vice-producer-1] org.apache.kafka.clients.Metadata        : [Producer clientId=annonceService-producer-1] Rebootstrapping with [localhost/127.0.0.1:9099]
2026-01-12T21:55:46.264+01:00  INFO 59125 --- [annonceService] [vice-producer-1] org.apache.kafka.clients.Metadata        : [Producer clientId=annonceService-producer-1] Rebootstrapping with [localhost/127.0.0.1:9099]
2026-01-12T21:55:46.316+01:00  INFO 59125 --- [annonceService] [vice-producer-1] org.apache.kafka.clients.Metadata        : [Producer clientId=annonceService-producer-1] Rebootstrapping with [localhost/127.0.0.1:9099]
2026-01-12T21:55:46.367+01:00  INFO 59125 --- [annonceService] [vice-producer-1] org.apache.kafka.clients.Metadata        : [Producer clientId=annonceService-producer-1] Rebootstrapping with [localhost/127.0.0.1:9099]
2026-01-12T21:55:46.418+01:00  INFO 59125 --- [annonceService] [vice-producer-1] org.apache.kafka.clients.Metadata        : [Producer clientId=annonceService-producer-1] Rebootstrapping with [localhost/127.0.0.1:9099]
2026-01-12T21:55:46.469+01:00  INFO 59125 --- [annonceService] [vice-producer-1] org.apache.kafka.clients.Metadata        : [Producer clientId=annonceService-producer-1] Rebootstrapping with [localhost/127.0.0.1:9099]
2026-01-12T21:55:46.521+01:00  INFO 59125 --- [annonceService] [vice-producer-1] org.apache.kafka.clients.Metadata        : [Producer clientId=annonceService-producer-1] Rebootstrapping with [localhost/127.0.0.1:9099]
2026-01-12T21:55:46.572+01:00  INFO 59125 --- [annonceService] [vice-producer-1] org.apache.kafka.clients.Metadata        : [Producer clientId=annonceService-producer-1] Rebootstrapping with [localhost/127.0.0.1:9099]
2026-01-12T21:55:46.623+01:00  INFO 59125 --- [annonceService] [vice-producer-1] org.apache.kafka.clients.Metadata        : [Producer clientId=annonceService-producer-1] Rebootstrapping with [localhost/127.0.0.1:9099]
2026-01-12T21:55:46.675+01:00  INFO 59125 --- [annonceService] [vice-producer-1] org.apache.kafka.clients.Metadata        : [Producer clientId=annonceService-producer-1] Rebootstrapping with [localhost/127.0.0.1:9099]
2026-01-12T21:55:46.727+01:00  INFO 59125 --- [annonceService] [vice-producer-1] org.apache.kafka.clients.Metadata        : [Producer clientId=annonceService-producer-1] Rebootstrapping with [localhost/127.0.0.1:9099]
2026-01-12T21:55:46.778+01:00  INFO 59125 --- [annonceService] [vice-producer-1] org.apache.kafka.clients.Metadata        : [Producer clientId=annonceService-producer-1] Rebootstrapping with [localhost/127.0.0.1:9099]
2026-01-12T21:55:46.831+01:00  INFO 59125 --- [annonceService] [vice-producer-1] org.apache.kafka.clients.Metadata        : [Producer clientId=annonceService-producer-1] Rebootstrapping with [localhost/127.0.0.1:9099]
2026-01-12T21:55:46.882+01:00  INFO 59125 --- [annonceService] [vice-producer-1] org.apache.kafka.clients.Metadata        : [Producer clientId=annonceService-producer-1] Rebootstrapping with [localhost/127.0.0.1:9099]
2026-01-12T21:55:46.933+01:00  INFO 59125 --- [annonceService] [vice-producer-1] org.apache.kafka.clients.Metadata        : [Producer clientId=annonceService-producer-1] Rebootstrapping with [localhost/127.0.0.1:9099]
2026-01-12T21:55:46.985+01:00  INFO 59125 --- [annonceService] [vice-producer-1] org.apache.kafka.clients.Metadata        : [Producer clientId=annonceService-producer-1] Rebootstrapping with [localhost/127.0.0.1:9099]
2026-01-12T21:55:47.036+01:00  INFO 59125 --- [annonceService] [vice-producer-1] org.apache.kafka.clients.Metadata        : [Producer clientId=annonceService-producer-1] Rebootstrapping with [localhost/127.0.0.1:9099]
2026-01-12T21:55:47.090+01:00  INFO 59125 --- [annonceService] [vice-producer-1] org.apache.kafka.clients.NetworkClient   : [Producer clientId=annonceService-producer-1] Node -1 disconnected.
2026-01-12T21:55:47.090+01:00  WARN 59125 --- [annonceService] [vice-producer-1] org.apache.kafka.clients.NetworkClient   : [Producer clientId=annonceService-producer-1] Connection to node -1 (localhost/127.0.0.1:9099) could not be established. Node may not be available.
2026-01-12T21:55:47.090+01:00  WARN 59125 --- [annonceService] [vice-producer-1] org.apache.kafka.clients.NetworkClient   : [Producer clientId=annonceService-producer-1] Bootstrap broker localhost:9099 (id: -1 rack: null isFenced: false) disconnected
2026-01-12T21:55:47.959+01:00  INFO 59125 --- [annonceService] [vice-producer-1] org.apache.kafka.clients.Metadata        : [Producer clientId=annonceService-producer-1] Rebootstrapping with [localhost/127.0.0.1:9099]
2026-01-12T21:55:48.062+01:00  INFO 59125 --- [annonceService] [vice-producer-1] org.apache.kafka.clients.NetworkClient   : [Producer clientId=annonceService-producer-1] Node -1 disconnected.
2026-01-12T21:55:48.063+01:00  WARN 59125 --- [annonceService] [vice-producer-1] org.apache.kafka.clients.NetworkClient   : [Producer clientId=annonceService-producer-1] Connection to node -1 (localhost/127.0.0.1:9099) could not be established. Node may not be available.
2026-01-12T21:55:48.063+01:00  WARN 59125 --- [annonceService] [vice-producer-1] org.apache.kafka.clients.NetworkClient   : [Producer clientId=annonceService-producer-1] Bootstrap broker localhost:9099 (id: -1 rack: null isFenced: false) disconnected
2026-01-12T21:55:48.327+01:00  INFO 59125 --- [annonceService] [nio-9094-exec-7] o.e.a.Controller.AnnonceController       : Requête GET /api/annonces - liste des annonces par hospital 1
2026-01-12T21:55:48.327+01:00  INFO 59125 --- [annonceService] [nio-9094-exec-7] o.e.a.Service.AnnonceService             : Récupération de toutes les annonces pour l'hospital 1
Hibernate: select a1_0.id,a1_0.blood_type,a1_0.deadline,a1_0.description,a1_0.hospital_id,a1_0.location_id,a1_0.quantity,a1_0.request_date,a1_0.status,a1_0.urgent_level,a1_0.user_id from post_annonce a1_0 where a1_0.hospital_id=?
2026-01-12T21:55:48.332+01:00  INFO 59125 --- [annonceService] [nio-9094-exec-7] o.e.a.Service.AnnonceService             : Récupération réussie de 3 annonces
2026-01-12T21:55:48.933+01:00  INFO 59125 --- [annonceService] [vice-producer-1] org.apache.kafka.clients.Metadata        : [Producer clientId=annonceService-producer-1] Rebootstrapping with [localhost/127.0.0.1:9099]
2026-01-12T21:55:48.984+01:00  INFO 59125 --- [annonceService] [vice-producer-1] org.apache.kafka.clients.Metadata        : [Producer clientId=annonceService-producer-1] Rebootstrapping with [localhost/127.0.0.1:9099]
2026-01-12T21:55:49.036+01:00  INFO 59125 --- [annonceService] [vice-producer-1] org.apache.kafka.clients.NetworkClient   : [Producer clientId=annonceService-producer-1] Node -1 disconnected.
2026-01-12T21:55:49.036+01:00  WARN 59125 --- [annonceService] [vice-producer-1] org.apache.kafka.clients.NetworkClient   : [Producer clientId=annonceService-producer-1] Connection to node -1 (localhost/127.0.0.1:9099) could not be established. Node may not be available.
2026-01-12T21:55:49.036+01:00  WARN 59125 --- [annonceService] [vice-producer-1] org.apache.kafka.clients.NetworkClient   : [Producer clientId=annonceService-producer-1] Bootstrap broker localhost:9099 (id: -1 rack: null isFenced: false) disconnected
2026-01-12T21:55:49.908+01:00  INFO 59125 --- [annonceService] [vice-producer-1] org.apache.kafka.clients.Metadata        : [Producer clientId=annonceService-producer-1] Rebootstrapping with [localhost/127.0.0.1:9099]
2026-01-12T21:55:49.960+01:00  INFO 59125 --- [annonceService] [vice-producer-1] org.apache.kafka.clients.NetworkClient   : [Producer clientId=annonceService-producer-1] Node -1 disconnected.
2026-01-12T21:55:49.960+01:00  WARN 59125 --- [annonceService] [vice-producer-1] org.apache.kafka.clients.NetworkClient   : [Producer clientId=annonceService-producer-1] Connection to node -1 (localhost/127.0.0.1:9099) could not be established. Node may not be available.
2026-01-12T21:55:49.960+01:00  WARN 59125 --- [annonceService] [vice-producer-1] org.apache.kafka.clients.NetworkClient   : [Producer clientId=annonceService-producer-1] Bootstrap broker localhost:9099 (id: -1 rack: null isFenced: false) disconnected
2026-01-12T21:55:50.933+01:00  INFO 59125 --- [annonceService] [vice-producer-1] org.apache.kafka.clients.NetworkClient   : [Producer clientId=annonceService-producer-1] Node -1 disconnected.
2026-01-12T21:55:50.933+01:00  WARN 59125 --- [annonceService] [vice-producer-1] org.apache.kafka.clients.NetworkClient   : [Producer clientId=annonceService-producer-1] Connection to node -1 (localhost/127.0.0.1:9099) could not be established. Node may not be available.
2026-01-12T21:55:50.933+01:00  WARN 59125 --- [annonceService] [vice-producer-1] org.apache.kafka.clients.NetworkClient   : [Producer clientId=annonceService-producer-1] Bootstrap broker localhost:9099 (id: -1 rack: null isFenced: false) disconnected
2026-01-12T21:55:51.035+01:00  INFO 59125 --- [annonceService] [vice-producer-1] org.apache.kafka.clients.Metadata        : [Producer clientId=annonceService-producer-1] Rebootstrapping with [localhost/127.0.0.1:9099]
2026-01-12T21:55:51.086+01:00  INFO 59125 --- [annonceService] [vice-producer-1] org.apache.kafka.clients.Metadata        : [Producer clientId=annonceService-producer-1] Rebootstrapping with [localhost/127.0.0.1:9099]
2026-01-12T21:55:51.136+01:00  INFO 59125 --- [annonceService] [vice-producer-1] org.apache.kafka.clients.Metadata        : [Producer clientId=annonceService-producer-1] Rebootstrapping with [localhost/127.0.0.1:9099]
2026-01-12T21:55:51.186+01:00  INFO 59125 --- [annonceService] [vice-producer-1] org.apache.kafka.clients.Metadata        : [Producer clientId=annonceService-producer-1] Rebootstrapping with [localhost/127.0.0.1:9099]
2026-01-12T21:55:51.236+01:00  INFO 59125 --- [annonceService] [vice-producer-1] org.apache.kafka.clients.Metadata        : [Producer clientId=annonceService-producer-1] Rebootstrapping with [localhost/127.0.0.1:9099]
2026-01-12T21:55:51.287+01:00  INFO 59125 --- [annonceService] [vice-producer-1] org.apache.kafka.clients.Metadata        : [Producer clientId=annonceService-producer-1] Rebootstrapping with [localhost/127.0.0.1:9099]
2026-01-12T21:55:51.339+01:00  INFO 59125 --- [annonceService] [vice-producer-1] org.apache.kafka.clients.Metadata        : [Producer clientId=annonceService-producer-1] Rebootstrapping with [localhost/127.0.0.1:9099]
2026-01-12T21:55:51.391+01:00  INFO 59125 --- [annonceService] [vice-producer-1] org.apache.kafka.clients.Metadata        : [Producer clientId=annonceService-producer-1] Rebootstrapping with [localhost/127.0.0.1:9099]
2026-01-12T21:55:51.443+01:00  INFO 59125 --- [annonceService] [vice-producer-1] org.apache.kafka.clients.Metadata        : [Producer clientId=annonceService-producer-1] Rebootstrapping with [localhost/127.0.0.1:9099]
2026-01-12T21:55:51.495+01:00  INFO 59125 --- [annonceService] [vice-producer-1] org.apache.kafka.clients.Metadata        : [Producer clientId=annonceService-producer-1] Rebootstrapping with [localhost/127.0.0.1:9099]
2026-01-12T21:55:51.546+01:00  INFO 59125 --- [annonceService] [vice-producer-1] org.apache.kafka.clients.Metadata        : [Producer clientId=annonceService-producer-1] Rebootstrapping with [localhost/127.0.0.1:9099]
2026-01-12T21:55:51.598+01:00  INFO 59125 --- [annonceService] [vice-producer-1] org.apache.kafka.clients.Metadata        : [Producer clientId=annonceService-producer-1] Rebootstrapping with [localhost/127.0.0.1:9099]
2026-01-12T21:55:51.650+01:00  INFO 59125 --- [annonceService] [vice-producer-1] org.apache.kafka.clients.Metadata        : [Producer clientId=annonceService-producer-1] Rebootstrapping with [localhost/127.0.0.1:9099]
2026-01-12T21:55:51.702+01:00  INFO 59125 --- [annonceService] [vice-producer-1] org.apache.kafka.clients.Metadata        : [Producer clientId=annonceService-producer-1] Rebootstrapping with [localhost/127.0.0.1:9099]
2026-01-12T21:55:51.754+01:00  INFO 59125 --- [annonceService] [vice-producer-1] org.apache.kafka.clients.Metadata        : [Producer clientId=annonceService-producer-1] Rebootstrapping with [localhost/127.0.0.1:9099]
2026-01-12T21:55:51.806+01:00  INFO 59125 --- [annonceService] [vice-producer-1] org.apache.kafka.clients.Metadata        : [Producer clientId=annonceService-producer-1] Rebootstrapping with [localhost/127.0.0.1:9099]
2026-01-12T21:55:51.858+01:00  INFO 59125 --- [annonceService] [vice-producer-1] org.apache.kafka.clients.Metadata        : [Producer clientId=annonceService-producer-1] Rebootstrapping with [localhost/127.0.0.1:9099]
2026-01-12T21:55:51.909+01:00  INFO 59125 --- [annonceService] [vice-producer-1] org.apache.kafka.clients.Metadata        : [Producer clientId=annonceService-producer-1] Rebootstrapping with [localhost/127.0.0.1:9099]
2026-01-12T21:55:51.969+01:00  INFO 59125 --- [annonceService] [vice-producer-1] org.apache.kafka.clients.NetworkClient   : [Producer clientId=annonceService-producer-1] Node -1 disconnected.
2026-01-12T21:55:51.969+01:00  WARN 59125 --- [annonceService] [vice-producer-1] org.apache.kafka.clients.NetworkClient   : [Producer clientId=annonceService-producer-1] Connection to node -1 (localhost/127.0.0.1:9099) could not be established. Node may not be available.
2026-01-12T21:55:51.969+01:00  WARN 59125 --- [annonceService] [vice-producer-1] org.apache.kafka.clients.NetworkClient   : [Producer clientId=annonceService-producer-1] Bootstrap broker localhost:9099 (id: -1 rack: null isFenced: false) disconnected
2026-01-12T21:55:52.838+01:00  INFO 59125 --- [annonceService] [vice-producer-1] org.apache.kafka.clients.Metadata        : [Producer clientId=annonceService-producer-1] Rebootstrapping with [localhost/127.0.0.1:9099]
2026-01-12T21:55:52.892+01:00  INFO 59125 --- [annonceService] [vice-producer-1] org.apache.kafka.clients.NetworkClient   : [Producer clientId=annonceService-producer-1] Node -1 disconnected.
2026-01-12T21:55:52.892+01:00  WARN 59125 --- [annonceService] [vice-producer-1] org.apache.kafka.clients.NetworkClient   : [Producer clientId=annonceService-producer-1] Connection to node -1 (localhost/127.0.0.1:9099) could not be established. Node may not be available.
2026-01-12T21:55:52.892+01:00  WARN 59125 --- [annonceService] [vice-producer-1] org.apache.kafka.clients.NetworkClient   : [Producer clientId=annonceService-producer-1] Bootstrap broker localhost:9099 (id: -1 rack: null isFenced: false) disconnected
2026-01-12T21:55:52.995+01:00  INFO 59125 --- [annonceService] [vice-producer-1] org.apache.kafka.clients.Metadata        : [Producer clientId=annonceService-producer-1] Rebootstrapping with [localhost/127.0.0.1:9099]
2026-01-12T21:55:53.047+01:00  INFO 59125 --- [annonceService] [vice-producer-1] org.apache.kafka.clients.Metadata        : [Producer clientId=annonceService-producer-1] Rebootstrapping with [localhost/127.0.0.1:9099]
2026-01-12T21:55:53.098+01:00  INFO 59125 --- [annonceService] [vice-producer-1] org.apache.kafka.clients.Metadata        : [Producer clientId=annonceService-producer-1] Rebootstrapping with [localhost/127.0.0.1:9099]
2026-01-12T21:55:53.149+01:00  INFO 59125 --- [annonceService] [vice-producer-1] org.apache.kafka.clients.Metadata        : [Producer clientId=annonceService-producer-1] Rebootstrapping with [localhost/127.0.0.1:9099]
2026-01-12T21:55:53.201+01:00  INFO 59125 --- [annonceService] [vice-producer-1] org.apache.kafka.clients.Metadata        : [Producer clientId=annonceService-producer-1] Rebootstrapping with [localhost/127.0.0.1:9099]
2026-01-12T21:55:53.252+01:00  INFO 59125 --- [annonceService] [vice-producer-1] org.apache.kafka.clients.Metadata        : [Producer clientId=annonceService-producer-1] Rebootstrapping with [localhost/127.0.0.1:9099]
2026-01-12T21:55:53.304+01:00  INFO 59125 --- [annonceService] [vice-producer-1] org.apache.kafka.clients.Metadata        : [Producer clientId=annonceService-producer-1] Rebootstrapping with [localhost/127.0.0.1:9099]
2026-01-12T21:55:53.355+01:00  INFO 59125 --- [annonceService] [vice-producer-1] org.apache.kafka.clients.Metadata        : [Producer clientId=annonceService-producer-1] Rebootstrapping with [localhost/127.0.0.1:9099]
2026-01-12T21:55:53.406+01:00  INFO 59125 --- [annonceService] [vice-producer-1] org.apache.kafka.clients.Metadata        : [Producer clientId=annonceService-producer-1] Rebootstrapping with [localhost/127.0.0.1:9099]
2026-01-12T21:55:53.457+01:00  INFO 59125 --- [annonceService] [vice-producer-1] org.apache.kafka.clients.Metadata        : [Producer clientId=annonceService-producer-1] Rebootstrapping with [localhost/127.0.0.1:9099]
2026-01-12T21:55:53.509+01:00  INFO 59125 --- [annonceService] [vice-producer-1] org.apache.kafka.clients.Metadata        : [Producer clientId=annonceService-producer-1] Rebootstrapping with [localhost/127.0.0.1:9099]
2026-01-12T21:55:53.561+01:00  INFO 59125 --- [annonceService] [vice-producer-1] org.apache.kafka.clients.Metadata        : [Producer clientId=annonceService-producer-1] Rebootstrapping with [localhost/127.0.0.1:9099]
2026-01-12T21:55:53.612+01:00  INFO 59125 --- [annonceService] [vice-producer-1] org.apache.kafka.clients.Metadata        : [Producer clientId=annonceService-producer-1] Rebootstrapping with [localhost/127.0.0.1:9099]
2026-01-12T21:55:53.664+01:00  INFO 59125 --- [annonceService] [vice-producer-1] org.apache.kafka.clients.Metadata        : [Producer clientId=annonceService-producer-1] Rebootstrapping with [localhost/127.0.0.1:9099]
2026-01-12T21:55:53.716+01:00  INFO 59125 --- [annonceService] [vice-producer-1] org.apache.kafka.clients.Metadata        : [Producer clientId=annonceService-producer-1] Rebootstrapping with [localhost/127.0.0.1:9099]
2026-01-12T21:55:53.767+01:00  INFO 59125 --- [annonceService] [vice-producer-1] org.apache.kafka.clients.Metadata        : [Producer clientId=annonceService-producer-1] Rebootstrapping with [localhost/127.0.0.1:9099]
2026-01-12T21:55:53.819+01:00  INFO 59125 --- [annonceService] [vice-producer-1] org.apache.kafka.clients.Metadata        : [Producer clientId=annonceService-producer-1] Rebootstrapping with [localhost/127.0.0.1:9099]
2026-01-12T21:55:53.871+01:00  INFO 59125 --- [annonceService] [vice-producer-1] org.apache.kafka.clients.Metadata        : [Producer clientId=annonceService-producer-1] Rebootstrapping with [localhost/127.0.0.1:9099]
2026-01-12T21:55:53.925+01:00  INFO 59125 --- [annonceService] [vice-producer-1] org.apache.kafka.clients.NetworkClient   : [Producer clientId=annonceService-producer-1] Node -1 disconnected.
2026-01-12T21:55:53.925+01:00  WARN 59125 --- [annonceService] [vice-producer-1] org.apache.kafka.clients.NetworkClient   : [Producer clientId=annonceService-producer-1] Connection to node -1 (localhost/127.0.0.1:9099) could not be established. Node may not be available.
2026-01-12T21:55:53.925+01:00  WARN 59125 --- [annonceService] [vice-producer-1] org.apache.kafka.clients.NetworkClient   : [Producer clientId=annonceService-producer-1] Bootstrap broker localhost:9099 (id: -1 rack: null isFenced: false) disconnected
2026-01-12T21:55:54.926+01:00  INFO 59125 --- [annonceService] [vice-producer-1] org.apache.kafka.clients.NetworkClient   : [Producer clientId=annonceService-producer-1] Node -1 disconnected.
2026-01-12T21:55:54.927+01:00  WARN 59125 --- [annonceService] [vice-producer-1] org.apache.kafka.clients.NetworkClient   : [Producer clientId=annonceService-producer-1] Connection to node -1 (localhost/127.0.0.1:9099) could not be established. Node may not be available.
2026-01-12T21:55:54.927+01:00  WARN 59125 --- [annonceService] [vice-producer-1] org.apache.kafka.clients.NetworkClient   : [Producer clientId=annonceService-producer-1] Bootstrap broker localhost:9099 (id: -1 rack: null isFenced: false) disconnected
2026-01-12T21:55:55.752+01:00  INFO 59125 --- [annonceService] [vice-producer-1] org.apache.kafka.clients.NetworkClient   : [Producer clientId=annonceService-producer-1] Node -1 disconnected.
2026-01-12T21:55:55.753+01:00  WARN 59125 --- [annonceService] [vice-producer-1] org.apache.kafka.clients.NetworkClient   : [Producer clientId=annonceService-producer-1] Connection to node -1 (localhost/127.0.0.1:9099) could not be established. Node may not be available.
2026-01-12T21:55:55.753+01:00  WARN 59125 --- [annonceService] [vice-producer-1] org.apache.kafka.clients.NetworkClient   : [Producer clientId=annonceService-producer-1] Bootstrap broker localhost:9099 (id: -1 rack: null isFenced: false) disconnected
2026-01-12T21:55:55.857+01:00  INFO 59125 --- [annonceService] [vice-producer-1] org.apache.kafka.clients.Metadata        : [Producer clientId=annonceService-producer-1] Rebootstrapping with [localhost/127.0.0.1:9099]
2026-01-12T21:55:55.908+01:00  INFO 59125 --- [annonceService] [vice-producer-1] org.apache.kafka.clients.Metadata        : [Producer clientId=annonceService-producer-1] Rebootstrapping with [localhost/127.0.0.1:9099]
2026-01-12T21:55:55.960+01:00  INFO 59125 --- [annonceService] [vice-producer-1] org.apache.kafka.clients.Metadata        : [Producer clientId=annonceService-producer-1] Rebootstrapping with [localhost/127.0.0.1:9099]
2026-01-12T21:55:56.012+01:00  INFO 59125 --- [annonceService] [vice-producer-1] org.apache.kafka.clients.Metadata        : [Producer clientId=annonceService-producer-1] Rebootstrapping with [localhost/127.0.0.1:9099]
2026-01-12T21:55:56.064+01:00  INFO 59125 --- [annonceService] [vice-producer-1] org.apache.kafka.clients.Metadata        : [Producer clientId=annonceService-producer-1] Rebootstrapping with [localhost/127.0.0.1:9099]
2026-01-12T21:55:56.115+01:00  INFO 59125 --- [annonceService] [vice-producer-1] org.apache.kafka.clients.Metadata        : [Producer clientId=annonceService-producer-1] Rebootstrapping with [localhost/127.0.0.1:9099]
2026-01-12T21:55:56.166+01:00  INFO 59125 --- [annonceService] [vice-producer-1] org.apache.kafka.clients.Metadata        : [Producer clientId=annonceService-producer-1] Rebootstrapping with [localhost/127.0.0.1:9099]
2026-01-12T21:55:56.218+01:00  INFO 59125 --- [annonceService] [vice-producer-1] org.apache.kafka.clients.Metadata        : [Producer clientId=annonceService-producer-1] Rebootstrapping with [localhost/127.0.0.1:9099]
2026-01-12T21:55:56.270+01:00  INFO 59125 --- [annonceService] [vice-producer-1] org.apache.kafka.clients.Metadata        : [Producer clientId=annonceService-producer-1] Rebootstrapping with [localhost/127.0.0.1:9099]
2026-01-12T21:55:56.321+01:00  INFO 59125 --- [annonceService] [vice-producer-1] org.apache.kafka.clients.Metadata        : [Producer clientId=annonceService-producer-1] Rebootstrapping with [localhost/127.0.0.1:9099]
2026-01-12T21:55:56.373+01:00  INFO 59125 --- [annonceService] [vice-producer-1] org.apache.kafka.clients.Metadata        : [Producer clientId=annonceService-producer-1] Rebootstrapping with [localhost/127.0.0.1:9099]
2026-01-12T21:55:56.425+01:00  INFO 59125 --- [annonceService] [vice-producer-1] org.apache.kafka.clients.Metadata        : [Producer clientId=annonceService-producer-1] Rebootstrapping with [localhost/127.0.0.1:9099]
2026-01-12T21:55:56.479+01:00  INFO 59125 --- [annonceService] [vice-producer-1] org.apache.kafka.clients.Metadata        : [Producer clientId=annonceService-producer-1] Rebootstrapping with [localhost/127.0.0.1:9099]
2026-01-12T21:55:56.530+01:00  INFO 59125 --- [annonceService] [vice-producer-1] org.apache.kafka.clients.Metadata        : [Producer clientId=annonceService-producer-1] Rebootstrapping with [localhost/127.0.0.1:9099]
2026-01-12T21:55:56.582+01:00  INFO 59125 --- [annonceService] [vice-producer-1] org.apache.kafka.clients.Metadata        : [Producer clientId=annonceService-producer-1] Rebootstrapping with [localhost/127.0.0.1:9099]
2026-01-12T21:55:56.634+01:00  INFO 59125 --- [annonceService] [vice-producer-1] org.apache.kafka.clients.Metadata        : [Producer clientId=annonceService-producer-1] Rebootstrapping with [localhost/127.0.0.1:9099]
2026-01-12T21:55:56.690+01:00  INFO 59125 --- [annonceService] [vice-producer-1] org.apache.kafka.clients.NetworkClient   : [Producer clientId=annonceService-producer-1] Node -1 disconnected.
2026-01-12T21:55:56.690+01:00  WARN 59125 --- [annonceService] [vice-producer-1] org.apache.kafka.clients.NetworkClient   : [Producer clientId=annonceService-producer-1] Connection to node -1 (localhost/127.0.0.1:9099) could not be established. Node may not be available.
2026-01-12T21:55:56.690+01:00  WARN 59125 --- [annonceService] [vice-producer-1] org.apache.kafka.clients.NetworkClient   : [Producer clientId=annonceService-producer-1] Bootstrap broker localhost:9099 (id: -1 rack: null isFenced: false) disconnected
2026-01-12T21:55:57.613+01:00  INFO 59125 --- [annonceService] [vice-producer-1] org.apache.kafka.clients.Metadata        : [Producer clientId=annonceService-producer-1] Rebootstrapping with [localhost/127.0.0.1:9099]
2026-01-12T21:55:57.665+01:00  INFO 59125 --- [annonceService] [vice-producer-1] org.apache.kafka.clients.Metadata        : [Producer clientId=annonceService-producer-1] Rebootstrapping with [localhost/127.0.0.1:9099]
2026-01-12T21:55:57.720+01:00  INFO 59125 --- [annonceService] [vice-producer-1] org.apache.kafka.clients.NetworkClient   : [Producer clientId=annonceService-producer-1] Node -1 disconnected.
2026-01-12T21:55:57.720+01:00  WARN 59125 --- [annonceService] [vice-producer-1] org.apache.kafka.clients.NetworkClient   : [Producer clientId=annonceService-producer-1] Connection to node -1 (localhost/127.0.0.1:9099) could not be established. Node may not be available.
2026-01-12T21:55:57.720+01:00  WARN 59125 --- [annonceService] [vice-producer-1] org.apache.kafka.clients.NetworkClient   : [Producer clientId=annonceService-producer-1] Bootstrap broker localhost:9099 (id: -1 rack: null isFenced: false) disconnected
2026-01-12T21:55:58.536+01:00  INFO 59125 --- [annonceService] [vice-producer-1] org.apache.kafka.clients.Metadata        : [Producer clientId=annonceService-producer-1] Rebootstrapping with [localhost/127.0.0.1:9099]
2026-01-12T21:55:58.722+01:00  INFO 59125 --- [annonceService] [vice-producer-1] org.apache.kafka.clients.NetworkClient   : [Producer clientId=annonceService-producer-1] Node -1 disconnected.
2026-01-12T21:55:58.723+01:00  WARN 59125 --- [annonceService] [vice-producer-1] org.apache.kafka.clients.NetworkClient   : [Producer clientId=annonceService-producer-1] Connection to node -1 (localhost/127.0.0.1:9099) could not be established. Node may not be available.
2026-01-12T21:55:58.723+01:00  WARN 59125 --- [annonceService] [vice-producer-1] org.apache.kafka.clients.NetworkClient   : [Producer clientId=annonceService-producer-1] Bootstrap broker localhost:9099 (id: -1 rack: null isFenced: false) disconnected
2026-01-12T21:55:59.663+01:00  INFO 59125 --- [annonceService] [vice-producer-1] org.apache.kafka.clients.NetworkClient   : [Producer clientId=annonceService-producer-1] Node -1 disconnected.
2026-01-12T21:55:59.663+01:00  WARN 59125 --- [annonceService] [vice-producer-1] org.apache.kafka.clients.NetworkClient   : [Producer clientId=annonceService-producer-1] Connection to node -1 (localhost/127.0.0.1:9099) could not be established. Node may not be available.
2026-01-12T21:55:59.664+01:00  WARN 59125 --- [annonceService] [vice-producer-1] org.apache.kafka.clients.NetworkClient   : [Producer clientId=annonceService-producer-1] Bootstrap broker localhost:9099 (id: -1 rack: null isFenced: false) disconnected
2026-01-12T21:55:59.767+01:00  INFO 59125 --- [annonceService] [vice-producer-1] org.apache.kafka.clients.Metadata        : [Producer clientId=annonceService-producer-1] Rebootstrapping with [localhost/127.0.0.1:9099]
2026-01-12T21:55:59.819+01:00  INFO 59125 --- [annonceService] [vice-producer-1] org.apache.kafka.clients.Metadata        : [Producer clientId=annonceService-producer-1] Rebootstrapping with [localhost/127.0.0.1:9099]
2026-01-12T21:55:59.870+01:00  INFO 59125 --- [annonceService] [vice-producer-1] org.apache.kafka.clients.Metadata        : [Producer clientId=annonceService-producer-1] Rebootstrapping with [localhost/127.0.0.1:9099]
2026-01-12T21:55:59.923+01:00  INFO 59125 --- [annonceService] [vice-producer-1] org.apache.kafka.clients.Metadata        : [Producer clientId=annonceService-producer-1] Rebootstrapping with [localhost/127.0.0.1:9099]
2026-01-12T21:55:59.976+01:00  INFO 59125 --- [annonceService] [vice-producer-1] org.apache.kafka.clients.Metadata        : [Producer clientId=annonceService-producer-1] Rebootstrapping with [localhost/127.0.0.1:9099]
2026-01-12T21:56:00.026+01:00  INFO 59125 --- [annonceService] [vice-producer-1] org.apache.kafka.clients.Metadata        : [Producer clientId=annonceService-producer-1] Rebootstrapping with [localhost/127.0.0.1:9099]
2026-01-12T21:56:00.077+01:00  INFO 59125 --- [annonceService] [vice-producer-1] org.apache.kafka.clients.Metadata        : [Producer clientId=annonceService-producer-1] Rebootstrapping with [localhost/127.0.0.1:9099]
2026-01-12T21:56:00.128+01:00  INFO 59125 --- [annonceService] [vice-producer-1] org.apache.kafka.clients.Metadata        : [Producer clientId=annonceService-producer-1] Rebootstrapping with [localhost/127.0.0.1:9099]
2026-01-12T21:56:00.179+01:00  INFO 59125 --- [annonceService] [vice-producer-1] org.apache.kafka.clients.Metadata        : [Producer clientId=annonceService-producer-1] Rebootstrapping with [localhost/127.0.0.1:9099]
2026-01-12T21:56:00.230+01:00  INFO 59125 --- [annonceService] [vice-producer-1] org.apache.kafka.clients.Metadata        : [Producer clientId=annonceService-producer-1] Rebootstrapping with [localhost/127.0.0.1:9099]
2026-01-12T21:56:00.281+01:00  INFO 59125 --- [annonceService] [vice-producer-1] org.apache.kafka.clients.Metadata        : [Producer clientId=annonceService-producer-1] Rebootstrapping with [localhost/127.0.0.1:9099]
2026-01-12T21:56:00.332+01:00  INFO 59125 --- [annonceService] [vice-producer-1] org.apache.kafka.clients.Metadata        : [Producer clientId=annonceService-producer-1] Rebootstrapping with [localhost/127.0.0.1:9099]
2026-01-12T21:56:00.383+01:00  INFO 59125 --- [annonceService] [vice-producer-1] org.apache.kafka.clients.Metadata        : [Producer clientId=annonceService-producer-1] Rebootstrapping with [localhost/127.0.0.1:9099]
2026-01-12T21:56:00.434+01:00  INFO 59125 --- [annonceService] [vice-producer-1] org.apache.kafka.clients.Metadata        : [Producer clientId=annonceService-producer-1] Rebootstrapping with [localhost/127.0.0.1:9099]
2026-01-12T21:56:00.485+01:00  INFO 59125 --- [annonceService] [vice-producer-1] org.apache.kafka.clients.Metadata        : [Producer clientId=annonceService-producer-1] Rebootstrapping with [localhost/127.0.0.1:9099]
2026-01-12T21:56:00.536+01:00  INFO 59125 --- [annonceService] [vice-producer-1] org.apache.kafka.clients.Metadata        : [Producer clientId=annonceService-producer-1] Rebootstrapping with [localhost/127.0.0.1:9099]
2026-01-12T21:56:00.587+01:00  INFO 59125 --- [annonceService] [vice-producer-1] org.apache.kafka.clients.Metadata        : [Producer clientId=annonceService-producer-1] Rebootstrapping with [localhost/127.0.0.1:9099]
2026-01-12T21:56:00.639+01:00  INFO 59125 --- [annonceService] [vice-producer-1] org.apache.kafka.clients.Metadata        : [Producer clientId=annonceService-producer-1] Rebootstrapping with [localhost/127.0.0.1:9099]
2026-01-12T21:56:00.692+01:00  INFO 59125 --- [annonceService] [vice-producer-1] org.apache.kafka.clients.NetworkClient   : [Producer clientId=annonceService-producer-1] Node -1 disconnected.
2026-01-12T21:56:00.692+01:00  WARN 59125 --- [annonceService] [vice-producer-1] org.apache.kafka.clients.NetworkClient   : [Producer clientId=annonceService-producer-1] Connection to node -1 (localhost/127.0.0.1:9099) could not be established. Node may not be available.
2026-01-12T21:56:00.692+01:00  WARN 59125 --- [annonceService] [vice-producer-1] org.apache.kafka.clients.NetworkClient   : [Producer clientId=annonceService-producer-1] Bootstrap broker localhost:9099 (id: -1 rack: null isFenced: false) disconnected
2026-01-12T21:56:01.563+01:00  INFO 59125 --- [annonceService] [vice-producer-1] org.apache.kafka.clients.NetworkClient   : [Producer clientId=annonceService-producer-1] Node -1 disconnected.
2026-01-12T21:56:01.564+01:00  WARN 59125 --- [annonceService] [vice-producer-1] org.apache.kafka.clients.NetworkClient   : [Producer clientId=annonceService-producer-1] Connection to node -1 (localhost/127.0.0.1:9099) could not be established. Node may not be available.
2026-01-12T21:56:01.564+01:00  WARN 59125 --- [annonceService] [vice-producer-1] org.apache.kafka.clients.NetworkClient   : [Producer clientId=annonceService-producer-1] Bootstrap broker localhost:9099 (id: -1 rack: null isFenced: false) disconnected
2026-01-12T21:56:01.692+01:00  INFO 59125 --- [annonceService] [vice-producer-1] org.apache.kafka.clients.Metadata        : [Producer clientId=annonceService-producer-1] Rebootstrapping with [localhost/127.0.0.1:9099]
2026-01-12T21:56:01.744+01:00  INFO 59125 --- [annonceService] [vice-producer-1] org.apache.kafka.clients.Metadata        : [Producer clientId=annonceService-producer-1] Rebootstrapping with [localhost/127.0.0.1:9099]
2026-01-12T21:56:01.795+01:00  INFO 59125 --- [annonceService] [vice-producer-1] org.apache.kafka.clients.Metadata        : [Producer clientId=annonceService-producer-1] Rebootstrapping with [localhost/127.0.0.1:9099]
2026-01-12T21:56:01.846+01:00  INFO 59125 --- [annonceService] [vice-producer-1] org.apache.kafka.clients.Metadata        : [Producer clientId=annonceService-producer-1] Rebootstrapping with [localhost/127.0.0.1:9099]
2026-01-12T21:56:01.898+01:00  INFO 59125 --- [annonceService] [vice-producer-1] org.apache.kafka.clients.Metadata        : [Producer clientId=annonceService-producer-1] Rebootstrapping with [localhost/127.0.0.1:9099]
2026-01-12T21:56:01.950+01:00  INFO 59125 --- [annonceService] [vice-producer-1] org.apache.kafka.clients.Metadata        : [Producer clientId=annonceService-producer-1] Rebootstrapping with [localhost/127.0.0.1:9099]
2026-01-12T21:56:02.001+01:00  INFO 59125 --- [annonceService] [vice-producer-1] org.apache.kafka.clients.Metadata        : [Producer clientId=annonceService-producer-1] Rebootstrapping with [localhost/127.0.0.1:9099]
2026-01-12T21:56:02.052+01:00  INFO 59125 --- [annonceService] [vice-producer-1] org.apache.kafka.clients.Metadata        : [Producer clientId=annonceService-producer-1] Rebootstrapping with [localhost/127.0.0.1:9099]
2026-01-12T21:56:02.103+01:00  INFO 59125 --- [annonceService] [vice-producer-1] org.apache.kafka.clients.Metadata        : [Producer clientId=annonceService-producer-1] Rebootstrapping with [localhost/127.0.0.1:9099]
2026-01-12T21:56:02.153+01:00  INFO 59125 --- [annonceService] [vice-producer-1] org.apache.kafka.clients.Metadata        : [Producer clientId=annonceService-producer-1] Rebootstrapping with [localhost/127.0.0.1:9099]
2026-01-12T21:56:02.205+01:00  INFO 59125 --- [annonceService] [vice-producer-1] org.apache.kafka.clients.Metadata        : [Producer clientId=annonceService-producer-1] Rebootstrapping with [localhost/127.0.0.1:9099]
2026-01-12T21:56:02.256+01:00  INFO 59125 --- [annonceService] [vice-producer-1] org.apache.kafka.clients.Metadata        : [Producer clientId=annonceService-producer-1] Rebootstrapping with [localhost/127.0.0.1:9099]
2026-01-12T21:56:02.307+01:00  INFO 59125 --- [annonceService] [vice-producer-1] org.apache.kafka.clients.Metadata        : [Producer clientId=annonceService-producer-1] Rebootstrapping with [localhost/127.0.0.1:9099]
2026-01-12T21:56:02.358+01:00  INFO 59125 --- [annonceService] [vice-producer-1] org.apache.kafka.clients.Metadata        : [Producer clientId=annonceService-producer-1] Rebootstrapping with [localhost/127.0.0.1:9099]
2026-01-12T21:56:02.409+01:00  INFO 59125 --- [annonceService] [vice-producer-1] org.apache.kafka.clients.Metadata        : [Producer clientId=annonceService-producer-1] Rebootstrapping with [localhost/127.0.0.1:9099]
2026-01-12T21:56:02.460+01:00  INFO 59125 --- [annonceService] [vice-producer-1] org.apache.kafka.clients.Metadata        : [Producer clientId=annonceService-producer-1] Rebootstrapping with [localhost/127.0.0.1:9099]
2026-01-12T21:56:02.512+01:00  INFO 59125 --- [annonceService] [vice-producer-1] org.apache.kafka.clients.NetworkClient   : [Producer clientId=annonceService-producer-1] Node -1 disconnected.
2026-01-12T21:56:02.513+01:00  WARN 59125 --- [annonceService] [vice-producer-1] org.apache.kafka.clients.NetworkClient   : [Producer clientId=annonceService-producer-1] Connection to node -1 (localhost/127.0.0.1:9099) could not be established. Node may not be available.
2026-01-12T21:56:02.513+01:00  WARN 59125 --- [annonceService] [vice-producer-1] org.apache.kafka.clients.NetworkClient   : [Producer clientId=annonceService-producer-1] Bootstrap broker localhost:9099 (id: -1 rack: null isFenced: false) disconnected
2026-01-12T21:56:03.516+01:00  INFO 59125 --- [annonceService] [vice-producer-1] org.apache.kafka.clients.NetworkClient   : [Producer clientId=annonceService-producer-1] Node -1 disconnected.
2026-01-12T21:56:03.516+01:00  WARN 59125 --- [annonceService] [vice-producer-1] org.apache.kafka.clients.NetworkClient   : [Producer clientId=annonceService-producer-1] Connection to node -1 (localhost/127.0.0.1:9099) could not be established. Node may not be available.
2026-01-12T21:56:03.516+01:00  WARN 59125 --- [annonceService] [vice-producer-1] org.apache.kafka.clients.NetworkClient   : [Producer clientId=annonceService-producer-1] Bootstrap broker localhost:9099 (id: -1 rack: null isFenced: false) disconnected
2026-01-12T21:56:04.394+01:00  INFO 59125 --- [annonceService] [vice-producer-1] org.apache.kafka.clients.Metadata        : [Producer clientId=annonceService-producer-1] Rebootstrapping with [localhost/127.0.0.1:9099]
2026-01-12T21:56:04.445+01:00  INFO 59125 --- [annonceService] [vice-producer-1] org.apache.kafka.clients.Metadata        : [Producer clientId=annonceService-producer-1] Rebootstrapping with [localhost/127.0.0.1:9099]
2026-01-12T21:56:04.518+01:00  INFO 59125 --- [annonceService] [vice-producer-1] org.apache.kafka.clients.NetworkClient   : [Producer clientId=annonceService-producer-1] Node -1 disconnected.
2026-01-12T21:56:04.518+01:00  WARN 59125 --- [annonceService] [vice-producer-1] org.apache.kafka.clients.NetworkClient   : [Producer clientId=annonceService-producer-1] Connection to node -1 (localhost/127.0.0.1:9099) could not be established. Node may not be available.
2026-01-12T21:56:04.518+01:00  WARN 59125 --- [annonceService] [vice-producer-1] org.apache.kafka.clients.NetworkClient   : [Producer clientId=annonceService-producer-1] Bootstrap broker localhost:9099 (id: -1 rack: null isFenced: false) disconnected
2026-01-12T21:56:04.656+01:00  INFO 59125 --- [annonceService] [nio-9094-exec-6] o.e.a.Controller.AnnonceController       : Requête GET /api/annonces - liste des annonces
2026-01-12T21:56:04.657+01:00  INFO 59125 --- [annonceService] [nio-9094-exec-6] o.e.a.Service.AnnonceService             : Récupération de toutes les annonces
Hibernate: select a1_0.id,a1_0.blood_type,a1_0.deadline,a1_0.description,a1_0.hospital_id,a1_0.location_id,a1_0.quantity,a1_0.request_date,a1_0.status,a1_0.urgent_level,a1_0.user_id from post_annonce a1_0
2026-01-12T21:56:04.670+01:00  INFO 59125 --- [annonceService] [nio-9094-exec-6] o.e.a.Service.AnnonceService             : Récupération réussie de 3 annonces
2026-01-12T21:56:05.425+01:00  INFO 59125 --- [annonceService] [vice-producer-1] org.apache.kafka.clients.NetworkClient   : [Producer clientId=annonceService-producer-1] Node -1 disconnected.
2026-01-12T21:56:05.425+01:00  WARN 59125 --- [annonceService] [vice-producer-1] org.apache.kafka.clients.NetworkClient   : [Producer clientId=annonceService-producer-1] Connection to node -1 (localhost/127.0.0.1:9099) could not be established. Node may not be available.
2026-01-12T21:56:05.426+01:00  WARN 59125 --- [annonceService] [vice-producer-1] org.apache.kafka.clients.NetworkClient   : [Producer clientId=annonceService-producer-1] Bootstrap broker localhost:9099 (id: -1 rack: null isFenced: false) disconnected
2026-01-12T21:56:05.528+01:00  INFO 59125 --- [annonceService] [vice-producer-1] org.apache.kafka.clients.Metadata        : [Producer clientId=annonceService-producer-1] Rebootstrapping with [localhost/127.0.0.1:9099]
2026-01-12T21:56:05.579+01:00  INFO 59125 --- [annonceService] [vice-producer-1] org.apache.kafka.clients.Metadata        : [Producer clientId=annonceService-producer-1] Rebootstrapping with [localhost/127.0.0.1:9099]
2026-01-12T21:56:05.631+01:00  INFO 59125 --- [annonceService] [vice-producer-1] org.apache.kafka.clients.Metadata        : [Producer clientId=annonceService-producer-1] Rebootstrapping with [localhost/127.0.0.1:9099]
2026-01-12T21:56:05.683+01:00  INFO 59125 --- [annonceService] [vice-producer-1] org.apache.kafka.clients.Metadata        : [Producer clientId=annonceService-producer-1] Rebootstrapping with [localhost/127.0.0.1:9099]
2026-01-12T21:56:05.735+01:00  INFO 59125 --- [annonceService] [vice-producer-1] org.apache.kafka.clients.Metadata        : [Producer clientId=annonceService-producer-1] Rebootstrapping with [localhost/127.0.0.1:9099]
2026-01-12T21:56:05.786+01:00  INFO 59125 --- [annonceService] [vice-producer-1] org.apache.kafka.clients.Metadata        : [Producer clientId=annonceService-producer-1] Rebootstrapping with [localhost/127.0.0.1:9099]
2026-01-12T21:56:05.837+01:00  INFO 59125 --- [annonceService] [vice-producer-1] org.apache.kafka.clients.Metadata        : [Producer clientId=annonceService-producer-1] Rebootstrapping with [localhost/127.0.0.1:9099]
2026-01-12T21:56:05.889+01:00  INFO 59125 --- [annonceService] [vice-producer-1] org.apache.kafka.clients.Metadata        : [Producer clientId=annonceService-producer-1] Rebootstrapping with [localhost/127.0.0.1:9099]
2026-01-12T21:56:05.941+01:00  INFO 59125 --- [annonceService] [vice-producer-1] org.apache.kafka.clients.Metadata        : [Producer clientId=annonceService-producer-1] Rebootstrapping with [localhost/127.0.0.1:9099]
2026-01-12T21:56:05.992+01:00  INFO 59125 --- [annonceService] [vice-producer-1] org.apache.kafka.clients.Metadata        : [Producer clientId=annonceService-producer-1] Rebootstrapping with [localhost/127.0.0.1:9099]
2026-01-12T21:56:06.044+01:00  INFO 59125 --- [annonceService] [vice-producer-1] org.apache.kafka.clients.Metadata        : [Producer clientId=annonceService-producer-1] Rebootstrapping with [localhost/127.0.0.1:9099]
2026-01-12T21:56:06.096+01:00  INFO 59125 --- [annonceService] [vice-producer-1] org.apache.kafka.clients.Metadata        : [Producer clientId=annonceService-producer-1] Rebootstrapping with [localhost/127.0.0.1:9099]
2026-01-12T21:56:06.111+01:00  INFO 59125 --- [annonceService] [nio-9094-exec-8] o.e.a.Controller.AnnonceController       : Requête GET /api/annonces - liste des annonces
2026-01-12T21:56:06.111+01:00  INFO 59125 --- [annonceService] [nio-9094-exec-8] o.e.a.Service.AnnonceService             : Récupération de toutes les annonces
Hibernate: select a1_0.id,a1_0.blood_type,a1_0.deadline,a1_0.description,a1_0.hospital_id,a1_0.location_id,a1_0.quantity,a1_0.request_date,a1_0.status,a1_0.urgent_level,a1_0.user_id from post_annonce a1_0
2026-01-12T21:56:06.122+01:00  INFO 59125 --- [annonceService] [nio-9094-exec-8] o.e.a.Service.AnnonceService             : Récupération réussie de 3 annonces
2026-01-12T21:56:06.147+01:00  INFO 59125 --- [annonceService] [vice-producer-1] org.apache.kafka.clients.Metadata        : [Producer clientId=annonceService-producer-1] Rebootstrapping with [localhost/127.0.0.1:9099]
2026-01-12T21:56:06.197+01:00  INFO 59125 --- [annonceService] [vice-producer-1] org.apache.kafka.clients.Metadata        : [Producer clientId=annonceService-producer-1] Rebootstrapping with [localhost/127.0.0.1:9099]
2026-01-12T21:56:06.248+01:00  INFO 59125 --- [annonceService] [vice-producer-1] org.apache.kafka.clients.Metadata        : [Producer clientId=annonceService-producer-1] Rebootstrapping with [localhost/127.0.0.1:9099]
2026-01-12T21:56:06.300+01:00  INFO 59125 --- [annonceService] [vice-producer-1] org.apache.kafka.clients.NetworkClient   : [Producer clientId=annonceService-producer-1] Node -1 disconnected.
2026-01-12T21:56:06.300+01:00  WARN 59125 --- [annonceService] [vice-producer-1] org.apache.kafka.clients.NetworkClient   : [Producer clientId=annonceService-producer-1] Connection to node -1 (localhost/127.0.0.1:9099) could not be established. Node may not be available.
2026-01-12T21:56:06.300+01:00  WARN 59125 --- [annonceService] [vice-producer-1] org.apache.kafka.clients.NetworkClient   : [Producer clientId=annonceService-producer-1] Bootstrap broker localhost:9099 (id: -1 rack: null isFenced: false) disconnected
2026-01-12T21:56:07.172+01:00  INFO 59125 --- [annonceService] [vice-producer-1] org.apache.kafka.clients.Metadata        : [Producer clientId=annonceService-producer-1] Rebootstrapping with [localhost/127.0.0.1:9099]
2026-01-12T21:56:07.248+01:00  INFO 59125 --- [annonceService] [vice-producer-1] org.apache.kafka.clients.Metadata        : [Producer clientId=annonceService-producer-1] Rebootstrapping with [localhost/127.0.0.1:9099]
2026-01-12T21:56:07.301+01:00  INFO 59125 --- [annonceService] [vice-producer-1] org.apache.kafka.clients.NetworkClient   : [Producer clientId=annonceService-producer-1] Node -1 disconnected.
2026-01-12T21:56:07.302+01:00  WARN 59125 --- [annonceService] [vice-producer-1] org.apache.kafka.clients.NetworkClient   : [Producer clientId=annonceService-producer-1] Connection to node -1 (localhost/127.0.0.1:9099) could not be established. Node may not be available.
2026-01-12T21:56:07.302+01:00  WARN 59125 --- [annonceService] [vice-producer-1] org.apache.kafka.clients.NetworkClient   : [Producer clientId=annonceService-producer-1] Bootstrap broker localhost:9099 (id: -1 rack: null isFenced: false) disconnected
2026-01-12T21:56:08.123+01:00  INFO 59125 --- [annonceService] [vice-producer-1] org.apache.kafka.clients.Metadata        : [Producer clientId=annonceService-producer-1] Rebootstrapping with [localhost/127.0.0.1:9099]
2026-01-12T21:56:08.177+01:00  INFO 59125 --- [annonceService] [vice-producer-1] org.apache.kafka.clients.NetworkClient   : [Producer clientId=annonceService-producer-1] Node -1 disconnected.
2026-01-12T21:56:08.177+01:00  WARN 59125 --- [annonceService] [vice-producer-1] org.apache.kafka.clients.NetworkClient   : [Producer clientId=annonceService-producer-1] Connection to node -1 (localhost/127.0.0.1:9099) could not be established. Node may not be available.
2026-01-12T21:56:08.177+01:00  WARN 59125 --- [annonceService] [vice-producer-1] org.apache.kafka.clients.NetworkClient   : [Producer clientId=annonceService-producer-1] Bootstrap broker localhost:9099 (id: -1 rack: null isFenced: false) disconnected
2026-01-12T21:56:08.302+01:00  INFO 59125 --- [annonceService] [vice-producer-1] org.apache.kafka.clients.Metadata        : [Producer clientId=annonceService-producer-1] Rebootstrapping with [localhost/127.0.0.1:9099]
2026-01-12T21:56:08.354+01:00  INFO 59125 --- [annonceService] [vice-producer-1] org.apache.kafka.clients.Metadata        : [Producer clientId=annonceService-producer-1] Rebootstrapping with [localhost/127.0.0.1:9099]
2026-01-12T21:56:08.405+01:00  INFO 59125 --- [annonceService] [vice-producer-1] org.apache.kafka.clients.Metadata        : [Producer clientId=annonceService-producer-1] Rebootstrapping with [localhost/127.0.0.1:9099]
2026-01-12T21:56:08.457+01:00  INFO 59125 --- [annonceService] [vice-producer-1] org.apache.kafka.clients.Metadata        : [Producer clientId=annonceService-producer-1] Rebootstrapping with [localhost/127.0.0.1:9099]
2026-01-12T21:56:08.509+01:00  INFO 59125 --- [annonceService] [vice-producer-1] org.apache.kafka.clients.Metadata        : [Producer clientId=annonceService-producer-1] Rebootstrapping with [localhost/127.0.0.1:9099]
2026-01-12T21:56:08.561+01:00  INFO 59125 --- [annonceService] [vice-producer-1] org.apache.kafka.clients.Metadata        : [Producer clientId=annonceService-producer-1] Rebootstrapping with [localhost/127.0.0.1:9099]
2026-01-12T21:56:08.614+01:00  INFO 59125 --- [annonceService] [vice-producer-1] org.apache.kafka.clients.Metadata        : [Producer clientId=annonceService-producer-1] Rebootstrapping with [localhost/127.0.0.1:9099]
2026-01-12T21:56:08.666+01:00  INFO 59125 --- [annonceService] [vice-producer-1] org.apache.kafka.clients.Metadata        : [Producer clientId=annonceService-producer-1] Rebootstrapping with [localhost/127.0.0.1:9099]
2026-01-12T21:56:08.720+01:00  INFO 59125 --- [annonceService] [vice-producer-1] org.apache.kafka.clients.Metadata        : [Producer clientId=annonceService-producer-1] Rebootstrapping with [localhost/127.0.0.1:9099]
2026-01-12T21:56:08.771+01:00  INFO 59125 --- [annonceService] [vice-producer-1] org.apache.kafka.clients.Metadata        : [Producer clientId=annonceService-producer-1] Rebootstrapping with [localhost/127.0.0.1:9099]
2026-01-12T21:56:08.823+01:00  INFO 59125 --- [annonceService] [vice-producer-1] org.apache.kafka.clients.Metadata        : [Producer clientId=annonceService-producer-1] Rebootstrapping with [localhost/127.0.0.1:9099]
2026-01-12T21:56:08.875+01:00  INFO 59125 --- [annonceService] [vice-producer-1] org.apache.kafka.clients.Metadata        : [Producer clientId=annonceService-producer-1] Rebootstrapping with [localhost/127.0.0.1:9099]
2026-01-12T21:56:08.927+01:00  INFO 59125 --- [annonceService] [vice-producer-1] org.apache.kafka.clients.Metadata        : [Producer clientId=annonceService-producer-1] Rebootstrapping with [localhost/127.0.0.1:9099]
2026-01-12T21:56:08.981+01:00  INFO 59125 --- [annonceService] [vice-producer-1] org.apache.kafka.clients.Metadata        : [Producer clientId=annonceService-producer-1] Rebootstrapping with [localhost/127.0.0.1:9099]
2026-01-12T21:56:09.033+01:00  INFO 59125 --- [annonceService] [vice-producer-1] org.apache.kafka.clients.Metadata        : [Producer clientId=annonceService-producer-1] Rebootstrapping with [localhost/127.0.0.1:9099]
2026-01-12T21:56:09.086+01:00  INFO 59125 --- [annonceService] [vice-producer-1] org.apache.kafka.clients.NetworkClient   : [Producer clientId=annonceService-producer-1] Node -1 disconnected.
2026-01-12T21:56:09.086+01:00  WARN 59125 --- [annonceService] [vice-producer-1] org.apache.kafka.clients.NetworkClient   : [Producer clientId=annonceService-producer-1] Connection to node -1 (localhost/127.0.0.1:9099) could not be established. Node may not be available.
2026-01-12T21:56:09.087+01:00  WARN 59125 --- [annonceService] [vice-producer-1] org.apache.kafka.clients.NetworkClient   : [Producer clientId=annonceService-producer-1] Bootstrap broker localhost:9099 (id: -1 rack: null isFenced: false) disconnected
2026-01-12T21:56:09.453+01:00  INFO 59125 --- [annonceService] [io-9094-exec-10] o.e.a.Controller.AnnonceController       : Requête GET /api/annonces - liste des annonces par hospital 1
2026-01-12T21:56:09.453+01:00  INFO 59125 --- [annonceService] [io-9094-exec-10] o.e.a.Service.AnnonceService             : Récupération de toutes les annonces pour l'hospital 1
Hibernate: select a1_0.id,a1_0.blood_type,a1_0.deadline,a1_0.description,a1_0.hospital_id,a1_0.location_id,a1_0.quantity,a1_0.request_date,a1_0.status,a1_0.urgent_level,a1_0.user_id from post_annonce a1_0 where a1_0.hospital_id=?
2026-01-12T21:56:09.458+01:00  INFO 59125 --- [annonceService] [io-9094-exec-10] o.e.a.Service.AnnonceService             : Récupération réussie de 3 annonces
2026-01-12T21:56:10.005+01:00  INFO 59125 --- [annonceService] [vice-producer-1] org.apache.kafka.clients.Metadata        : [Producer clientId=annonceService-producer-1] Rebootstrapping with [localhost/127.0.0.1:9099]
2026-01-12T21:56:10.056+01:00  INFO 59125 --- [annonceService] [vice-producer-1] org.apache.kafka.clients.Metadata        : [Producer clientId=annonceService-producer-1] Rebootstrapping with [localhost/127.0.0.1:9099]
2026-01-12T21:56:10.109+01:00  INFO 59125 --- [annonceService] [vice-producer-1] org.apache.kafka.clients.NetworkClient   : [Producer clientId=annonceService-producer-1] Node -1 disconnected.
2026-01-12T21:56:10.110+01:00  WARN 59125 --- [annonceService] [vice-producer-1] org.apache.kafka.clients.NetworkClient   : [Producer clientId=annonceService-producer-1] Connection to node -1 (localhost/127.0.0.1:9099) could not be established. Node may not be available.
2026-01-12T21:56:10.110+01:00  WARN 59125 --- [annonceService] [vice-producer-1] org.apache.kafka.clients.NetworkClient   : [Producer clientId=annonceService-producer-1] Bootstrap broker localhost:9099 (id: -1 rack: null isFenced: false) disconnected
2026-01-12T21:56:11.081+01:00  INFO 59125 --- [annonceService] [vice-producer-1] org.apache.kafka.clients.Metadata        : [Producer clientId=annonceService-producer-1] Rebootstrapping with [localhost/127.0.0.1:9099]
2026-01-12T21:56:11.134+01:00  INFO 59125 --- [annonceService] [vice-producer-1] org.apache.kafka.clients.NetworkClient   : [Producer clientId=annonceService-producer-1] Node -1 disconnected.
2026-01-12T21:56:11.135+01:00  WARN 59125 --- [annonceService] [vice-producer-1] org.apache.kafka.clients.NetworkClient   : [Producer clientId=annonceService-producer-1] Connection to node -1 (localhost/127.0.0.1:9099) could not be established. Node may not be available.
2026-01-12T21:56:11.135+01:00  WARN 59125 --- [annonceService] [vice-producer-1] org.apache.kafka.clients.NetworkClient   : [Producer clientId=annonceService-producer-1] Bootstrap broker localhost:9099 (id: -1 rack: null isFenced: false) disconnected
2026-01-12T21:56:12.096+01:00  INFO 59125 --- [annonceService] [vice-producer-1] org.apache.kafka.clients.NetworkClient   : [Producer clientId=annonceService-producer-1] Node -1 disconnected.
2026-01-12T21:56:12.097+01:00  WARN 59125 --- [annonceService] [vice-producer-1] org.apache.kafka.clients.NetworkClient   : [Producer clientId=annonceService-producer-1] Connection to node -1 (localhost/127.0.0.1:9099) could not be established. Node may not be available.
2026-01-12T21:56:12.097+01:00  WARN 59125 --- [annonceService] [vice-producer-1] org.apache.kafka.clients.NetworkClient   : [Producer clientId=annonceService-producer-1] Bootstrap broker localhost:9099 (id: -1 rack: null isFenced: false) disconnected
2026-01-12T21:56:13.023+01:00  INFO 59125 --- [annonceService] [vice-producer-1] org.apache.kafka.clients.NetworkClient   : [Producer clientId=annonceService-producer-1] Node -1 disconnected.
2026-01-12T21:56:13.024+01:00  WARN 59125 --- [annonceService] [vice-producer-1] org.apache.kafka.clients.NetworkClient   : [Producer clientId=annonceService-producer-1] Connection to node -1 (localhost/127.0.0.1:9099) could not be established. Node may not be available.
2026-01-12T21:56:13.024+01:00  WARN 59125 --- [annonceService] [vice-producer-1] org.apache.kafka.clients.NetworkClient   : [Producer clientId=annonceService-producer-1] Bootstrap broker localhost:9099 (id: -1 rack: null isFenced: false) disconnected
2026-01-12T21:56:13.899+01:00  INFO 59125 --- [annonceService] [vice-producer-1] org.apache.kafka.clients.NetworkClient   : [Producer clientId=annonceService-producer-1] Node -1 disconnected.
2026-01-12T21:56:13.900+01:00  WARN 59125 --- [annonceService] [vice-producer-1] org.apache.kafka.clients.NetworkClient   : [Producer clientId=annonceService-producer-1] Connection to node -1 (localhost/127.0.0.1:9099) could not be established. Node may not be available.
2026-01-12T21:56:13.900+01:00  WARN 59125 --- [annonceService] [vice-producer-1] org.apache.kafka.clients.NetworkClient   : [Producer clientId=annonceService-producer-1] Bootstrap broker localhost:9099 (id: -1 rack: null isFenced: false) disconnected
2026-01-12T21:56:14.025+01:00  INFO 59125 --- [annonceService] [vice-producer-1] org.apache.kafka.clients.Metadata        : [Producer clientId=annonceService-producer-1] Rebootstrapping with [localhost/127.0.0.1:9099]
2026-01-12T21:56:14.077+01:00  INFO 59125 --- [annonceService] [vice-producer-1] org.apache.kafka.clients.Metadata        : [Producer clientId=annonceService-producer-1] Rebootstrapping with [localhost/127.0.0.1:9099]
2026-01-12T21:56:14.130+01:00  INFO 59125 --- [annonceService] [vice-producer-1] org.apache.kafka.clients.Metadata        : [Producer clientId=annonceService-producer-1] Rebootstrapping with [localhost/127.0.0.1:9099]
2026-01-12T21:56:14.181+01:00  INFO 59125 --- [annonceService] [vice-producer-1] org.apache.kafka.clients.Metadata        : [Producer clientId=annonceService-producer-1] Rebootstrapping with [localhost/127.0.0.1:9099]
2026-01-12T21:56:14.232+01:00  INFO 59125 --- [annonceService] [vice-producer-1] org.apache.kafka.clients.Metadata        : [Producer clientId=annonceService-producer-1] Rebootstrapping with [localhost/127.0.0.1:9099]
2026-01-12T21:56:14.283+01:00  INFO 59125 --- [annonceService] [vice-producer-1] org.apache.kafka.clients.Metadata        : [Producer clientId=annonceService-producer-1] Rebootstrapping with [localhost/127.0.0.1:9099]
2026-01-12T21:56:14.335+01:00  INFO 59125 --- [annonceService] [vice-producer-1] org.apache.kafka.clients.Metadata        : [Producer clientId=annonceService-producer-1] Rebootstrapping with [localhost/127.0.0.1:9099]
2026-01-12T21:56:14.387+01:00  INFO 59125 --- [annonceService] [vice-producer-1] org.apache.kafka.clients.Metadata        : [Producer clientId=annonceService-producer-1] Rebootstrapping with [localhost/127.0.0.1:9099]
2026-01-12T21:56:14.430+01:00  INFO 59125 --- [annonceService] [nio-9094-exec-1] o.e.a.Controller.AnnonceController       : Requête GET /api/annonces - liste des annonces
2026-01-12T21:56:14.430+01:00  INFO 59125 --- [annonceService] [nio-9094-exec-1] o.e.a.Service.AnnonceService             : Récupération de toutes les annonces
Hibernate: select a1_0.id,a1_0.blood_type,a1_0.deadline,a1_0.description,a1_0.hospital_id,a1_0.location_id,a1_0.quantity,a1_0.request_date,a1_0.status,a1_0.urgent_level,a1_0.user_id from post_annonce a1_0
2026-01-12T21:56:14.438+01:00  INFO 59125 --- [annonceService] [vice-producer-1] org.apache.kafka.clients.Metadata        : [Producer clientId=annonceService-producer-1] Rebootstrapping with [localhost/127.0.0.1:9099]
2026-01-12T21:56:14.438+01:00  INFO 59125 --- [annonceService] [nio-9094-exec-1] o.e.a.Service.AnnonceService             : Récupération réussie de 3 annonces
2026-01-12T21:56:14.489+01:00  INFO 59125 --- [annonceService] [vice-producer-1] org.apache.kafka.clients.Metadata        : [Producer clientId=annonceService-producer-1] Rebootstrapping with [localhost/127.0.0.1:9099]
2026-01-12T21:56:14.540+01:00  INFO 59125 --- [annonceService] [vice-producer-1] org.apache.kafka.clients.Metadata        : [Producer clientId=annonceService-producer-1] Rebootstrapping with [localhost/127.0.0.1:9099]
2026-01-12T21:56:14.591+01:00  INFO 59125 --- [annonceService] [vice-producer-1] org.apache.kafka.clients.Metadata        : [Producer clientId=annonceService-producer-1] Rebootstrapping with [localhost/127.0.0.1:9099]
2026-01-12T21:56:14.642+01:00  INFO 59125 --- [annonceService] [vice-producer-1] org.apache.kafka.clients.Metadata        : [Producer clientId=annonceService-producer-1] Rebootstrapping with [localhost/127.0.0.1:9099]
2026-01-12T21:56:14.693+01:00  INFO 59125 --- [annonceService] [vice-producer-1] org.apache.kafka.clients.Metadata        : [Producer clientId=annonceService-producer-1] Rebootstrapping with [localhost/127.0.0.1:9099]
2026-01-12T21:56:14.744+01:00  INFO 59125 --- [annonceService] [vice-producer-1] org.apache.kafka.clients.Metadata        : [Producer clientId=annonceService-producer-1] Rebootstrapping with [localhost/127.0.0.1:9099]
2026-01-12T21:56:14.796+01:00  INFO 59125 --- [annonceService] [vice-producer-1] org.apache.kafka.clients.Metadata        : [Producer clientId=annonceService-producer-1] Rebootstrapping with [localhost/127.0.0.1:9099]
2026-01-12T21:56:14.847+01:00  INFO 59125 --- [annonceService] [vice-producer-1] org.apache.kafka.clients.Metadata        : [Producer clientId=annonceService-producer-1] Rebootstrapping with [localhost/127.0.0.1:9099]
2026-01-12T21:56:14.898+01:00  INFO 59125 --- [annonceService] [vice-producer-1] org.apache.kafka.clients.Metadata        : [Producer clientId=annonceService-producer-1] Rebootstrapping with [localhost/127.0.0.1:9099]
2026-01-12T21:56:14.950+01:00  INFO 59125 --- [annonceService] [vice-producer-1] org.apache.kafka.clients.NetworkClient   : [Producer clientId=annonceService-producer-1] Node -1 disconnected.
2026-01-12T21:56:14.950+01:00  WARN 59125 --- [annonceService] [vice-producer-1] org.apache.kafka.clients.NetworkClient   : [Producer clientId=annonceService-producer-1] Connection to node -1 (localhost/127.0.0.1:9099) could not be established. Node may not be available.
2026-01-12T21:56:14.951+01:00  WARN 59125 --- [annonceService] [vice-producer-1] org.apache.kafka.clients.NetworkClient   : [Producer clientId=annonceService-producer-1] Bootstrap broker localhost:9099 (id: -1 rack: null isFenced: false) disconnected
2026-01-12T21:56:15.902+01:00  INFO 59125 --- [annonceService] [vice-producer-1] org.apache.kafka.clients.Metadata        : [Producer clientId=annonceService-producer-1] Rebootstrapping with [localhost/127.0.0.1:9099]
2026-01-12T21:56:15.957+01:00  INFO 59125 --- [annonceService] [vice-producer-1] org.apache.kafka.clients.NetworkClient   : [Producer clientId=annonceService-producer-1] Node -1 disconnected.
2026-01-12T21:56:15.957+01:00  WARN 59125 --- [annonceService] [vice-producer-1] org.apache.kafka.clients.NetworkClient   : [Producer clientId=annonceService-producer-1] Connection to node -1 (localhost/127.0.0.1:9099) could not be established. Node may not be available.
2026-01-12T21:56:15.957+01:00  WARN 59125 --- [annonceService] [vice-producer-1] org.apache.kafka.clients.NetworkClient   : [Producer clientId=annonceService-producer-1] Bootstrap broker localhost:9099 (id: -1 rack: null isFenced: false) disconnected
2026-01-12T21:56:16.589+01:00  INFO 59125 --- [annonceService] [nio-9094-exec-9] o.e.a.Controller.AnnonceController       : Requête GET /api/annonces - liste des annonces
2026-01-12T21:56:16.589+01:00  INFO 59125 --- [annonceService] [nio-9094-exec-9] o.e.a.Service.AnnonceService             : Récupération de toutes les annonces
Hibernate: select a1_0.id,a1_0.blood_type,a1_0.deadline,a1_0.description,a1_0.hospital_id,a1_0.location_id,a1_0.quantity,a1_0.request_date,a1_0.status,a1_0.urgent_level,a1_0.user_id from post_annonce a1_0
2026-01-12T21:56:16.602+01:00  INFO 59125 --- [annonceService] [nio-9094-exec-9] o.e.a.Service.AnnonceService             : Récupération réussie de 3 annonces
2026-01-12T21:56:16.874+01:00  INFO 59125 --- [annonceService] [vice-producer-1] org.apache.kafka.clients.NetworkClient   : [Producer clientId=annonceService-producer-1] Node -1 disconnected.
2026-01-12T21:56:16.874+01:00  WARN 59125 --- [annonceService] [vice-producer-1] org.apache.kafka.clients.NetworkClient   : [Producer clientId=annonceService-producer-1] Connection to node -1 (localhost/127.0.0.1:9099) could not be established. Node may not be available.
2026-01-12T21:56:16.874+01:00  WARN 59125 --- [annonceService] [vice-producer-1] org.apache.kafka.clients.NetworkClient   : [Producer clientId=annonceService-producer-1] Bootstrap broker localhost:9099 (id: -1 rack: null isFenced: false) disconnected
2026-01-12T21:56:16.977+01:00  INFO 59125 --- [annonceService] [vice-producer-1] org.apache.kafka.clients.Metadata        : [Producer clientId=annonceService-producer-1] Rebootstrapping with [localhost/127.0.0.1:9099]
2026-01-12T21:56:17.028+01:00  INFO 59125 --- [annonceService] [vice-producer-1] org.apache.kafka.clients.Metadata        : [Producer clientId=annonceService-producer-1] Rebootstrapping with [localhost/127.0.0.1:9099]
2026-01-12T21:56:17.080+01:00  INFO 59125 --- [annonceService] [vice-producer-1] org.apache.kafka.clients.Metadata        : [Producer clientId=annonceService-producer-1] Rebootstrapping with [localhost/127.0.0.1:9099]
2026-01-12T21:56:17.131+01:00  INFO 59125 --- [annonceService] [vice-producer-1] org.apache.kafka.clients.Metadata        : [Producer clientId=annonceService-producer-1] Rebootstrapping with [localhost/127.0.0.1:9099]
2026-01-12T21:56:17.182+01:00  INFO 59125 --- [annonceService] [vice-producer-1] org.apache.kafka.clients.Metadata        : [Producer clientId=annonceService-producer-1] Rebootstrapping with [localhost/127.0.0.1:9099]
2026-01-12T21:56:17.234+01:00  INFO 59125 --- [annonceService] [vice-producer-1] org.apache.kafka.clients.Metadata        : [Producer clientId=annonceService-producer-1] Rebootstrapping with [localhost/127.0.0.1:9099]
2026-01-12T21:56:17.285+01:00  INFO 59125 --- [annonceService] [vice-producer-1] org.apache.kafka.clients.Metadata        : [Producer clientId=annonceService-producer-1] Rebootstrapping with [localhost/127.0.0.1:9099]
2026-01-12T21:56:17.337+01:00  INFO 59125 --- [annonceService] [vice-producer-1] org.apache.kafka.clients.Metadata        : [Producer clientId=annonceService-producer-1] Rebootstrapping with [localhost/127.0.0.1:9099]
2026-01-12T21:56:17.389+01:00  INFO 59125 --- [annonceService] [vice-producer-1] org.apache.kafka.clients.Metadata        : [Producer clientId=annonceService-producer-1] Rebootstrapping with [localhost/127.0.0.1:9099]
2026-01-12T21:56:17.439+01:00  INFO 59125 --- [annonceService] [vice-producer-1] org.apache.kafka.clients.Metadata        : [Producer clientId=annonceService-producer-1] Rebootstrapping with [localhost/127.0.0.1:9099]
2026-01-12T21:56:17.492+01:00  INFO 59125 --- [annonceService] [vice-producer-1] org.apache.kafka.clients.Metadata        : [Producer clientId=annonceService-producer-1] Rebootstrapping with [localhost/127.0.0.1:9099]
2026-01-12T21:56:17.544+01:00  INFO 59125 --- [annonceService] [vice-producer-1] org.apache.kafka.clients.Metadata        : [Producer clientId=annonceService-producer-1] Rebootstrapping with [localhost/127.0.0.1:9099]
2026-01-12T21:56:17.596+01:00  INFO 59125 --- [annonceService] [vice-producer-1] org.apache.kafka.clients.Metadata        : [Producer clientId=annonceService-producer-1] Rebootstrapping with [localhost/127.0.0.1:9099]
2026-01-12T21:56:17.646+01:00  INFO 59125 --- [annonceService] [vice-producer-1] org.apache.kafka.clients.Metadata        : [Producer clientId=annonceService-producer-1] Rebootstrapping with [localhost/127.0.0.1:9099]
2026-01-12T21:56:17.698+01:00  INFO 59125 --- [annonceService] [vice-producer-1] org.apache.kafka.clients.Metadata        : [Producer clientId=annonceService-producer-1] Rebootstrapping with [localhost/127.0.0.1:9099]
2026-01-12T21:56:17.752+01:00  INFO 59125 --- [annonceService] [vice-producer-1] org.apache.kafka.clients.Metadata        : [Producer clientId=annonceService-producer-1] Rebootstrapping with [localhost/127.0.0.1:9099]
2026-01-12T21:56:17.803+01:00  INFO 59125 --- [annonceService] [vice-producer-1] org.apache.kafka.clients.Metadata        : [Producer clientId=annonceService-producer-1] Rebootstrapping with [localhost/127.0.0.1:9099]
2026-01-12T21:56:17.854+01:00  INFO 59125 --- [annonceService] [vice-producer-1] org.apache.kafka.clients.Metadata        : [Producer clientId=annonceService-producer-1] Rebootstrapping with [localhost/127.0.0.1:9099]
2026-01-12T21:56:17.906+01:00  INFO 59125 --- [annonceService] [vice-producer-1] org.apache.kafka.clients.NetworkClient   : [Producer clientId=annonceService-producer-1] Node -1 disconnected.
2026-01-12T21:56:17.909+01:00  WARN 59125 --- [annonceService] [vice-producer-1] org.apache.kafka.clients.NetworkClient   : [Producer clientId=annonceService-producer-1] Connection to node -1 (localhost/127.0.0.1:9099) could not be established. Node may not be available.
2026-01-12T21:56:17.910+01:00  WARN 59125 --- [annonceService] [vice-producer-1] org.apache.kafka.clients.NetworkClient   : [Producer clientId=annonceService-producer-1] Bootstrap broker localhost:9099 (id: -1 rack: null isFenced: false) disconnected
2026-01-12T21:56:18.733+01:00  INFO 59125 --- [annonceService] [vice-producer-1] org.apache.kafka.clients.Metadata        : [Producer clientId=annonceService-producer-1] Rebootstrapping with [localhost/127.0.0.1:9099]
2026-01-12T21:56:18.910+01:00  INFO 59125 --- [annonceService] [vice-producer-1] org.apache.kafka.clients.NetworkClient   : [Producer clientId=annonceService-producer-1] Node -1 disconnected.
2026-01-12T21:56:18.910+01:00  WARN 59125 --- [annonceService] [vice-producer-1] org.apache.kafka.clients.NetworkClient   : [Producer clientId=annonceService-producer-1] Connection to node -1 (localhost/127.0.0.1:9099) could not be established. Node may not be available.
2026-01-12T21:56:18.910+01:00  WARN 59125 --- [annonceService] [vice-producer-1] org.apache.kafka.clients.NetworkClient   : [Producer clientId=annonceService-producer-1] Bootstrap broker localhost:9099 (id: -1 rack: null isFenced: false) disconnected
2026-01-12T21:56:19.780+01:00  INFO 59125 --- [annonceService] [vice-producer-1] org.apache.kafka.clients.Metadata        : [Producer clientId=annonceService-producer-1] Rebootstrapping with [localhost/127.0.0.1:9099]
2026-01-12T21:56:19.833+01:00  INFO 59125 --- [annonceService] [vice-producer-1] org.apache.kafka.clients.NetworkClient   : [Producer clientId=annonceService-producer-1] Node -1 disconnected.
2026-01-12T21:56:19.835+01:00  WARN 59125 --- [annonceService] [vice-producer-1] org.apache.kafka.clients.NetworkClient   : [Producer clientId=annonceService-producer-1] Connection to node -1 (localhost/127.0.0.1:9099) could not be established. Node may not be available.
2026-01-12T21:56:19.835+01:00  WARN 59125 --- [annonceService] [vice-producer-1] org.apache.kafka.clients.NetworkClient   : [Producer clientId=annonceService-producer-1] Bootstrap broker localhost:9099 (id: -1 rack: null isFenced: false) disconnected
2026-01-12T21:56:19.940+01:00  INFO 59125 --- [annonceService] [vice-producer-1] org.apache.kafka.clients.Metadata        : [Producer clientId=annonceService-producer-1] Rebootstrapping with [localhost/127.0.0.1:9099]
2026-01-12T21:56:19.992+01:00  INFO 59125 --- [annonceService] [vice-producer-1] org.apache.kafka.clients.Metadata        : [Producer clientId=annonceService-producer-1] Rebootstrapping with [localhost/127.0.0.1:9099]
2026-01-12T21:56:20.047+01:00  INFO 59125 --- [annonceService] [vice-producer-1] org.apache.kafka.clients.Metadata        : [Producer clientId=annonceService-producer-1] Rebootstrapping with [localhost/127.0.0.1:9099]
2026-01-12T21:56:20.098+01:00  INFO 59125 --- [annonceService] [vice-producer-1] org.apache.kafka.clients.Metadata        : [Producer clientId=annonceService-producer-1] Rebootstrapping with [localhost/127.0.0.1:9099]
2026-01-12T21:56:20.149+01:00  INFO 59125 --- [annonceService] [vice-producer-1] org.apache.kafka.clients.Metadata        : [Producer clientId=annonceService-producer-1] Rebootstrapping with [localhost/127.0.0.1:9099]
2026-01-12T21:56:20.200+01:00  INFO 59125 --- [annonceService] [vice-producer-1] org.apache.kafka.clients.Metadata        : [Producer clientId=annonceService-producer-1] Rebootstrapping with [localhost/127.0.0.1:9099]
2026-01-12T21:56:20.252+01:00  INFO 59125 --- [annonceService] [vice-producer-1] org.apache.kafka.clients.Metadata        : [Producer clientId=annonceService-producer-1] Rebootstrapping with [localhost/127.0.0.1:9099]
2026-01-12T21:56:20.303+01:00  INFO 59125 --- [annonceService] [vice-producer-1] org.apache.kafka.clients.Metadata        : [Producer clientId=annonceService-producer-1] Rebootstrapping with [localhost/127.0.0.1:9099]
2026-01-12T21:56:20.355+01:00  INFO 59125 --- [annonceService] [vice-producer-1] org.apache.kafka.clients.Metadata        : [Producer clientId=annonceService-producer-1] Rebootstrapping with [localhost/127.0.0.1:9099]
2026-01-12T21:56:20.407+01:00  INFO 59125 --- [annonceService] [vice-producer-1] org.apache.kafka.clients.Metadata        : [Producer clientId=annonceService-producer-1] Rebootstrapping with [localhost/127.0.0.1:9099]
2026-01-12T21:56:20.458+01:00  INFO 59125 --- [annonceService] [vice-producer-1] org.apache.kafka.clients.Metadata        : [Producer clientId=annonceService-producer-1] Rebootstrapping with [localhost/127.0.0.1:9099]
2026-01-12T21:56:20.509+01:00  INFO 59125 --- [annonceService] [vice-producer-1] org.apache.kafka.clients.Metadata        : [Producer clientId=annonceService-producer-1] Rebootstrapping with [localhost/127.0.0.1:9099]
2026-01-12T21:56:20.560+01:00  INFO 59125 --- [annonceService] [vice-producer-1] org.apache.kafka.clients.Metadata        : [Producer clientId=annonceService-producer-1] Rebootstrapping with [localhost/127.0.0.1:9099]
2026-01-12T21:56:20.612+01:00  INFO 59125 --- [annonceService] [vice-producer-1] org.apache.kafka.clients.Metadata        : [Producer clientId=annonceService-producer-1] Rebootstrapping with [localhost/127.0.0.1:9099]
2026-01-12T21:56:20.663+01:00  INFO 59125 --- [annonceService] [vice-producer-1] org.apache.kafka.clients.Metadata        : [Producer clientId=annonceService-producer-1] Rebootstrapping with [localhost/127.0.0.1:9099]
2026-01-12T21:56:20.715+01:00  INFO 59125 --- [annonceService] [vice-producer-1] org.apache.kafka.clients.Metadata        : [Producer clientId=annonceService-producer-1] Rebootstrapping with [localhost/127.0.0.1:9099]
2026-01-12T21:56:20.768+01:00  INFO 59125 --- [annonceService] [vice-producer-1] org.apache.kafka.clients.NetworkClient   : [Producer clientId=annonceService-producer-1] Node -1 disconnected.
2026-01-12T21:56:20.768+01:00  WARN 59125 --- [annonceService] [vice-producer-1] org.apache.kafka.clients.NetworkClient   : [Producer clientId=annonceService-producer-1] Connection to node -1 (localhost/127.0.0.1:9099) could not be established. Node may not be available.
2026-01-12T21:56:20.768+01:00  WARN 59125 --- [annonceService] [vice-producer-1] org.apache.kafka.clients.NetworkClient   : [Producer clientId=annonceService-producer-1] Bootstrap broker localhost:9099 (id: -1 rack: null isFenced: false) disconnected
2026-01-12T21:56:21.746+01:00  INFO 59125 --- [annonceService] [vice-producer-1] org.apache.kafka.clients.NetworkClient   : [Producer clientId=annonceService-producer-1] Node -1 disconnected.
2026-01-12T21:56:21.747+01:00  WARN 59125 --- [annonceService] [vice-producer-1] org.apache.kafka.clients.NetworkClient   : [Producer clientId=annonceService-producer-1] Connection to node -1 (localhost/127.0.0.1:9099) could not be established. Node may not be available.
2026-01-12T21:56:21.747+01:00  WARN 59125 --- [annonceService] [vice-producer-1] org.apache.kafka.clients.NetworkClient   : [Producer clientId=annonceService-producer-1] Bootstrap broker localhost:9099 (id: -1 rack: null isFenced: false) disconnected
2026-01-12T21:56:22.748+01:00  INFO 59125 --- [annonceService] [vice-producer-1] org.apache.kafka.clients.NetworkClient   : [Producer clientId=annonceService-producer-1] Node -1 disconnected.
2026-01-12T21:56:22.749+01:00  WARN 59125 --- [annonceService] [vice-producer-1] org.apache.kafka.clients.NetworkClient   : [Producer clientId=annonceService-producer-1] Connection to node -1 (localhost/127.0.0.1:9099) could not be established. Node may not be available.
2026-01-12T21:56:22.750+01:00  WARN 59125 --- [annonceService] [vice-producer-1] org.apache.kafka.clients.NetworkClient   : [Producer clientId=annonceService-producer-1] Bootstrap broker localhost:9099 (id: -1 rack: null isFenced: false) disconnected
2026-01-12T21:56:23.686+01:00  INFO 59125 --- [annonceService] [vice-producer-1] org.apache.kafka.clients.Metadata        : [Producer clientId=annonceService-producer-1] Rebootstrapping with [localhost/127.0.0.1:9099]
2026-01-12T21:56:23.737+01:00  INFO 59125 --- [annonceService] [vice-producer-1] org.apache.kafka.clients.Metadata        : [Producer clientId=annonceService-producer-1] Rebootstrapping with [localhost/127.0.0.1:9099]
2026-01-12T21:56:23.790+01:00  INFO 59125 --- [annonceService] [vice-producer-1] org.apache.kafka.clients.NetworkClient   : [Producer clientId=annonceService-producer-1] Node -1 disconnected.
2026-01-12T21:56:23.790+01:00  WARN 59125 --- [annonceService] [vice-producer-1] org.apache.kafka.clients.NetworkClient   : [Producer clientId=annonceService-producer-1] Connection to node -1 (localhost/127.0.0.1:9099) could not be established. Node may not be available.
2026-01-12T21:56:23.790+01:00  WARN 59125 --- [annonceService] [vice-producer-1] org.apache.kafka.clients.NetworkClient   : [Producer clientId=annonceService-producer-1] Bootstrap broker localhost:9099 (id: -1 rack: null isFenced: false) disconnected
2026-01-12T21:56:24.663+01:00  INFO 59125 --- [annonceService] [vice-producer-1] org.apache.kafka.clients.Metadata        : [Producer clientId=annonceService-producer-1] Rebootstrapping with [localhost/127.0.0.1:9099]
2026-01-12T21:56:24.715+01:00  INFO 59125 --- [annonceService] [vice-producer-1] org.apache.kafka.clients.Metadata        : [Producer clientId=annonceService-producer-1] Rebootstrapping with [localhost/127.0.0.1:9099]
2026-01-12T21:56:24.792+01:00  INFO 59125 --- [annonceService] [vice-producer-1] org.apache.kafka.clients.NetworkClient   : [Producer clientId=annonceService-producer-1] Node -1 disconnected.
2026-01-12T21:56:24.793+01:00  WARN 59125 --- [annonceService] [vice-producer-1] org.apache.kafka.clients.NetworkClient   : [Producer clientId=annonceService-producer-1] Connection to node -1 (localhost/127.0.0.1:9099) could not be established. Node may not be available.
2026-01-12T21:56:24.793+01:00  WARN 59125 --- [annonceService] [vice-producer-1] org.apache.kafka.clients.NetworkClient   : [Producer clientId=annonceService-producer-1] Bootstrap broker localhost:9099 (id: -1 rack: null isFenced: false) disconnected
2026-01-12T21:56:25.722+01:00  INFO 59125 --- [annonceService] [vice-producer-1] org.apache.kafka.clients.Metadata        : [Producer clientId=annonceService-producer-1] Rebootstrapping with [localhost/127.0.0.1:9099]
2026-01-12T21:56:25.775+01:00  INFO 59125 --- [annonceService] [vice-producer-1] org.apache.kafka.clients.NetworkClient   : [Producer clientId=annonceService-producer-1] Node -1 disconnected.
2026-01-12T21:56:25.775+01:00  WARN 59125 --- [annonceService] [vice-producer-1] org.apache.kafka.clients.NetworkClient   : [Producer clientId=annonceService-producer-1] Connection to node -1 (localhost/127.0.0.1:9099) could not be established. Node may not be available.
2026-01-12T21:56:25.775+01:00  WARN 59125 --- [annonceService] [vice-producer-1] org.apache.kafka.clients.NetworkClient   : [Producer clientId=annonceService-producer-1] Bootstrap broker localhost:9099 (id: -1 rack: null isFenced: false) disconnected
2026-01-12T21:56:25.881+01:00  INFO 59125 --- [annonceService] [vice-producer-1] org.apache.kafka.clients.Metadata        : [Producer clientId=annonceService-producer-1] Rebootstrapping with [localhost/127.0.0.1:9099]
2026-01-12T21:56:25.937+01:00  INFO 59125 --- [annonceService] [vice-producer-1] org.apache.kafka.clients.Metadata        : [Producer clientId=annonceService-producer-1] Rebootstrapping with [localhost/127.0.0.1:9099]
2026-01-12T21:56:25.988+01:00  INFO 59125 --- [annonceService] [vice-producer-1] org.apache.kafka.clients.Metadata        : [Producer clientId=annonceService-producer-1] Rebootstrapping with [localhost/127.0.0.1:9099]
2026-01-12T21:56:26.039+01:00  INFO 59125 --- [annonceService] [vice-producer-1] org.apache.kafka.clients.Metadata        : [Producer clientId=annonceService-producer-1] Rebootstrapping with [localhost/127.0.0.1:9099]
2026-01-12T21:56:26.090+01:00  INFO 59125 --- [annonceService] [vice-producer-1] org.apache.kafka.clients.Metadata        : [Producer clientId=annonceService-producer-1] Rebootstrapping with [localhost/127.0.0.1:9099]
2026-01-12T21:56:26.142+01:00  INFO 59125 --- [annonceService] [vice-producer-1] org.apache.kafka.clients.Metadata        : [Producer clientId=annonceService-producer-1] Rebootstrapping with [localhost/127.0.0.1:9099]
2026-01-12T21:56:26.194+01:00  INFO 59125 --- [annonceService] [vice-producer-1] org.apache.kafka.clients.Metadata        : [Producer clientId=annonceService-producer-1] Rebootstrapping with [localhost/127.0.0.1:9099]
2026-01-12T21:56:26.245+01:00  INFO 59125 --- [annonceService] [vice-producer-1] org.apache.kafka.clients.Metadata        : [Producer clientId=annonceService-producer-1] Rebootstrapping with [localhost/127.0.0.1:9099]
2026-01-12T21:56:26.297+01:00  INFO 59125 --- [annonceService] [vice-producer-1] org.apache.kafka.clients.Metadata        : [Producer clientId=annonceService-producer-1] Rebootstrapping with [localhost/127.0.0.1:9099]
2026-01-12T21:56:26.348+01:00  INFO 59125 --- [annonceService] [vice-producer-1] org.apache.kafka.clients.Metadata        : [Producer clientId=annonceService-producer-1] Rebootstrapping with [localhost/127.0.0.1:9099]
2026-01-12T21:56:26.400+01:00  INFO 59125 --- [annonceService] [vice-producer-1] org.apache.kafka.clients.Metadata        : [Producer clientId=annonceService-producer-1] Rebootstrapping with [localhost/127.0.0.1:9099]
2026-01-12T21:56:26.452+01:00  INFO 59125 --- [annonceService] [vice-producer-1] org.apache.kafka.clients.Metadata        : [Producer clientId=annonceService-producer-1] Rebootstrapping with [localhost/127.0.0.1:9099]
2026-01-12T21:56:26.508+01:00  INFO 59125 --- [annonceService] [vice-producer-1] org.apache.kafka.clients.Metadata        : [Producer clientId=annonceService-producer-1] Rebootstrapping with [localhost/127.0.0.1:9099]
2026-01-12T21:56:26.560+01:00  INFO 59125 --- [annonceService] [vice-producer-1] org.apache.kafka.clients.Metadata        : [Producer clientId=annonceService-producer-1] Rebootstrapping with [localhost/127.0.0.1:9099]
2026-01-12T21:56:26.611+01:00  INFO 59125 --- [annonceService] [vice-producer-1] org.apache.kafka.clients.Metadata        : [Producer clientId=annonceService-producer-1] Rebootstrapping with [localhost/127.0.0.1:9099]
2026-01-12T21:56:26.662+01:00  INFO 59125 --- [annonceService] [vice-producer-1] org.apache.kafka.clients.Metadata        : [Producer clientId=annonceService-producer-1] Rebootstrapping with [localhost/127.0.0.1:9099]
2026-01-12T21:56:26.714+01:00  INFO 59125 --- [annonceService] [vice-producer-1] org.apache.kafka.clients.Metadata        : [Producer clientId=annonceService-producer-1] Rebootstrapping with [localhost/127.0.0.1:9099]
2026-01-12T21:56:26.766+01:00  INFO 59125 --- [annonceService] [vice-producer-1] org.apache.kafka.clients.NetworkClient   : [Producer clientId=annonceService-producer-1] Node -1 disconnected.
2026-01-12T21:56:26.766+01:00  WARN 59125 --- [annonceService] [vice-producer-1] org.apache.kafka.clients.NetworkClient   : [Producer clientId=annonceService-producer-1] Connection to node -1 (localhost/127.0.0.1:9099) could not be established. Node may not be available.
2026-01-12T21:56:26.766+01:00  WARN 59125 --- [annonceService] [vice-producer-1] org.apache.kafka.clients.NetworkClient   : [Producer clientId=annonceService-producer-1] Bootstrap broker localhost:9099 (id: -1 rack: null isFenced: false) disconnected
2026-01-12T21:56:27.748+01:00  INFO 59125 --- [annonceService] [vice-producer-1] org.apache.kafka.clients.Metadata        : [Producer clientId=annonceService-producer-1] Rebootstrapping with [localhost/127.0.0.1:9099]
2026-01-12T21:56:27.803+01:00  INFO 59125 --- [annonceService] [vice-producer-1] org.apache.kafka.clients.NetworkClient   : [Producer clientId=annonceService-producer-1] Node -1 disconnected.
2026-01-12T21:56:27.805+01:00  WARN 59125 --- [annonceService] [vice-producer-1] org.apache.kafka.clients.NetworkClient   : [Producer clientId=annonceService-producer-1] Connection to node -1 (localhost/127.0.0.1:9099) could not be established. Node may not be available.
2026-01-12T21:56:27.805+01:00  WARN 59125 --- [annonceService] [vice-producer-1] org.apache.kafka.clients.NetworkClient   : [Producer clientId=annonceService-producer-1] Bootstrap broker localhost:9099 (id: -1 rack: null isFenced: false) disconnected
2026-01-12T21:56:28.769+01:00  INFO 59125 --- [annonceService] [vice-producer-1] org.apache.kafka.clients.Metadata        : [Producer clientId=annonceService-producer-1] Rebootstrapping with [localhost/127.0.0.1:9099]
2026-01-12T21:56:28.823+01:00  INFO 59125 --- [annonceService] [vice-producer-1] org.apache.kafka.clients.NetworkClient   : [Producer clientId=annonceService-producer-1] Node -1 disconnected.
2026-01-12T21:56:28.823+01:00  WARN 59125 --- [annonceService] [vice-producer-1] org.apache.kafka.clients.NetworkClient   : [Producer clientId=annonceService-producer-1] Connection to node -1 (localhost/127.0.0.1:9099) could not be established. Node may not be available.
2026-01-12T21:56:28.823+01:00  WARN 59125 --- [annonceService] [vice-producer-1] org.apache.kafka.clients.NetworkClient   : [Producer clientId=annonceService-producer-1] Bootstrap broker localhost:9099 (id: -1 rack: null isFenced: false) disconnected
2026-01-12T21:56:29.645+01:00  INFO 59125 --- [annonceService] [vice-producer-1] org.apache.kafka.clients.Metadata        : [Producer clientId=annonceService-producer-1] Rebootstrapping with [localhost/127.0.0.1:9099]
2026-01-12T21:56:29.798+01:00  INFO 59125 --- [annonceService] [vice-producer-1] org.apache.kafka.clients.Metadata        : [Producer clientId=annonceService-producer-1] Rebootstrapping with [localhost/127.0.0.1:9099]
2026-01-12T21:56:29.855+01:00  INFO 59125 --- [annonceService] [vice-producer-1] org.apache.kafka.clients.NetworkClient   : [Producer clientId=annonceService-producer-1] Node -1 disconnected.
2026-01-12T21:56:29.855+01:00  WARN 59125 --- [annonceService] [vice-producer-1] org.apache.kafka.clients.NetworkClient   : [Producer clientId=annonceService-producer-1] Connection to node -1 (localhost/127.0.0.1:9099) could not be established. Node may not be available.
2026-01-12T21:56:29.855+01:00  WARN 59125 --- [annonceService] [vice-producer-1] org.apache.kafka.clients.NetworkClient   : [Producer clientId=annonceService-producer-1] Bootstrap broker localhost:9099 (id: -1 rack: null isFenced: false) disconnected
2026-01-12T21:56:30.780+01:00  INFO 59125 --- [annonceService] [vice-producer-1] org.apache.kafka.clients.Metadata        : [Producer clientId=annonceService-producer-1] Rebootstrapping with [localhost/127.0.0.1:9099]
2026-01-12T21:56:30.857+01:00  INFO 59125 --- [annonceService] [vice-producer-1] org.apache.kafka.clients.NetworkClient   : [Producer clientId=annonceService-producer-1] Node -1 disconnected.
2026-01-12T21:56:30.858+01:00  WARN 59125 --- [annonceService] [vice-producer-1] org.apache.kafka.clients.NetworkClient   : [Producer clientId=annonceService-producer-1] Connection to node -1 (localhost/127.0.0.1:9099) could not be established. Node may not be available.
2026-01-12T21:56:30.858+01:00  WARN 59125 --- [annonceService] [vice-producer-1] org.apache.kafka.clients.NetworkClient   : [Producer clientId=annonceService-producer-1] Bootstrap broker localhost:9099 (id: -1 rack: null isFenced: false) disconnected
2026-01-12T21:56:31.730+01:00  INFO 59125 --- [annonceService] [vice-producer-1] org.apache.kafka.clients.NetworkClient   : [Producer clientId=annonceService-producer-1] Node -1 disconnected.
2026-01-12T21:56:31.730+01:00  WARN 59125 --- [annonceService] [vice-producer-1] org.apache.kafka.clients.NetworkClient   : [Producer clientId=annonceService-producer-1] Connection to node -1 (localhost/127.0.0.1:9099) could not be established. Node may not be available.
2026-01-12T21:56:31.730+01:00  WARN 59125 --- [annonceService] [vice-producer-1] org.apache.kafka.clients.NetworkClient   : [Producer clientId=annonceService-producer-1] Bootstrap broker localhost:9099 (id: -1 rack: null isFenced: false) disconnected
2026-01-12T21:56:31.835+01:00  INFO 59125 --- [annonceService] [vice-producer-1] org.apache.kafka.clients.Metadata        : [Producer clientId=annonceService-producer-1] Rebootstrapping with [localhost/127.0.0.1:9099]
2026-01-12T21:56:31.887+01:00  INFO 59125 --- [annonceService] [vice-producer-1] org.apache.kafka.clients.Metadata        : [Producer clientId=annonceService-producer-1] Rebootstrapping with [localhost/127.0.0.1:9099]
2026-01-12T21:56:31.939+01:00  INFO 59125 --- [annonceService] [vice-producer-1] org.apache.kafka.clients.Metadata        : [Producer clientId=annonceService-producer-1] Rebootstrapping with [localhost/127.0.0.1:9099]
2026-01-12T21:56:31.991+01:00  INFO 59125 --- [annonceService] [vice-producer-1] org.apache.kafka.clients.Metadata        : [Producer clientId=annonceService-producer-1] Rebootstrapping with [localhost/127.0.0.1:9099]
2026-01-12T21:56:32.001+01:00  INFO 59125 --- [annonceService] [nio-9094-exec-2] o.e.a.Controller.AnnonceController       : Requête GET /api/annonces/1 - détail annonce
2026-01-12T21:56:32.002+01:00  INFO 59125 --- [annonceService] [nio-9094-exec-2] o.e.a.Service.AnnonceService             : Récupération de l'annonce ID 1
Hibernate: select a1_0.id,a1_0.blood_type,a1_0.deadline,a1_0.description,a1_0.hospital_id,a1_0.location_id,a1_0.quantity,a1_0.request_date,a1_0.status,a1_0.urgent_level,a1_0.user_id from post_annonce a1_0 where a1_0.id=?
2026-01-12T21:56:32.042+01:00  INFO 59125 --- [annonceService] [vice-producer-1] org.apache.kafka.clients.Metadata        : [Producer clientId=annonceService-producer-1] Rebootstrapping with [localhost/127.0.0.1:9099]
2026-01-12T21:56:32.093+01:00  INFO 59125 --- [annonceService] [vice-producer-1] org.apache.kafka.clients.Metadata        : [Producer clientId=annonceService-producer-1] Rebootstrapping with [localhost/127.0.0.1:9099]
2026-01-12T21:56:32.143+01:00  INFO 59125 --- [annonceService] [vice-producer-1] org.apache.kafka.clients.Metadata        : [Producer clientId=annonceService-producer-1] Rebootstrapping with [localhost/127.0.0.1:9099]
2026-01-12T21:56:32.194+01:00  INFO 59125 --- [annonceService] [vice-producer-1] org.apache.kafka.clients.Metadata        : [Producer clientId=annonceService-producer-1] Rebootstrapping with [localhost/127.0.0.1:9099]
2026-01-12T21:56:32.246+01:00  INFO 59125 --- [annonceService] [vice-producer-1] org.apache.kafka.clients.Metadata        : [Producer clientId=annonceService-producer-1] Rebootstrapping with [localhost/127.0.0.1:9099]
2026-01-12T21:56:32.297+01:00  INFO 59125 --- [annonceService] [vice-producer-1] org.apache.kafka.clients.Metadata        : [Producer clientId=annonceService-producer-1] Rebootstrapping with [localhost/127.0.0.1:9099]
2026-01-12T21:56:32.348+01:00  INFO 59125 --- [annonceService] [vice-producer-1] org.apache.kafka.clients.Metadata        : [Producer clientId=annonceService-producer-1] Rebootstrapping with [localhost/127.0.0.1:9099]
2026-01-12T21:56:32.399+01:00  INFO 59125 --- [annonceService] [vice-producer-1] org.apache.kafka.clients.Metadata        : [Producer clientId=annonceService-producer-1] Rebootstrapping with [localhost/127.0.0.1:9099]
2026-01-12T21:56:32.450+01:00  INFO 59125 --- [annonceService] [vice-producer-1] org.apache.kafka.clients.Metadata        : [Producer clientId=annonceService-producer-1] Rebootstrapping with [localhost/127.0.0.1:9099]
2026-01-12T21:56:32.502+01:00  INFO 59125 --- [annonceService] [vice-producer-1] org.apache.kafka.clients.Metadata        : [Producer clientId=annonceService-producer-1] Rebootstrapping with [localhost/127.0.0.1:9099]
2026-01-12T21:56:32.553+01:00  INFO 59125 --- [annonceService] [vice-producer-1] org.apache.kafka.clients.Metadata        : [Producer clientId=annonceService-producer-1] Rebootstrapping with [localhost/127.0.0.1:9099]
2026-01-12T21:56:32.607+01:00  INFO 59125 --- [annonceService] [vice-producer-1] org.apache.kafka.clients.Metadata        : [Producer clientId=annonceService-producer-1] Rebootstrapping with [localhost/127.0.0.1:9099]
2026-01-12T21:56:32.658+01:00  INFO 59125 --- [annonceService] [vice-producer-1] org.apache.kafka.clients.Metadata        : [Producer clientId=annonceService-producer-1] Rebootstrapping with [localhost/127.0.0.1:9099]
2026-01-12T21:56:32.710+01:00  INFO 59125 --- [annonceService] [vice-producer-1] org.apache.kafka.clients.Metadata        : [Producer clientId=annonceService-producer-1] Rebootstrapping with [localhost/127.0.0.1:9099]
2026-01-12T21:56:32.763+01:00  INFO 59125 --- [annonceService] [vice-producer-1] org.apache.kafka.clients.NetworkClient   : [Producer clientId=annonceService-producer-1] Node -1 disconnected.
2026-01-12T21:56:32.764+01:00  WARN 59125 --- [annonceService] [vice-producer-1] org.apache.kafka.clients.NetworkClient   : [Producer clientId=annonceService-producer-1] Connection to node -1 (localhost/127.0.0.1:9099) could not be established. Node may not be available.
2026-01-12T21:56:32.764+01:00  WARN 59125 --- [annonceService] [vice-producer-1] org.apache.kafka.clients.NetworkClient   : [Producer clientId=annonceService-producer-1] Bootstrap broker localhost:9099 (id: -1 rack: null isFenced: false) disconnected
2026-01-12T21:56:33.632+01:00  INFO 59125 --- [annonceService] [vice-producer-1] org.apache.kafka.clients.Metadata        : [Producer clientId=annonceService-producer-1] Rebootstrapping with [localhost/127.0.0.1:9099]
2026-01-12T21:56:33.684+01:00  INFO 59125 --- [annonceService] [vice-producer-1] org.apache.kafka.clients.Metadata        : [Producer clientId=annonceService-producer-1] Rebootstrapping with [localhost/127.0.0.1:9099]
2026-01-12T21:56:33.766+01:00  INFO 59125 --- [annonceService] [vice-producer-1] org.apache.kafka.clients.NetworkClient   : [Producer clientId=annonceService-producer-1] Node -1 disconnected.
2026-01-12T21:56:33.766+01:00  WARN 59125 --- [annonceService] [vice-producer-1] org.apache.kafka.clients.NetworkClient   : [Producer clientId=annonceService-producer-1] Connection to node -1 (localhost/127.0.0.1:9099) could not be established. Node may not be available.
2026-01-12T21:56:33.766+01:00  WARN 59125 --- [annonceService] [vice-producer-1] org.apache.kafka.clients.NetworkClient   : [Producer clientId=annonceService-producer-1] Bootstrap broker localhost:9099 (id: -1 rack: null isFenced: false) disconnected
2026-01-12T21:56:34.664+01:00  INFO 59125 --- [annonceService] [vice-producer-1] org.apache.kafka.clients.NetworkClient   : [Producer clientId=annonceService-producer-1] Node -1 disconnected.
2026-01-12T21:56:34.664+01:00  WARN 59125 --- [annonceService] [vice-producer-1] org.apache.kafka.clients.NetworkClient   : [Producer clientId=annonceService-producer-1] Connection to node -1 (localhost/127.0.0.1:9099) could not be established. Node may not be available.
2026-01-12T21:56:34.665+01:00  WARN 59125 --- [annonceService] [vice-producer-1] org.apache.kafka.clients.NetworkClient   : [Producer clientId=annonceService-producer-1] Bootstrap broker localhost:9099 (id: -1 rack: null isFenced: false) disconnected
2026-01-12T21:56:34.770+01:00  INFO 59125 --- [annonceService] [vice-producer-1] org.apache.kafka.clients.Metadata        : [Producer clientId=annonceService-producer-1] Rebootstrapping with [localhost/127.0.0.1:9099]
2026-01-12T21:56:34.821+01:00  INFO 59125 --- [annonceService] [vice-producer-1] org.apache.kafka.clients.Metadata        : [Producer clientId=annonceService-producer-1] Rebootstrapping with [localhost/127.0.0.1:9099]
2026-01-12T21:56:34.872+01:00  INFO 59125 --- [annonceService] [vice-producer-1] org.apache.kafka.clients.Metadata        : [Producer clientId=annonceService-producer-1] Rebootstrapping with [localhost/127.0.0.1:9099]
2026-01-12T21:56:34.923+01:00  INFO 59125 --- [annonceService] [vice-producer-1] org.apache.kafka.clients.Metadata        : [Producer clientId=annonceService-producer-1] Rebootstrapping with [localhost/127.0.0.1:9099]
2026-01-12T21:56:34.974+01:00  INFO 59125 --- [annonceService] [vice-producer-1] org.apache.kafka.clients.Metadata        : [Producer clientId=annonceService-producer-1] Rebootstrapping with [localhost/127.0.0.1:9099]
2026-01-12T21:56:35.024+01:00  INFO 59125 --- [annonceService] [vice-producer-1] org.apache.kafka.clients.Metadata        : [Producer clientId=annonceService-producer-1] Rebootstrapping with [localhost/127.0.0.1:9099]
2026-01-12T21:56:35.075+01:00  INFO 59125 --- [annonceService] [vice-producer-1] org.apache.kafka.clients.Metadata        : [Producer clientId=annonceService-producer-1] Rebootstrapping with [localhost/127.0.0.1:9099]
2026-01-12T21:56:35.126+01:00  INFO 59125 --- [annonceService] [vice-producer-1] org.apache.kafka.clients.Metadata        : [Producer clientId=annonceService-producer-1] Rebootstrapping with [localhost/127.0.0.1:9099]
2026-01-12T21:56:35.177+01:00  INFO 59125 --- [annonceService] [vice-producer-1] org.apache.kafka.clients.Metadata        : [Producer clientId=annonceService-producer-1] Rebootstrapping with [localhost/127.0.0.1:9099]
2026-01-12T21:56:35.229+01:00  INFO 59125 --- [annonceService] [vice-producer-1] org.apache.kafka.clients.Metadata        : [Producer clientId=annonceService-producer-1] Rebootstrapping with [localhost/127.0.0.1:9099]
2026-01-12T21:56:35.281+01:00  INFO 59125 --- [annonceService] [vice-producer-1] org.apache.kafka.clients.Metadata        : [Producer clientId=annonceService-producer-1] Rebootstrapping with [localhost/127.0.0.1:9099]
2026-01-12T21:56:35.332+01:00  INFO 59125 --- [annonceService] [vice-producer-1] org.apache.kafka.clients.Metadata        : [Producer clientId=annonceService-producer-1] Rebootstrapping with [localhost/127.0.0.1:9099]
2026-01-12T21:56:35.384+01:00  INFO 59125 --- [annonceService] [vice-producer-1] org.apache.kafka.clients.Metadata        : [Producer clientId=annonceService-producer-1] Rebootstrapping with [localhost/127.0.0.1:9099]
2026-01-12T21:56:35.435+01:00  INFO 59125 --- [annonceService] [vice-producer-1] org.apache.kafka.clients.Metadata        : [Producer clientId=annonceService-producer-1] Rebootstrapping with [localhost/127.0.0.1:9099]
2026-01-12T21:56:35.486+01:00  INFO 59125 --- [annonceService] [vice-producer-1] org.apache.kafka.clients.Metadata        : [Producer clientId=annonceService-producer-1] Rebootstrapping with [localhost/127.0.0.1:9099]
2026-01-12T21:56:35.538+01:00  INFO 59125 --- [annonceService] [vice-producer-1] org.apache.kafka.clients.NetworkClient   : [Producer clientId=annonceService-producer-1] Node -1 disconnected.
2026-01-12T21:56:35.538+01:00  WARN 59125 --- [annonceService] [vice-producer-1] org.apache.kafka.clients.NetworkClient   : [Producer clientId=annonceService-producer-1] Connection to node -1 (localhost/127.0.0.1:9099) could not be established. Node may not be available.
2026-01-12T21:56:35.538+01:00  WARN 59125 --- [annonceService] [vice-producer-1] org.apache.kafka.clients.NetworkClient   : [Producer clientId=annonceService-producer-1] Bootstrap broker localhost:9099 (id: -1 rack: null isFenced: false) disconnected
2026-01-12T21:56:36.457+01:00  INFO 59125 --- [annonceService] [vice-producer-1] org.apache.kafka.clients.Metadata        : [Producer clientId=annonceService-producer-1] Rebootstrapping with [localhost/127.0.0.1:9099]
2026-01-12T21:56:36.510+01:00  INFO 59125 --- [annonceService] [vice-producer-1] org.apache.kafka.clients.NetworkClient   : [Producer clientId=annonceService-producer-1] Node -1 disconnected.
2026-01-12T21:56:36.510+01:00  WARN 59125 --- [annonceService] [vice-producer-1] org.apache.kafka.clients.NetworkClient   : [Producer clientId=annonceService-producer-1] Connection to node -1 (localhost/127.0.0.1:9099) could not be established. Node may not be available.
2026-01-12T21:56:36.510+01:00  WARN 59125 --- [annonceService] [vice-producer-1] org.apache.kafka.clients.NetworkClient   : [Producer clientId=annonceService-producer-1] Bootstrap broker localhost:9099 (id: -1 rack: null isFenced: false) disconnected
2026-01-12T21:56:36.615+01:00  INFO 59125 --- [annonceService] [vice-producer-1] org.apache.kafka.clients.Metadata        : [Producer clientId=annonceService-producer-1] Rebootstrapping with [localhost/127.0.0.1:9099]
2026-01-12T21:56:36.666+01:00  INFO 59125 --- [annonceService] [vice-producer-1] org.apache.kafka.clients.Metadata        : [Producer clientId=annonceService-producer-1] Rebootstrapping with [localhost/127.0.0.1:9099]
2026-01-12T21:56:36.718+01:00  INFO 59125 --- [annonceService] [vice-producer-1] org.apache.kafka.clients.Metadata        : [Producer clientId=annonceService-producer-1] Rebootstrapping with [localhost/127.0.0.1:9099]
2026-01-12T21:56:36.769+01:00  INFO 59125 --- [annonceService] [vice-producer-1] org.apache.kafka.clients.Metadata        : [Producer clientId=annonceService-producer-1] Rebootstrapping with [localhost/127.0.0.1:9099]
2026-01-12T21:56:36.821+01:00  INFO 59125 --- [annonceService] [vice-producer-1] org.apache.kafka.clients.Metadata        : [Producer clientId=annonceService-producer-1] Rebootstrapping with [localhost/127.0.0.1:9099]
2026-01-12T21:56:36.872+01:00  INFO 59125 --- [annonceService] [vice-producer-1] org.apache.kafka.clients.Metadata        : [Producer clientId=annonceService-producer-1] Rebootstrapping with [localhost/127.0.0.1:9099]
2026-01-12T21:56:36.923+01:00  INFO 59125 --- [annonceService] [vice-producer-1] org.apache.kafka.clients.Metadata        : [Producer clientId=annonceService-producer-1] Rebootstrapping with [localhost/127.0.0.1:9099]
2026-01-12T21:56:36.974+01:00  INFO 59125 --- [annonceService] [vice-producer-1] org.apache.kafka.clients.Metadata        : [Producer clientId=annonceService-producer-1] Rebootstrapping with [localhost/127.0.0.1:9099]
2026-01-12T21:56:37.026+01:00  INFO 59125 --- [annonceService] [vice-producer-1] org.apache.kafka.clients.Metadata        : [Producer clientId=annonceService-producer-1] Rebootstrapping with [localhost/127.0.0.1:9099]
2026-01-12T21:56:37.076+01:00  INFO 59125 --- [annonceService] [vice-producer-1] org.apache.kafka.clients.Metadata        : [Producer clientId=annonceService-producer-1] Rebootstrapping with [localhost/127.0.0.1:9099]
2026-01-12T21:56:37.127+01:00  INFO 59125 --- [annonceService] [vice-producer-1] org.apache.kafka.clients.Metadata        : [Producer clientId=annonceService-producer-1] Rebootstrapping with [localhost/127.0.0.1:9099]
2026-01-12T21:56:37.179+01:00  INFO 59125 --- [annonceService] [vice-producer-1] org.apache.kafka.clients.Metadata        : [Producer clientId=annonceService-producer-1] Rebootstrapping with [localhost/127.0.0.1:9099]
2026-01-12T21:56:37.231+01:00  INFO 59125 --- [annonceService] [vice-producer-1] org.apache.kafka.clients.Metadata        : [Producer clientId=annonceService-producer-1] Rebootstrapping with [localhost/127.0.0.1:9099]
2026-01-12T21:56:37.282+01:00  INFO 59125 --- [annonceService] [vice-producer-1] org.apache.kafka.clients.Metadata        : [Producer clientId=annonceService-producer-1] Rebootstrapping with [localhost/127.0.0.1:9099]
2026-01-12T21:56:37.334+01:00  INFO 59125 --- [annonceService] [vice-producer-1] org.apache.kafka.clients.Metadata        : [Producer clientId=annonceService-producer-1] Rebootstrapping with [localhost/127.0.0.1:9099]
2026-01-12T21:56:37.385+01:00  INFO 59125 --- [annonceService] [vice-producer-1] org.apache.kafka.clients.Metadata        : [Producer clientId=annonceService-producer-1] Rebootstrapping with [localhost/127.0.0.1:9099]
2026-01-12T21:56:37.436+01:00  INFO 59125 --- [annonceService] [vice-producer-1] org.apache.kafka.clients.Metadata        : [Producer clientId=annonceService-producer-1] Rebootstrapping with [localhost/127.0.0.1:9099]
2026-01-12T21:56:37.487+01:00  INFO 59125 --- [annonceService] [vice-producer-1] org.apache.kafka.clients.Metadata        : [Producer clientId=annonceService-producer-1] Rebootstrapping with [localhost/127.0.0.1:9099]
2026-01-12T21:56:37.539+01:00  INFO 59125 --- [annonceService] [vice-producer-1] org.apache.kafka.clients.NetworkClient   : [Producer clientId=annonceService-producer-1] Node -1 disconnected.
2026-01-12T21:56:37.540+01:00  WARN 59125 --- [annonceService] [vice-producer-1] org.apache.kafka.clients.NetworkClient   : [Producer clientId=annonceService-producer-1] Connection to node -1 (localhost/127.0.0.1:9099) could not be established. Node may not be available.
2026-01-12T21:56:37.540+01:00  WARN 59125 --- [annonceService] [vice-producer-1] org.apache.kafka.clients.NetworkClient   : [Producer clientId=annonceService-producer-1] Bootstrap broker localhost:9099 (id: -1 rack: null isFenced: false) disconnected
2026-01-12T21:56:38.541+01:00  INFO 59125 --- [annonceService] [vice-producer-1] org.apache.kafka.clients.NetworkClient   : [Producer clientId=annonceService-producer-1] Node -1 disconnected.
2026-01-12T21:56:38.541+01:00  WARN 59125 --- [annonceService] [vice-producer-1] org.apache.kafka.clients.NetworkClient   : [Producer clientId=annonceService-producer-1] Connection to node -1 (localhost/127.0.0.1:9099) could not be established. Node may not be available.
2026-01-12T21:56:38.541+01:00  WARN 59125 --- [annonceService] [vice-producer-1] org.apache.kafka.clients.NetworkClient   : [Producer clientId=annonceService-producer-1] Bootstrap broker localhost:9099 (id: -1 rack: null isFenced: false) disconnected
2026-01-12T21:56:39.514+01:00  INFO 59125 --- [annonceService] [vice-producer-1] org.apache.kafka.clients.Metadata        : [Producer clientId=annonceService-producer-1] Rebootstrapping with [localhost/127.0.0.1:9099]
2026-01-12T21:56:39.569+01:00  INFO 59125 --- [annonceService] [vice-producer-1] org.apache.kafka.clients.NetworkClient   : [Producer clientId=annonceService-producer-1] Node -1 disconnected.
2026-01-12T21:56:39.570+01:00  WARN 59125 --- [annonceService] [vice-producer-1] org.apache.kafka.clients.NetworkClient   : [Producer clientId=annonceService-producer-1] Connection to node -1 (localhost/127.0.0.1:9099) could not be established. Node may not be available.
2026-01-12T21:56:39.570+01:00  WARN 59125 --- [annonceService] [vice-producer-1] org.apache.kafka.clients.NetworkClient   : [Producer clientId=annonceService-producer-1] Bootstrap broker localhost:9099 (id: -1 rack: null isFenced: false) disconnected
2026-01-12T21:56:40.438+01:00  INFO 59125 --- [annonceService] [vice-producer-1] org.apache.kafka.clients.Metadata        : [Producer clientId=annonceService-producer-1] Rebootstrapping with [localhost/127.0.0.1:9099]
2026-01-12T21:56:40.542+01:00  INFO 59125 --- [annonceService] [vice-producer-1] org.apache.kafka.clients.Metadata        : [Producer clientId=annonceService-producer-1] Rebootstrapping with [localhost/127.0.0.1:9099]
2026-01-12T21:56:40.594+01:00  INFO 59125 --- [annonceService] [vice-producer-1] org.apache.kafka.clients.NetworkClient   : [Producer clientId=annonceService-producer-1] Node -1 disconnected.
2026-01-12T21:56:40.595+01:00  WARN 59125 --- [annonceService] [vice-producer-1] org.apache.kafka.clients.NetworkClient   : [Producer clientId=annonceService-producer-1] Connection to node -1 (localhost/127.0.0.1:9099) could not be established. Node may not be available.
2026-01-12T21:56:40.595+01:00  WARN 59125 --- [annonceService] [vice-producer-1] org.apache.kafka.clients.NetworkClient   : [Producer clientId=annonceService-producer-1] Bootstrap broker localhost:9099 (id: -1 rack: null isFenced: false) disconnected
2026-01-12T21:56:41.514+01:00  INFO 59125 --- [annonceService] [vice-producer-1] org.apache.kafka.clients.Metadata        : [Producer clientId=annonceService-producer-1] Rebootstrapping with [localhost/127.0.0.1:9099]
2026-01-12T21:56:41.567+01:00  INFO 59125 --- [annonceService] [vice-producer-1] org.apache.kafka.clients.NetworkClient   : [Producer clientId=annonceService-producer-1] Node -1 disconnected.
2026-01-12T21:56:41.567+01:00  WARN 59125 --- [annonceService] [vice-producer-1] org.apache.kafka.clients.NetworkClient   : [Producer clientId=annonceService-producer-1] Connection to node -1 (localhost/127.0.0.1:9099) could not be established. Node may not be available.
2026-01-12T21:56:41.567+01:00  WARN 59125 --- [annonceService] [vice-producer-1] org.apache.kafka.clients.NetworkClient   : [Producer clientId=annonceService-producer-1] Bootstrap broker localhost:9099 (id: -1 rack: null isFenced: false) disconnected
2026-01-12T21:56:41.671+01:00  INFO 59125 --- [annonceService] [vice-producer-1] org.apache.kafka.clients.Metadata        : [Producer clientId=annonceService-producer-1] Rebootstrapping with [localhost/127.0.0.1:9099]
2026-01-12T21:56:41.722+01:00  INFO 59125 --- [annonceService] [vice-producer-1] org.apache.kafka.clients.Metadata        : [Producer clientId=annonceService-producer-1] Rebootstrapping with [localhost/127.0.0.1:9099]
2026-01-12T21:56:41.773+01:00  INFO 59125 --- [annonceService] [vice-producer-1] org.apache.kafka.clients.Metadata        : [Producer clientId=annonceService-producer-1] Rebootstrapping with [localhost/127.0.0.1:9099]
2026-01-12T21:56:41.825+01:00  INFO 59125 --- [annonceService] [vice-producer-1] org.apache.kafka.clients.Metadata        : [Producer clientId=annonceService-producer-1] Rebootstrapping with [localhost/127.0.0.1:9099]
2026-01-12T21:56:41.876+01:00  INFO 59125 --- [annonceService] [vice-producer-1] org.apache.kafka.clients.Metadata        : [Producer clientId=annonceService-producer-1] Rebootstrapping with [localhost/127.0.0.1:9099]
2026-01-12T21:56:41.928+01:00  INFO 59125 --- [annonceService] [vice-producer-1] org.apache.kafka.clients.Metadata        : [Producer clientId=annonceService-producer-1] Rebootstrapping with [localhost/127.0.0.1:9099]
2026-01-12T21:56:41.980+01:00  INFO 59125 --- [annonceService] [vice-producer-1] org.apache.kafka.clients.Metadata        : [Producer clientId=annonceService-producer-1] Rebootstrapping with [localhost/127.0.0.1:9099]
2026-01-12T21:56:42.034+01:00  INFO 59125 --- [annonceService] [vice-producer-1] org.apache.kafka.clients.Metadata        : [Producer clientId=annonceService-producer-1] Rebootstrapping with [localhost/127.0.0.1:9099]
2026-01-12T21:56:42.085+01:00  INFO 59125 --- [annonceService] [vice-producer-1] org.apache.kafka.clients.Metadata        : [Producer clientId=annonceService-producer-1] Rebootstrapping with [localhost/127.0.0.1:9099]
2026-01-12T21:56:42.136+01:00  INFO 59125 --- [annonceService] [vice-producer-1] org.apache.kafka.clients.Metadata        : [Producer clientId=annonceService-producer-1] Rebootstrapping with [localhost/127.0.0.1:9099]
2026-01-12T21:56:42.186+01:00  INFO 59125 --- [annonceService] [vice-producer-1] org.apache.kafka.clients.Metadata        : [Producer clientId=annonceService-producer-1] Rebootstrapping with [localhost/127.0.0.1:9099]
2026-01-12T21:56:42.238+01:00  INFO 59125 --- [annonceService] [vice-producer-1] org.apache.kafka.clients.Metadata        : [Producer clientId=annonceService-producer-1] Rebootstrapping with [localhost/127.0.0.1:9099]
2026-01-12T21:56:42.289+01:00  INFO 59125 --- [annonceService] [vice-producer-1] org.apache.kafka.clients.Metadata        : [Producer clientId=annonceService-producer-1] Rebootstrapping with [localhost/127.0.0.1:9099]
2026-01-12T21:56:42.341+01:00  INFO 59125 --- [annonceService] [vice-producer-1] org.apache.kafka.clients.Metadata        : [Producer clientId=annonceService-producer-1] Rebootstrapping with [localhost/127.0.0.1:9099]
2026-01-12T21:56:42.393+01:00  INFO 59125 --- [annonceService] [vice-producer-1] org.apache.kafka.clients.Metadata        : [Producer clientId=annonceService-producer-1] Rebootstrapping with [localhost/127.0.0.1:9099]
2026-01-12T21:56:42.444+01:00  INFO 59125 --- [annonceService] [vice-producer-1] org.apache.kafka.clients.Metadata        : [Producer clientId=annonceService-producer-1] Rebootstrapping with [localhost/127.0.0.1:9099]
2026-01-12T21:56:42.497+01:00  INFO 59125 --- [annonceService] [vice-producer-1] org.apache.kafka.clients.NetworkClient   : [Producer clientId=annonceService-producer-1] Node -1 disconnected.
2026-01-12T21:56:42.498+01:00  WARN 59125 --- [annonceService] [vice-producer-1] org.apache.kafka.clients.NetworkClient   : [Producer clientId=annonceService-producer-1] Connection to node -1 (localhost/127.0.0.1:9099) could not be established. Node may not be available.
2026-01-12T21:56:42.498+01:00  WARN 59125 --- [annonceService] [vice-producer-1] org.apache.kafka.clients.NetworkClient   : [Producer clientId=annonceService-producer-1] Bootstrap broker localhost:9099 (id: -1 rack: null isFenced: false) disconnected
2026-01-12T21:56:43.441+01:00  INFO 59125 --- [annonceService] [vice-producer-1] org.apache.kafka.clients.Metadata        : [Producer clientId=annonceService-producer-1] Rebootstrapping with [localhost/127.0.0.1:9099]
2026-01-12T21:56:43.499+01:00  INFO 59125 --- [annonceService] [vice-producer-1] org.apache.kafka.clients.NetworkClient   : [Producer clientId=annonceService-producer-1] Node -1 disconnected.
2026-01-12T21:56:43.499+01:00  WARN 59125 --- [annonceService] [vice-producer-1] org.apache.kafka.clients.NetworkClient   : [Producer clientId=annonceService-producer-1] Connection to node -1 (localhost/127.0.0.1:9099) could not be established. Node may not be available.
2026-01-12T21:56:43.499+01:00  WARN 59125 --- [annonceService] [vice-producer-1] org.apache.kafka.clients.NetworkClient   : [Producer clientId=annonceService-producer-1] Bootstrap broker localhost:9099 (id: -1 rack: null isFenced: false) disconnected
2026-01-12T21:56:44.461+01:00  INFO 59125 --- [annonceService] [vice-producer-1] org.apache.kafka.clients.NetworkClient   : [Producer clientId=annonceService-producer-1] Node -1 disconnected.
2026-01-12T21:56:44.462+01:00  WARN 59125 --- [annonceService] [vice-producer-1] org.apache.kafka.clients.NetworkClient   : [Producer clientId=annonceService-producer-1] Connection to node -1 (localhost/127.0.0.1:9099) could not be established. Node may not be available.
2026-01-12T21:56:44.462+01:00  WARN 59125 --- [annonceService] [vice-producer-1] org.apache.kafka.clients.NetworkClient   : [Producer clientId=annonceService-producer-1] Bootstrap broker localhost:9099 (id: -1 rack: null isFenced: false) disconnected
2026-01-12T21:56:44.563+01:00  INFO 59125 --- [annonceService] [vice-producer-1] org.apache.kafka.clients.Metadata        : [Producer clientId=annonceService-producer-1] Rebootstrapping with [localhost/127.0.0.1:9099]
2026-01-12T21:56:44.617+01:00  INFO 59125 --- [annonceService] [vice-producer-1] org.apache.kafka.clients.Metadata        : [Producer clientId=annonceService-producer-1] Rebootstrapping with [localhost/127.0.0.1:9099]
2026-01-12T21:56:44.669+01:00  INFO 59125 --- [annonceService] [vice-producer-1] org.apache.kafka.clients.Metadata        : [Producer clientId=annonceService-producer-1] Rebootstrapping with [localhost/127.0.0.1:9099]
2026-01-12T21:56:44.721+01:00  INFO 59125 --- [annonceService] [vice-producer-1] org.apache.kafka.clients.Metadata        : [Producer clientId=annonceService-producer-1] Rebootstrapping with [localhost/127.0.0.1:9099]
2026-01-12T21:56:44.772+01:00  INFO 59125 --- [annonceService] [vice-producer-1] org.apache.kafka.clients.Metadata        : [Producer clientId=annonceService-producer-1] Rebootstrapping with [localhost/127.0.0.1:9099]
2026-01-12T21:56:44.826+01:00  INFO 59125 --- [annonceService] [vice-producer-1] org.apache.kafka.clients.Metadata        : [Producer clientId=annonceService-producer-1] Rebootstrapping with [localhost/127.0.0.1:9099]
2026-01-12T21:56:44.879+01:00  INFO 59125 --- [annonceService] [vice-producer-1] org.apache.kafka.clients.Metadata        : [Producer clientId=annonceService-producer-1] Rebootstrapping with [localhost/127.0.0.1:9099]
2026-01-12T21:56:44.930+01:00  INFO 59125 --- [annonceService] [vice-producer-1] org.apache.kafka.clients.Metadata        : [Producer clientId=annonceService-producer-1] Rebootstrapping with [localhost/127.0.0.1:9099]
2026-01-12T21:56:44.981+01:00  INFO 59125 --- [annonceService] [vice-producer-1] org.apache.kafka.clients.Metadata        : [Producer clientId=annonceService-producer-1] Rebootstrapping with [localhost/127.0.0.1:9099]
2026-01-12T21:56:45.033+01:00  INFO 59125 --- [annonceService] [vice-producer-1] org.apache.kafka.clients.Metadata        : [Producer clientId=annonceService-producer-1] Rebootstrapping with [localhost/127.0.0.1:9099]
2026-01-12T21:56:45.084+01:00  INFO 59125 --- [annonceService] [vice-producer-1] org.apache.kafka.clients.Metadata        : [Producer clientId=annonceService-producer-1] Rebootstrapping with [localhost/127.0.0.1:9099]
2026-01-12T21:56:45.134+01:00  INFO 59125 --- [annonceService] [vice-producer-1] org.apache.kafka.clients.Metadata        : [Producer clientId=annonceService-producer-1] Rebootstrapping with [localhost/127.0.0.1:9099]
2026-01-12T21:56:45.185+01:00  INFO 59125 --- [annonceService] [vice-producer-1] org.apache.kafka.clients.Metadata        : [Producer clientId=annonceService-producer-1] Rebootstrapping with [localhost/127.0.0.1:9099]
2026-01-12T21:56:45.237+01:00  INFO 59125 --- [annonceService] [vice-producer-1] org.apache.kafka.clients.Metadata        : [Producer clientId=annonceService-producer-1] Rebootstrapping with [localhost/127.0.0.1:9099]
2026-01-12T21:56:45.288+01:00  INFO 59125 --- [annonceService] [vice-producer-1] org.apache.kafka.clients.Metadata        : [Producer clientId=annonceService-producer-1] Rebootstrapping with [localhost/127.0.0.1:9099]
2026-01-12T21:56:45.339+01:00  INFO 59125 --- [annonceService] [vice-producer-1] org.apache.kafka.clients.Metadata        : [Producer clientId=annonceService-producer-1] Rebootstrapping with [localhost/127.0.0.1:9099]
2026-01-12T21:56:45.391+01:00  INFO 59125 --- [annonceService] [vice-producer-1] org.apache.kafka.clients.Metadata        : [Producer clientId=annonceService-producer-1] Rebootstrapping with [localhost/127.0.0.1:9099]
2026-01-12T21:56:45.444+01:00  INFO 59125 --- [annonceService] [vice-producer-1] org.apache.kafka.clients.Metadata        : [Producer clientId=annonceService-producer-1] Rebootstrapping with [localhost/127.0.0.1:9099]
2026-01-12T21:56:45.498+01:00  INFO 59125 --- [annonceService] [vice-producer-1] org.apache.kafka.clients.NetworkClient   : [Producer clientId=annonceService-producer-1] Node -1 disconnected.
2026-01-12T21:56:45.498+01:00  WARN 59125 --- [annonceService] [vice-producer-1] org.apache.kafka.clients.NetworkClient   : [Producer clientId=annonceService-producer-1] Connection to node -1 (localhost/127.0.0.1:9099) could not be established. Node may not be available.
2026-01-12T21:56:45.498+01:00  WARN 59125 --- [annonceService] [vice-producer-1] org.apache.kafka.clients.NetworkClient   : [Producer clientId=annonceService-producer-1] Bootstrap broker localhost:9099 (id: -1 rack: null isFenced: false) disconnected
2026-01-12T21:56:46.319+01:00  INFO 59125 --- [annonceService] [vice-producer-1] org.apache.kafka.clients.NetworkClient   : [Producer clientId=annonceService-producer-1] Node -1 disconnected.
2026-01-12T21:56:46.319+01:00  WARN 59125 --- [annonceService] [vice-producer-1] org.apache.kafka.clients.NetworkClient   : [Producer clientId=annonceService-producer-1] Connection to node -1 (localhost/127.0.0.1:9099) could not be established. Node may not be available.
2026-01-12T21:56:46.320+01:00  WARN 59125 --- [annonceService] [vice-producer-1] org.apache.kafka.clients.NetworkClient   : [Producer clientId=annonceService-producer-1] Bootstrap broker localhost:9099 (id: -1 rack: null isFenced: false) disconnected
2026-01-12T21:56:46.499+01:00  INFO 59125 --- [annonceService] [vice-producer-1] org.apache.kafka.clients.Metadata        : [Producer clientId=annonceService-producer-1] Rebootstrapping with [localhost/127.0.0.1:9099]
2026-01-12T21:56:46.551+01:00  INFO 59125 --- [annonceService] [vice-producer-1] org.apache.kafka.clients.Metadata        : [Producer clientId=annonceService-producer-1] Rebootstrapping with [localhost/127.0.0.1:9099]
2026-01-12T21:56:46.602+01:00  INFO 59125 --- [annonceService] [vice-producer-1] org.apache.kafka.clients.Metadata        : [Producer clientId=annonceService-producer-1] Rebootstrapping with [localhost/127.0.0.1:9099]
2026-01-12T21:56:46.653+01:00  INFO 59125 --- [annonceService] [vice-producer-1] org.apache.kafka.clients.Metadata        : [Producer clientId=annonceService-producer-1] Rebootstrapping with [localhost/127.0.0.1:9099]
2026-01-12T21:56:46.705+01:00  INFO 59125 --- [annonceService] [vice-producer-1] org.apache.kafka.clients.Metadata        : [Producer clientId=annonceService-producer-1] Rebootstrapping with [localhost/127.0.0.1:9099]
2026-01-12T21:56:46.756+01:00  INFO 59125 --- [annonceService] [vice-producer-1] org.apache.kafka.clients.Metadata        : [Producer clientId=annonceService-producer-1] Rebootstrapping with [localhost/127.0.0.1:9099]
2026-01-12T21:56:46.808+01:00  INFO 59125 --- [annonceService] [vice-producer-1] org.apache.kafka.clients.Metadata        : [Producer clientId=annonceService-producer-1] Rebootstrapping with [localhost/127.0.0.1:9099]
2026-01-12T21:56:46.860+01:00  INFO 59125 --- [annonceService] [vice-producer-1] org.apache.kafka.clients.Metadata        : [Producer clientId=annonceService-producer-1] Rebootstrapping with [localhost/127.0.0.1:9099]
2026-01-12T21:56:46.911+01:00  INFO 59125 --- [annonceService] [vice-producer-1] org.apache.kafka.clients.Metadata        : [Producer clientId=annonceService-producer-1] Rebootstrapping with [localhost/127.0.0.1:9099]
2026-01-12T21:56:46.962+01:00  INFO 59125 --- [annonceService] [vice-producer-1] org.apache.kafka.clients.Metadata        : [Producer clientId=annonceService-producer-1] Rebootstrapping with [localhost/127.0.0.1:9099]
2026-01-12T21:56:47.013+01:00  INFO 59125 --- [annonceService] [vice-producer-1] org.apache.kafka.clients.Metadata        : [Producer clientId=annonceService-producer-1] Rebootstrapping with [localhost/127.0.0.1:9099]
2026-01-12T21:56:47.065+01:00  INFO 59125 --- [annonceService] [vice-producer-1] org.apache.kafka.clients.Metadata        : [Producer clientId=annonceService-producer-1] Rebootstrapping with [localhost/127.0.0.1:9099]
2026-01-12T21:56:47.118+01:00  INFO 59125 --- [annonceService] [vice-producer-1] org.apache.kafka.clients.Metadata        : [Producer clientId=annonceService-producer-1] Rebootstrapping with [localhost/127.0.0.1:9099]
2026-01-12T21:56:47.169+01:00  INFO 59125 --- [annonceService] [vice-producer-1] org.apache.kafka.clients.Metadata        : [Producer clientId=annonceService-producer-1] Rebootstrapping with [localhost/127.0.0.1:9099]
2026-01-12T21:56:47.221+01:00  INFO 59125 --- [annonceService] [vice-producer-1] org.apache.kafka.clients.Metadata        : [Producer clientId=annonceService-producer-1] Rebootstrapping with [localhost/127.0.0.1:9099]
2026-01-12T21:56:47.273+01:00  INFO 59125 --- [annonceService] [vice-producer-1] org.apache.kafka.clients.Metadata        : [Producer clientId=annonceService-producer-1] Rebootstrapping with [localhost/127.0.0.1:9099]
2026-01-12T21:56:47.328+01:00  INFO 59125 --- [annonceService] [vice-producer-1] org.apache.kafka.clients.NetworkClient   : [Producer clientId=annonceService-producer-1] Node -1 disconnected.
2026-01-12T21:56:47.328+01:00  WARN 59125 --- [annonceService] [vice-producer-1] org.apache.kafka.clients.NetworkClient   : [Producer clientId=annonceService-producer-1] Connection to node -1 (localhost/127.0.0.1:9099) could not be established. Node may not be available.
2026-01-12T21:56:47.328+01:00  WARN 59125 --- [annonceService] [vice-producer-1] org.apache.kafka.clients.NetworkClient   : [Producer clientId=annonceService-producer-1] Bootstrap broker localhost:9099 (id: -1 rack: null isFenced: false) disconnected
2026-01-12T21:56:48.150+01:00  INFO 59125 --- [annonceService] [vice-producer-1] org.apache.kafka.clients.Metadata        : [Producer clientId=annonceService-producer-1] Rebootstrapping with [localhost/127.0.0.1:9099]
2026-01-12T21:56:48.253+01:00  INFO 59125 --- [annonceService] [vice-producer-1] org.apache.kafka.clients.Metadata        : [Producer clientId=annonceService-producer-1] Rebootstrapping with [localhost/127.0.0.1:9099]
2026-01-12T21:56:48.303+01:00  INFO 59125 --- [annonceService] [vice-producer-1] org.apache.kafka.clients.Metadata        : [Producer clientId=annonceService-producer-1] Rebootstrapping with [localhost/127.0.0.1:9099]
2026-01-12T21:56:48.355+01:00  INFO 59125 --- [annonceService] [vice-producer-1] org.apache.kafka.clients.NetworkClient   : [Producer clientId=annonceService-producer-1] Node -1 disconnected.
2026-01-12T21:56:48.355+01:00  WARN 59125 --- [annonceService] [vice-producer-1] org.apache.kafka.clients.NetworkClient   : [Producer clientId=annonceService-producer-1] Connection to node -1 (localhost/127.0.0.1:9099) could not be established. Node may not be available.
2026-01-12T21:56:48.355+01:00  WARN 59125 --- [annonceService] [vice-producer-1] org.apache.kafka.clients.NetworkClient   : [Producer clientId=annonceService-producer-1] Bootstrap broker localhost:9099 (id: -1 rack: null isFenced: false) disconnected
2026-01-12T21:56:49.171+01:00  INFO 59125 --- [annonceService] [vice-producer-1] org.apache.kafka.clients.Metadata        : [Producer clientId=annonceService-producer-1] Rebootstrapping with [localhost/127.0.0.1:9099]
2026-01-12T21:56:49.274+01:00  INFO 59125 --- [annonceService] [vice-producer-1] org.apache.kafka.clients.NetworkClient   : [Producer clientId=annonceService-producer-1] Node -1 disconnected.
2026-01-12T21:56:49.274+01:00  WARN 59125 --- [annonceService] [vice-producer-1] org.apache.kafka.clients.NetworkClient   : [Producer clientId=annonceService-producer-1] Connection to node -1 (localhost/127.0.0.1:9099) could not be established. Node may not be available.
2026-01-12T21:56:49.274+01:00  WARN 59125 --- [annonceService] [vice-producer-1] org.apache.kafka.clients.NetworkClient   : [Producer clientId=annonceService-producer-1] Bootstrap broker localhost:9099 (id: -1 rack: null isFenced: false) disconnected
2026-01-12T21:56:49.378+01:00  INFO 59125 --- [annonceService] [vice-producer-1] org.apache.kafka.clients.Metadata        : [Producer clientId=annonceService-producer-1] Rebootstrapping with [localhost/127.0.0.1:9099]
2026-01-12T21:56:49.429+01:00  INFO 59125 --- [annonceService] [vice-producer-1] org.apache.kafka.clients.Metadata        : [Producer clientId=annonceService-producer-1] Rebootstrapping with [localhost/127.0.0.1:9099]
2026-01-12T21:56:49.480+01:00  INFO 59125 --- [annonceService] [vice-producer-1] org.apache.kafka.clients.Metadata        : [Producer clientId=annonceService-producer-1] Rebootstrapping with [localhost/127.0.0.1:9099]
2026-01-12T21:56:49.531+01:00  INFO 59125 --- [annonceService] [vice-producer-1] org.apache.kafka.clients.Metadata        : [Producer clientId=annonceService-producer-1] Rebootstrapping with [localhost/127.0.0.1:9099]
2026-01-12T21:56:49.582+01:00  INFO 59125 --- [annonceService] [vice-producer-1] org.apache.kafka.clients.Metadata        : [Producer clientId=annonceService-producer-1] Rebootstrapping with [localhost/127.0.0.1:9099]
2026-01-12T21:56:49.633+01:00  INFO 59125 --- [annonceService] [vice-producer-1] org.apache.kafka.clients.Metadata        : [Producer clientId=annonceService-producer-1] Rebootstrapping with [localhost/127.0.0.1:9099]
2026-01-12T21:56:49.685+01:00  INFO 59125 --- [annonceService] [vice-producer-1] org.apache.kafka.clients.Metadata        : [Producer clientId=annonceService-producer-1] Rebootstrapping with [localhost/127.0.0.1:9099]
2026-01-12T21:56:49.735+01:00  INFO 59125 --- [annonceService] [vice-producer-1] org.apache.kafka.clients.Metadata        : [Producer clientId=annonceService-producer-1] Rebootstrapping with [localhost/127.0.0.1:9099]
2026-01-12T21:56:49.786+01:00  INFO 59125 --- [annonceService] [vice-producer-1] org.apache.kafka.clients.Metadata        : [Producer clientId=annonceService-producer-1] Rebootstrapping with [localhost/127.0.0.1:9099]
2026-01-12T21:56:49.836+01:00  INFO 59125 --- [annonceService] [vice-producer-1] org.apache.kafka.clients.Metadata        : [Producer clientId=annonceService-producer-1] Rebootstrapping with [localhost/127.0.0.1:9099]
2026-01-12T21:56:49.887+01:00  INFO 59125 --- [annonceService] [vice-producer-1] org.apache.kafka.clients.Metadata        : [Producer clientId=annonceService-producer-1] Rebootstrapping with [localhost/127.0.0.1:9099]
2026-01-12T21:56:49.938+01:00  INFO 59125 --- [annonceService] [vice-producer-1] org.apache.kafka.clients.Metadata        : [Producer clientId=annonceService-producer-1] Rebootstrapping with [localhost/127.0.0.1:9099]
2026-01-12T21:56:49.989+01:00  INFO 59125 --- [annonceService] [vice-producer-1] org.apache.kafka.clients.Metadata        : [Producer clientId=annonceService-producer-1] Rebootstrapping with [localhost/127.0.0.1:9099]
2026-01-12T21:56:50.040+01:00  INFO 59125 --- [annonceService] [vice-producer-1] org.apache.kafka.clients.Metadata        : [Producer clientId=annonceService-producer-1] Rebootstrapping with [localhost/127.0.0.1:9099]
2026-01-12T21:56:50.092+01:00  INFO 59125 --- [annonceService] [vice-producer-1] org.apache.kafka.clients.Metadata        : [Producer clientId=annonceService-producer-1] Rebootstrapping with [localhost/127.0.0.1:9099]
2026-01-12T21:56:50.143+01:00  INFO 59125 --- [annonceService] [vice-producer-1] org.apache.kafka.clients.Metadata        : [Producer clientId=annonceService-producer-1] Rebootstrapping with [localhost/127.0.0.1:9099]
2026-01-12T21:56:50.194+01:00  INFO 59125 --- [annonceService] [vice-producer-1] org.apache.kafka.clients.Metadata        : [Producer clientId=annonceService-producer-1] Rebootstrapping with [localhost/127.0.0.1:9099]
2026-01-12T21:56:50.245+01:00  INFO 59125 --- [annonceService] [vice-producer-1] org.apache.kafka.clients.Metadata        : [Producer clientId=annonceService-producer-1] Rebootstrapping with [localhost/127.0.0.1:9099]
2026-01-12T21:56:50.297+01:00  INFO 59125 --- [annonceService] [vice-producer-1] org.apache.kafka.clients.NetworkClient   : [Producer clientId=annonceService-producer-1] Node -1 disconnected.
2026-01-12T21:56:50.297+01:00  WARN 59125 --- [annonceService] [vice-producer-1] org.apache.kafka.clients.NetworkClient   : [Producer clientId=annonceService-producer-1] Connection to node -1 (localhost/127.0.0.1:9099) could not be established. Node may not be available.
2026-01-12T21:56:50.298+01:00  WARN 59125 --- [annonceService] [vice-producer-1] org.apache.kafka.clients.NetworkClient   : [Producer clientId=annonceService-producer-1] Bootstrap broker localhost:9099 (id: -1 rack: null isFenced: false) disconnected
2026-01-12T21:56:51.224+01:00  INFO 59125 --- [annonceService] [vice-producer-1] org.apache.kafka.clients.NetworkClient   : [Producer clientId=annonceService-producer-1] Node -1 disconnected.
2026-01-12T21:56:51.226+01:00  WARN 59125 --- [annonceService] [vice-producer-1] org.apache.kafka.clients.NetworkClient   : [Producer clientId=annonceService-producer-1] Connection to node -1 (localhost/127.0.0.1:9099) could not be established. Node may not be available.
2026-01-12T21:56:51.226+01:00  WARN 59125 --- [annonceService] [vice-producer-1] org.apache.kafka.clients.NetworkClient   : [Producer clientId=annonceService-producer-1] Bootstrap broker localhost:9099 (id: -1 rack: null isFenced: false) disconnected
2026-01-12T21:56:51.332+01:00  INFO 59125 --- [annonceService] [vice-producer-1] org.apache.kafka.clients.Metadata        : [Producer clientId=annonceService-producer-1] Rebootstrapping with [localhost/127.0.0.1:9099]
2026-01-12T21:56:51.384+01:00  INFO 59125 --- [annonceService] [vice-producer-1] org.apache.kafka.clients.Metadata        : [Producer clientId=annonceService-producer-1] Rebootstrapping with [localhost/127.0.0.1:9099]
2026-01-12T21:56:51.435+01:00  INFO 59125 --- [annonceService] [vice-producer-1] org.apache.kafka.clients.Metadata        : [Producer clientId=annonceService-producer-1] Rebootstrapping with [localhost/127.0.0.1:9099]
2026-01-12T21:56:51.488+01:00  INFO 59125 --- [annonceService] [vice-producer-1] org.apache.kafka.clients.Metadata        : [Producer clientId=annonceService-producer-1] Rebootstrapping with [localhost/127.0.0.1:9099]
2026-01-12T21:56:51.539+01:00  INFO 59125 --- [annonceService] [vice-producer-1] org.apache.kafka.clients.Metadata        : [Producer clientId=annonceService-producer-1] Rebootstrapping with [localhost/127.0.0.1:9099]
2026-01-12T21:56:51.590+01:00  INFO 59125 --- [annonceService] [vice-producer-1] org.apache.kafka.clients.Metadata        : [Producer clientId=annonceService-producer-1] Rebootstrapping with [localhost/127.0.0.1:9099]
2026-01-12T21:56:51.641+01:00  INFO 59125 --- [annonceService] [vice-producer-1] org.apache.kafka.clients.Metadata        : [Producer clientId=annonceService-producer-1] Rebootstrapping with [localhost/127.0.0.1:9099]
2026-01-12T21:56:51.693+01:00  INFO 59125 --- [annonceService] [vice-producer-1] org.apache.kafka.clients.Metadata        : [Producer clientId=annonceService-producer-1] Rebootstrapping with [localhost/127.0.0.1:9099]
2026-01-12T21:56:51.746+01:00  INFO 59125 --- [annonceService] [vice-producer-1] org.apache.kafka.clients.Metadata        : [Producer clientId=annonceService-producer-1] Rebootstrapping with [localhost/127.0.0.1:9099]
2026-01-12T21:56:51.801+01:00  INFO 59125 --- [annonceService] [vice-producer-1] org.apache.kafka.clients.Metadata        : [Producer clientId=annonceService-producer-1] Rebootstrapping with [localhost/127.0.0.1:9099]
2026-01-12T21:56:51.852+01:00  INFO 59125 --- [annonceService] [vice-producer-1] org.apache.kafka.clients.Metadata        : [Producer clientId=annonceService-producer-1] Rebootstrapping with [localhost/127.0.0.1:9099]
2026-01-12T21:56:51.904+01:00  INFO 59125 --- [annonceService] [vice-producer-1] org.apache.kafka.clients.Metadata        : [Producer clientId=annonceService-producer-1] Rebootstrapping with [localhost/127.0.0.1:9099]
2026-01-12T21:56:51.955+01:00  INFO 59125 --- [annonceService] [vice-producer-1] org.apache.kafka.clients.Metadata        : [Producer clientId=annonceService-producer-1] Rebootstrapping with [localhost/127.0.0.1:9099]
2026-01-12T21:56:52.007+01:00  INFO 59125 --- [annonceService] [vice-producer-1] org.apache.kafka.clients.Metadata        : [Producer clientId=annonceService-producer-1] Rebootstrapping with [localhost/127.0.0.1:9099]
2026-01-12T21:56:52.058+01:00  INFO 59125 --- [annonceService] [vice-producer-1] org.apache.kafka.clients.Metadata        : [Producer clientId=annonceService-producer-1] Rebootstrapping with [localhost/127.0.0.1:9099]
2026-01-12T21:56:52.109+01:00  INFO 59125 --- [annonceService] [vice-producer-1] org.apache.kafka.clients.Metadata        : [Producer clientId=annonceService-producer-1] Rebootstrapping with [localhost/127.0.0.1:9099]
2026-01-12T21:56:52.162+01:00  INFO 59125 --- [annonceService] [vice-producer-1] org.apache.kafka.clients.NetworkClient   : [Producer clientId=annonceService-producer-1] Node -1 disconnected.
2026-01-12T21:56:52.162+01:00  WARN 59125 --- [annonceService] [vice-producer-1] org.apache.kafka.clients.NetworkClient   : [Producer clientId=annonceService-producer-1] Connection to node -1 (localhost/127.0.0.1:9099) could not be established. Node may not be available.
2026-01-12T21:56:52.163+01:00  WARN 59125 --- [annonceService] [vice-producer-1] org.apache.kafka.clients.NetworkClient   : [Producer clientId=annonceService-producer-1] Bootstrap broker localhost:9099 (id: -1 rack: null isFenced: false) disconnected
2026-01-12T21:56:53.041+01:00  INFO 59125 --- [annonceService] [vice-producer-1] org.apache.kafka.clients.Metadata        : [Producer clientId=annonceService-producer-1] Rebootstrapping with [localhost/127.0.0.1:9099]
2026-01-12T21:56:53.164+01:00  INFO 59125 --- [annonceService] [vice-producer-1] org.apache.kafka.clients.NetworkClient   : [Producer clientId=annonceService-producer-1] Node -1 disconnected.
2026-01-12T21:56:53.164+01:00  WARN 59125 --- [annonceService] [vice-producer-1] org.apache.kafka.clients.NetworkClient   : [Producer clientId=annonceService-producer-1] Connection to node -1 (localhost/127.0.0.1:9099) could not be established. Node may not be available.
2026-01-12T21:56:53.164+01:00  WARN 59125 --- [annonceService] [vice-producer-1] org.apache.kafka.clients.NetworkClient   : [Producer clientId=annonceService-producer-1] Bootstrap broker localhost:9099 (id: -1 rack: null isFenced: false) disconnected
2026-01-12T21:56:54.134+01:00  INFO 59125 --- [annonceService] [vice-producer-1] org.apache.kafka.clients.NetworkClient   : [Producer clientId=annonceService-producer-1] Node -1 disconnected.
2026-01-12T21:56:54.134+01:00  WARN 59125 --- [annonceService] [vice-producer-1] org.apache.kafka.clients.NetworkClient   : [Producer clientId=annonceService-producer-1] Connection to node -1 (localhost/127.0.0.1:9099) could not be established. Node may not be available.
2026-01-12T21:56:54.134+01:00  WARN 59125 --- [annonceService] [vice-producer-1] org.apache.kafka.clients.NetworkClient   : [Producer clientId=annonceService-producer-1] Bootstrap broker localhost:9099 (id: -1 rack: null isFenced: false) disconnected
2026-01-12T21:56:54.240+01:00  INFO 59125 --- [annonceService] [vice-producer-1] org.apache.kafka.clients.Metadata        : [Producer clientId=annonceService-producer-1] Rebootstrapping with [localhost/127.0.0.1:9099]
2026-01-12T21:56:54.291+01:00  INFO 59125 --- [annonceService] [vice-producer-1] org.apache.kafka.clients.Metadata        : [Producer clientId=annonceService-producer-1] Rebootstrapping with [localhost/127.0.0.1:9099]
2026-01-12T21:56:54.342+01:00  INFO 59125 --- [annonceService] [vice-producer-1] org.apache.kafka.clients.Metadata        : [Producer clientId=annonceService-producer-1] Rebootstrapping with [localhost/127.0.0.1:9099]
2026-01-12T21:56:54.393+01:00  INFO 59125 --- [annonceService] [vice-producer-1] org.apache.kafka.clients.Metadata        : [Producer clientId=annonceService-producer-1] Rebootstrapping with [localhost/127.0.0.1:9099]
2026-01-12T21:56:54.444+01:00  INFO 59125 --- [annonceService] [vice-producer-1] org.apache.kafka.clients.Metadata        : [Producer clientId=annonceService-producer-1] Rebootstrapping with [localhost/127.0.0.1:9099]
2026-01-12T21:56:54.495+01:00  INFO 59125 --- [annonceService] [vice-producer-1] org.apache.kafka.clients.Metadata        : [Producer clientId=annonceService-producer-1] Rebootstrapping with [localhost/127.0.0.1:9099]
2026-01-12T21:56:54.546+01:00  INFO 59125 --- [annonceService] [vice-producer-1] org.apache.kafka.clients.Metadata        : [Producer clientId=annonceService-producer-1] Rebootstrapping with [localhost/127.0.0.1:9099]
2026-01-12T21:56:54.598+01:00  INFO 59125 --- [annonceService] [vice-producer-1] org.apache.kafka.clients.Metadata        : [Producer clientId=annonceService-producer-1] Rebootstrapping with [localhost/127.0.0.1:9099]
2026-01-12T21:56:54.648+01:00  INFO 59125 --- [annonceService] [vice-producer-1] org.apache.kafka.clients.Metadata        : [Producer clientId=annonceService-producer-1] Rebootstrapping with [localhost/127.0.0.1:9099]
2026-01-12T21:56:54.700+01:00  INFO 59125 --- [annonceService] [vice-producer-1] org.apache.kafka.clients.Metadata        : [Producer clientId=annonceService-producer-1] Rebootstrapping with [localhost/127.0.0.1:9099]
2026-01-12T21:56:54.750+01:00  INFO 59125 --- [annonceService] [vice-producer-1] org.apache.kafka.clients.Metadata        : [Producer clientId=annonceService-producer-1] Rebootstrapping with [localhost/127.0.0.1:9099]
2026-01-12T21:56:54.801+01:00  INFO 59125 --- [annonceService] [vice-producer-1] org.apache.kafka.clients.Metadata        : [Producer clientId=annonceService-producer-1] Rebootstrapping with [localhost/127.0.0.1:9099]
2026-01-12T21:56:54.854+01:00  INFO 59125 --- [annonceService] [vice-producer-1] org.apache.kafka.clients.Metadata        : [Producer clientId=annonceService-producer-1] Rebootstrapping with [localhost/127.0.0.1:9099]
2026-01-12T21:56:54.915+01:00  INFO 59125 --- [annonceService] [vice-producer-1] org.apache.kafka.clients.Metadata        : [Producer clientId=annonceService-producer-1] Rebootstrapping with [localhost/127.0.0.1:9099]
2026-01-12T21:56:54.967+01:00  INFO 59125 --- [annonceService] [vice-producer-1] org.apache.kafka.clients.Metadata        : [Producer clientId=annonceService-producer-1] Rebootstrapping with [localhost/127.0.0.1:9099]
2026-01-12T21:56:55.019+01:00  INFO 59125 --- [annonceService] [vice-producer-1] org.apache.kafka.clients.Metadata        : [Producer clientId=annonceService-producer-1] Rebootstrapping with [localhost/127.0.0.1:9099]
2026-01-12T21:56:55.071+01:00  INFO 59125 --- [annonceService] [vice-producer-1] org.apache.kafka.clients.Metadata        : [Producer clientId=annonceService-producer-1] Rebootstrapping with [localhost/127.0.0.1:9099]
2026-01-12T21:56:55.122+01:00  INFO 59125 --- [annonceService] [vice-producer-1] org.apache.kafka.clients.Metadata        : [Producer clientId=annonceService-producer-1] Rebootstrapping with [localhost/127.0.0.1:9099]
2026-01-12T21:56:55.176+01:00  INFO 59125 --- [annonceService] [vice-producer-1] org.apache.kafka.clients.NetworkClient   : [Producer clientId=annonceService-producer-1] Node -1 disconnected.
2026-01-12T21:56:55.176+01:00  WARN 59125 --- [annonceService] [vice-producer-1] org.apache.kafka.clients.NetworkClient   : [Producer clientId=annonceService-producer-1] Connection to node -1 (localhost/127.0.0.1:9099) could not be established. Node may not be available.
2026-01-12T21:56:55.177+01:00  WARN 59125 --- [annonceService] [vice-producer-1] org.apache.kafka.clients.NetworkClient   : [Producer clientId=annonceService-producer-1] Bootstrap broker localhost:9099 (id: -1 rack: null isFenced: false) disconnected
2026-01-12T21:56:56.183+01:00  INFO 59125 --- [annonceService] [vice-producer-1] org.apache.kafka.clients.NetworkClient   : [Producer clientId=annonceService-producer-1] Node -1 disconnected.
2026-01-12T21:56:56.183+01:00  WARN 59125 --- [annonceService] [vice-producer-1] org.apache.kafka.clients.NetworkClient   : [Producer clientId=annonceService-producer-1] Connection to node -1 (localhost/127.0.0.1:9099) could not be established. Node may not be available.
2026-01-12T21:56:56.183+01:00  WARN 59125 --- [annonceService] [vice-producer-1] org.apache.kafka.clients.NetworkClient   : [Producer clientId=annonceService-producer-1] Bootstrap broker localhost:9099 (id: -1 rack: null isFenced: false) disconnected
2026-01-12T21:56:57.185+01:00  INFO 59125 --- [annonceService] [vice-producer-1] org.apache.kafka.clients.NetworkClient   : [Producer clientId=annonceService-producer-1] Node -1 disconnected.
2026-01-12T21:56:57.185+01:00  WARN 59125 --- [annonceService] [vice-producer-1] org.apache.kafka.clients.NetworkClient   : [Producer clientId=annonceService-producer-1] Connection to node -1 (localhost/127.0.0.1:9099) could not be established. Node may not be available.
2026-01-12T21:56:57.186+01:00  WARN 59125 --- [annonceService] [vice-producer-1] org.apache.kafka.clients.NetworkClient   : [Producer clientId=annonceService-producer-1] Bootstrap broker localhost:9099 (id: -1 rack: null isFenced: false) disconnected
2026-01-12T21:56:58.059+01:00  INFO 59125 --- [annonceService] [vice-producer-1] org.apache.kafka.clients.Metadata        : [Producer clientId=annonceService-producer-1] Rebootstrapping with [localhost/127.0.0.1:9099]
2026-01-12T21:56:58.188+01:00  INFO 59125 --- [annonceService] [vice-producer-1] org.apache.kafka.clients.NetworkClient   : [Producer clientId=annonceService-producer-1] Node -1 disconnected.
2026-01-12T21:56:58.188+01:00  WARN 59125 --- [annonceService] [vice-producer-1] org.apache.kafka.clients.NetworkClient   : [Producer clientId=annonceService-producer-1] Connection to node -1 (localhost/127.0.0.1:9099) could not be established. Node may not be available.
2026-01-12T21:56:58.188+01:00  WARN 59125 --- [annonceService] [vice-producer-1] org.apache.kafka.clients.NetworkClient   : [Producer clientId=annonceService-producer-1] Bootstrap broker localhost:9099 (id: -1 rack: null isFenced: false) disconnected
2026-01-12T21:56:59.048+01:00  INFO 59125 --- [annonceService] [vice-producer-1] org.apache.kafka.clients.Metadata        : [Producer clientId=annonceService-producer-1] Rebootstrapping with [localhost/127.0.0.1:9099]
2026-01-12T21:56:59.151+01:00  INFO 59125 --- [annonceService] [vice-producer-1] org.apache.kafka.clients.Metadata        : [Producer clientId=annonceService-producer-1] Rebootstrapping with [localhost/127.0.0.1:9099]
2026-01-12T21:56:59.204+01:00  INFO 59125 --- [annonceService] [vice-producer-1] org.apache.kafka.clients.NetworkClient   : [Producer clientId=annonceService-producer-1] Node -1 disconnected.
2026-01-12T21:56:59.204+01:00  WARN 59125 --- [annonceService] [vice-producer-1] org.apache.kafka.clients.NetworkClient   : [Producer clientId=annonceService-producer-1] Connection to node -1 (localhost/127.0.0.1:9099) could not be established. Node may not be available.
2026-01-12T21:56:59.204+01:00  WARN 59125 --- [annonceService] [vice-producer-1] org.apache.kafka.clients.NetworkClient   : [Producer clientId=annonceService-producer-1] Bootstrap broker localhost:9099 (id: -1 rack: null isFenced: false) disconnected
2026-01-12T21:57:00.190+01:00  INFO 59125 --- [annonceService] [vice-producer-1] org.apache.kafka.clients.Metadata        : [Producer clientId=annonceService-producer-1] Rebootstrapping with [localhost/127.0.0.1:9099]
2026-01-12T21:57:00.243+01:00  INFO 59125 --- [annonceService] [vice-producer-1] org.apache.kafka.clients.NetworkClient   : [Producer clientId=annonceService-producer-1] Node -1 disconnected.
2026-01-12T21:57:00.244+01:00  WARN 59125 --- [annonceService] [vice-producer-1] org.apache.kafka.clients.NetworkClient   : [Producer clientId=annonceService-producer-1] Connection to node -1 (localhost/127.0.0.1:9099) could not be established. Node may not be available.
2026-01-12T21:57:00.244+01:00  WARN 59125 --- [annonceService] [vice-producer-1] org.apache.kafka.clients.NetworkClient   : [Producer clientId=annonceService-producer-1] Bootstrap broker localhost:9099 (id: -1 rack: null isFenced: false) disconnected
2026-01-12T21:57:01.113+01:00  INFO 59125 --- [annonceService] [vice-producer-1] org.apache.kafka.clients.Metadata        : [Producer clientId=annonceService-producer-1] Rebootstrapping with [localhost/127.0.0.1:9099]
2026-01-12T21:57:01.245+01:00  INFO 59125 --- [annonceService] [vice-producer-1] org.apache.kafka.clients.NetworkClient   : [Producer clientId=annonceService-producer-1] Node -1 disconnected.
2026-01-12T21:57:01.246+01:00  WARN 59125 --- [annonceService] [vice-producer-1] org.apache.kafka.clients.NetworkClient   : [Producer clientId=annonceService-producer-1] Connection to node -1 (localhost/127.0.0.1:9099) could not be established. Node may not be available.
2026-01-12T21:57:01.246+01:00  WARN 59125 --- [annonceService] [vice-producer-1] org.apache.kafka.clients.NetworkClient   : [Producer clientId=annonceService-producer-1] Bootstrap broker localhost:9099 (id: -1 rack: null isFenced: false) disconnected
2026-01-12T21:57:02.171+01:00  INFO 59125 --- [annonceService] [vice-producer-1] org.apache.kafka.clients.Metadata        : [Producer clientId=annonceService-producer-1] Rebootstrapping with [localhost/127.0.0.1:9099]
2026-01-12T21:57:02.223+01:00  INFO 59125 --- [annonceService] [vice-producer-1] org.apache.kafka.clients.Metadata        : [Producer clientId=annonceService-producer-1] Rebootstrapping with [localhost/127.0.0.1:9099]
2026-01-12T21:57:02.277+01:00  INFO 59125 --- [annonceService] [vice-producer-1] org.apache.kafka.clients.NetworkClient   : [Producer clientId=annonceService-producer-1] Node -1 disconnected.
2026-01-12T21:57:02.278+01:00  WARN 59125 --- [annonceService] [vice-producer-1] org.apache.kafka.clients.NetworkClient   : [Producer clientId=annonceService-producer-1] Connection to node -1 (localhost/127.0.0.1:9099) could not be established. Node may not be available.
2026-01-12T21:57:02.278+01:00  WARN 59125 --- [annonceService] [vice-producer-1] org.apache.kafka.clients.NetworkClient   : [Producer clientId=annonceService-producer-1] Bootstrap broker localhost:9099 (id: -1 rack: null isFenced: false) disconnected
2026-01-12T21:57:03.146+01:00  INFO 59125 --- [annonceService] [vice-producer-1] org.apache.kafka.clients.Metadata        : [Producer clientId=annonceService-producer-1] Rebootstrapping with [localhost/127.0.0.1:9099]
2026-01-12T21:57:03.248+01:00  INFO 59125 --- [annonceService] [vice-producer-1] org.apache.kafka.clients.Metadata        : [Producer clientId=annonceService-producer-1] Rebootstrapping with [localhost/127.0.0.1:9099]
2026-01-12T21:57:03.300+01:00  INFO 59125 --- [annonceService] [vice-producer-1] org.apache.kafka.clients.NetworkClient   : [Producer clientId=annonceService-producer-1] Node -1 disconnected.
2026-01-12T21:57:03.300+01:00  WARN 59125 --- [annonceService] [vice-producer-1] org.apache.kafka.clients.NetworkClient   : [Producer clientId=annonceService-producer-1] Connection to node -1 (localhost/127.0.0.1:9099) could not be established. Node may not be available.
2026-01-12T21:57:03.300+01:00  WARN 59125 --- [annonceService] [vice-producer-1] org.apache.kafka.clients.NetworkClient   : [Producer clientId=annonceService-producer-1] Bootstrap broker localhost:9099 (id: -1 rack: null isFenced: false) disconnected
2026-01-12T21:57:04.213+01:00  INFO 59125 --- [annonceService] [vice-producer-1] org.apache.kafka.clients.NetworkClient   : [Producer clientId=annonceService-producer-1] Node -1 disconnected.
2026-01-12T21:57:04.213+01:00  WARN 59125 --- [annonceService] [vice-producer-1] org.apache.kafka.clients.NetworkClient   : [Producer clientId=annonceService-producer-1] Connection to node -1 (localhost/127.0.0.1:9099) could not be established. Node may not be available.
2026-01-12T21:57:04.213+01:00  WARN 59125 --- [annonceService] [vice-producer-1] org.apache.kafka.clients.NetworkClient   : [Producer clientId=annonceService-producer-1] Bootstrap broker localhost:9099 (id: -1 rack: null isFenced: false) disconnected
2026-01-12T21:57:04.317+01:00  INFO 59125 --- [annonceService] [vice-producer-1] org.apache.kafka.clients.Metadata        : [Producer clientId=annonceService-producer-1] Rebootstrapping with [localhost/127.0.0.1:9099]
2026-01-12T21:57:04.368+01:00  INFO 59125 --- [annonceService] [vice-producer-1] org.apache.kafka.clients.Metadata        : [Producer clientId=annonceService-producer-1] Rebootstrapping with [localhost/127.0.0.1:9099]
2026-01-12T21:57:04.419+01:00  INFO 59125 --- [annonceService] [vice-producer-1] org.apache.kafka.clients.Metadata        : [Producer clientId=annonceService-producer-1] Rebootstrapping with [localhost/127.0.0.1:9099]
2026-01-12T21:57:04.471+01:00  INFO 59125 --- [annonceService] [vice-producer-1] org.apache.kafka.clients.Metadata        : [Producer clientId=annonceService-producer-1] Rebootstrapping with [localhost/127.0.0.1:9099]
2026-01-12T21:57:04.522+01:00  INFO 59125 --- [annonceService] [vice-producer-1] org.apache.kafka.clients.Metadata        : [Producer clientId=annonceService-producer-1] Rebootstrapping with [localhost/127.0.0.1:9099]
2026-01-12T21:57:04.573+01:00  INFO 59125 --- [annonceService] [vice-producer-1] org.apache.kafka.clients.Metadata        : [Producer clientId=annonceService-producer-1] Rebootstrapping with [localhost/127.0.0.1:9099]
2026-01-12T21:57:04.625+01:00  INFO 59125 --- [annonceService] [vice-producer-1] org.apache.kafka.clients.Metadata        : [Producer clientId=annonceService-producer-1] Rebootstrapping with [localhost/127.0.0.1:9099]
2026-01-12T21:57:04.677+01:00  INFO 59125 --- [annonceService] [vice-producer-1] org.apache.kafka.clients.Metadata        : [Producer clientId=annonceService-producer-1] Rebootstrapping with [localhost/127.0.0.1:9099]
2026-01-12T21:57:04.729+01:00  INFO 59125 --- [annonceService] [vice-producer-1] org.apache.kafka.clients.Metadata        : [Producer clientId=annonceService-producer-1] Rebootstrapping with [localhost/127.0.0.1:9099]
2026-01-12T21:57:04.780+01:00  INFO 59125 --- [annonceService] [vice-producer-1] org.apache.kafka.clients.Metadata        : [Producer clientId=annonceService-producer-1] Rebootstrapping with [localhost/127.0.0.1:9099]
2026-01-12T21:57:04.831+01:00  INFO 59125 --- [annonceService] [vice-producer-1] org.apache.kafka.clients.Metadata        : [Producer clientId=annonceService-producer-1] Rebootstrapping with [localhost/127.0.0.1:9099]
2026-01-12T21:57:04.882+01:00  INFO 59125 --- [annonceService] [vice-producer-1] org.apache.kafka.clients.Metadata        : [Producer clientId=annonceService-producer-1] Rebootstrapping with [localhost/127.0.0.1:9099]
2026-01-12T21:57:04.934+01:00  INFO 59125 --- [annonceService] [vice-producer-1] org.apache.kafka.clients.Metadata        : [Producer clientId=annonceService-producer-1] Rebootstrapping with [localhost/127.0.0.1:9099]
2026-01-12T21:57:04.985+01:00  INFO 59125 --- [annonceService] [vice-producer-1] org.apache.kafka.clients.Metadata        : [Producer clientId=annonceService-producer-1] Rebootstrapping with [localhost/127.0.0.1:9099]
2026-01-12T21:57:05.036+01:00  INFO 59125 --- [annonceService] [vice-producer-1] org.apache.kafka.clients.Metadata        : [Producer clientId=annonceService-producer-1] Rebootstrapping with [localhost/127.0.0.1:9099]
2026-01-12T21:57:05.087+01:00  INFO 59125 --- [annonceService] [vice-producer-1] org.apache.kafka.clients.Metadata        : [Producer clientId=annonceService-producer-1] Rebootstrapping with [localhost/127.0.0.1:9099]
2026-01-12T21:57:05.139+01:00  INFO 59125 --- [annonceService] [vice-producer-1] org.apache.kafka.clients.Metadata        : [Producer clientId=annonceService-producer-1] Rebootstrapping with [localhost/127.0.0.1:9099]
2026-01-12T21:57:05.191+01:00  INFO 59125 --- [annonceService] [vice-producer-1] org.apache.kafka.clients.NetworkClient   : [Producer clientId=annonceService-producer-1] Node -1 disconnected.
2026-01-12T21:57:05.192+01:00  WARN 59125 --- [annonceService] [vice-producer-1] org.apache.kafka.clients.NetworkClient   : [Producer clientId=annonceService-producer-1] Connection to node -1 (localhost/127.0.0.1:9099) could not be established. Node may not be available.
2026-01-12T21:57:05.192+01:00  WARN 59125 --- [annonceService] [vice-producer-1] org.apache.kafka.clients.NetworkClient   : [Producer clientId=annonceService-producer-1] Bootstrap broker localhost:9099 (id: -1 rack: null isFenced: false) disconnected
2026-01-12T21:57:06.064+01:00  INFO 59125 --- [annonceService] [vice-producer-1] org.apache.kafka.clients.NetworkClient   : [Producer clientId=annonceService-producer-1] Node -1 disconnected.
2026-01-12T21:57:06.064+01:00  WARN 59125 --- [annonceService] [vice-producer-1] org.apache.kafka.clients.NetworkClient   : [Producer clientId=annonceService-producer-1] Connection to node -1 (localhost/127.0.0.1:9099) could not be established. Node may not be available.
2026-01-12T21:57:06.065+01:00  WARN 59125 --- [annonceService] [vice-producer-1] org.apache.kafka.clients.NetworkClient   : [Producer clientId=annonceService-producer-1] Bootstrap broker localhost:9099 (id: -1 rack: null isFenced: false) disconnected
2026-01-12T21:57:06.186+01:00  INFO 59125 --- [annonceService] [vice-producer-1] org.apache.kafka.clients.Metadata        : [Producer clientId=annonceService-producer-1] Rebootstrapping with [localhost/127.0.0.1:9099]
2026-01-12T21:57:06.239+01:00  INFO 59125 --- [annonceService] [vice-producer-1] org.apache.kafka.clients.Metadata        : [Producer clientId=annonceService-producer-1] Rebootstrapping with [localhost/127.0.0.1:9099]
2026-01-12T21:57:06.292+01:00  INFO 59125 --- [annonceService] [vice-producer-1] org.apache.kafka.clients.Metadata        : [Producer clientId=annonceService-producer-1] Rebootstrapping with [localhost/127.0.0.1:9099]
2026-01-12T21:57:06.343+01:00  INFO 59125 --- [annonceService] [vice-producer-1] org.apache.kafka.clients.Metadata        : [Producer clientId=annonceService-producer-1] Rebootstrapping with [localhost/127.0.0.1:9099]
2026-01-12T21:57:06.395+01:00  INFO 59125 --- [annonceService] [vice-producer-1] org.apache.kafka.clients.Metadata        : [Producer clientId=annonceService-producer-1] Rebootstrapping with [localhost/127.0.0.1:9099]
2026-01-12T21:57:06.446+01:00  INFO 59125 --- [annonceService] [vice-producer-1] org.apache.kafka.clients.Metadata        : [Producer clientId=annonceService-producer-1] Rebootstrapping with [localhost/127.0.0.1:9099]
2026-01-12T21:57:06.498+01:00  INFO 59125 --- [annonceService] [vice-producer-1] org.apache.kafka.clients.Metadata        : [Producer clientId=annonceService-producer-1] Rebootstrapping with [localhost/127.0.0.1:9099]
2026-01-12T21:57:06.549+01:00  INFO 59125 --- [annonceService] [vice-producer-1] org.apache.kafka.clients.Metadata        : [Producer clientId=annonceService-producer-1] Rebootstrapping with [localhost/127.0.0.1:9099]
2026-01-12T21:57:06.601+01:00  INFO 59125 --- [annonceService] [vice-producer-1] org.apache.kafka.clients.Metadata        : [Producer clientId=annonceService-producer-1] Rebootstrapping with [localhost/127.0.0.1:9099]
2026-01-12T21:57:06.652+01:00  INFO 59125 --- [annonceService] [vice-producer-1] org.apache.kafka.clients.Metadata        : [Producer clientId=annonceService-producer-1] Rebootstrapping with [localhost/127.0.0.1:9099]
2026-01-12T21:57:06.704+01:00  INFO 59125 --- [annonceService] [vice-producer-1] org.apache.kafka.clients.Metadata        : [Producer clientId=annonceService-producer-1] Rebootstrapping with [localhost/127.0.0.1:9099]
2026-01-12T21:57:06.755+01:00  INFO 59125 --- [annonceService] [vice-producer-1] org.apache.kafka.clients.Metadata        : [Producer clientId=annonceService-producer-1] Rebootstrapping with [localhost/127.0.0.1:9099]
2026-01-12T21:57:06.807+01:00  INFO 59125 --- [annonceService] [vice-producer-1] org.apache.kafka.clients.Metadata        : [Producer clientId=annonceService-producer-1] Rebootstrapping with [localhost/127.0.0.1:9099]
2026-01-12T21:57:06.858+01:00  INFO 59125 --- [annonceService] [vice-producer-1] org.apache.kafka.clients.Metadata        : [Producer clientId=annonceService-producer-1] Rebootstrapping with [localhost/127.0.0.1:9099]
2026-01-12T21:57:06.909+01:00  INFO 59125 --- [annonceService] [vice-producer-1] org.apache.kafka.clients.Metadata        : [Producer clientId=annonceService-producer-1] Rebootstrapping with [localhost/127.0.0.1:9099]
2026-01-12T21:57:06.961+01:00  INFO 59125 --- [annonceService] [vice-producer-1] org.apache.kafka.clients.Metadata        : [Producer clientId=annonceService-producer-1] Rebootstrapping with [localhost/127.0.0.1:9099]
2026-01-12T21:57:07.012+01:00  INFO 59125 --- [annonceService] [vice-producer-1] org.apache.kafka.clients.Metadata        : [Producer clientId=annonceService-producer-1] Rebootstrapping with [localhost/127.0.0.1:9099]
2026-01-12T21:57:07.062+01:00  INFO 59125 --- [annonceService] [vice-producer-1] org.apache.kafka.clients.Metadata        : [Producer clientId=annonceService-producer-1] Rebootstrapping with [localhost/127.0.0.1:9099]
2026-01-12T21:57:07.115+01:00  INFO 59125 --- [annonceService] [vice-producer-1] org.apache.kafka.clients.NetworkClient   : [Producer clientId=annonceService-producer-1] Node -1 disconnected.
2026-01-12T21:57:07.115+01:00  WARN 59125 --- [annonceService] [vice-producer-1] org.apache.kafka.clients.NetworkClient   : [Producer clientId=annonceService-producer-1] Connection to node -1 (localhost/127.0.0.1:9099) could not be established. Node may not be available.
2026-01-12T21:57:07.115+01:00  WARN 59125 --- [annonceService] [vice-producer-1] org.apache.kafka.clients.NetworkClient   : [Producer clientId=annonceService-producer-1] Bootstrap broker localhost:9099 (id: -1 rack: null isFenced: false) disconnected
2026-01-12T21:57:07.944+01:00  INFO 59125 --- [annonceService] [vice-producer-1] org.apache.kafka.clients.NetworkClient   : [Producer clientId=annonceService-producer-1] Node -1 disconnected.
2026-01-12T21:57:07.944+01:00  WARN 59125 --- [annonceService] [vice-producer-1] org.apache.kafka.clients.NetworkClient   : [Producer clientId=annonceService-producer-1] Connection to node -1 (localhost/127.0.0.1:9099) could not be established. Node may not be available.
2026-01-12T21:57:07.944+01:00  WARN 59125 --- [annonceService] [vice-producer-1] org.apache.kafka.clients.NetworkClient   : [Producer clientId=annonceService-producer-1] Bootstrap broker localhost:9099 (id: -1 rack: null isFenced: false) disconnected
2026-01-12T21:57:08.862+01:00  INFO 59125 --- [annonceService] [vice-producer-1] org.apache.kafka.clients.Metadata        : [Producer clientId=annonceService-producer-1] Rebootstrapping with [localhost/127.0.0.1:9099]
2026-01-12T21:57:08.914+01:00  INFO 59125 --- [annonceService] [vice-producer-1] org.apache.kafka.clients.Metadata        : [Producer clientId=annonceService-producer-1] Rebootstrapping with [localhost/127.0.0.1:9099]
2026-01-12T21:57:08.966+01:00  INFO 59125 --- [annonceService] [vice-producer-1] org.apache.kafka.clients.NetworkClient   : [Producer clientId=annonceService-producer-1] Node -1 disconnected.
2026-01-12T21:57:08.966+01:00  WARN 59125 --- [annonceService] [vice-producer-1] org.apache.kafka.clients.NetworkClient   : [Producer clientId=annonceService-producer-1] Connection to node -1 (localhost/127.0.0.1:9099) could not be established. Node may not be available.
2026-01-12T21:57:08.966+01:00  WARN 59125 --- [annonceService] [vice-producer-1] org.apache.kafka.clients.NetworkClient   : [Producer clientId=annonceService-producer-1] Bootstrap broker localhost:9099 (id: -1 rack: null isFenced: false) disconnected
2026-01-12T21:57:09.968+01:00  INFO 59125 --- [annonceService] [vice-producer-1] org.apache.kafka.clients.NetworkClient   : [Producer clientId=annonceService-producer-1] Node -1 disconnected.
2026-01-12T21:57:09.969+01:00  WARN 59125 --- [annonceService] [vice-producer-1] org.apache.kafka.clients.NetworkClient   : [Producer clientId=annonceService-producer-1] Connection to node -1 (localhost/127.0.0.1:9099) could not be established. Node may not be available.
2026-01-12T21:57:09.969+01:00  WARN 59125 --- [annonceService] [vice-producer-1] org.apache.kafka.clients.NetworkClient   : [Producer clientId=annonceService-producer-1] Bootstrap broker localhost:9099 (id: -1 rack: null isFenced: false) disconnected
2026-01-12T21:57:10.877+01:00  INFO 59125 --- [annonceService] [vice-producer-1] org.apache.kafka.clients.NetworkClient   : [Producer clientId=annonceService-producer-1] Node -1 disconnected.
2026-01-12T21:57:10.878+01:00  WARN 59125 --- [annonceService] [vice-producer-1] org.apache.kafka.clients.NetworkClient   : [Producer clientId=annonceService-producer-1] Connection to node -1 (localhost/127.0.0.1:9099) could not be established. Node may not be available.
2026-01-12T21:57:10.878+01:00  WARN 59125 --- [annonceService] [vice-producer-1] org.apache.kafka.clients.NetworkClient   : [Producer clientId=annonceService-producer-1] Bootstrap broker localhost:9099 (id: -1 rack: null isFenced: false) disconnected
2026-01-12T21:57:10.982+01:00  INFO 59125 --- [annonceService] [vice-producer-1] org.apache.kafka.clients.Metadata        : [Producer clientId=annonceService-producer-1] Rebootstrapping with [localhost/127.0.0.1:9099]
2026-01-12T21:57:11.033+01:00  INFO 59125 --- [annonceService] [vice-producer-1] org.apache.kafka.clients.Metadata        : [Producer clientId=annonceService-producer-1] Rebootstrapping with [localhost/127.0.0.1:9099]
2026-01-12T21:57:11.085+01:00  INFO 59125 --- [annonceService] [vice-producer-1] org.apache.kafka.clients.Metadata        : [Producer clientId=annonceService-producer-1] Rebootstrapping with [localhost/127.0.0.1:9099]
2026-01-12T21:57:11.135+01:00  INFO 59125 --- [annonceService] [vice-producer-1] org.apache.kafka.clients.Metadata        : [Producer clientId=annonceService-producer-1] Rebootstrapping with [localhost/127.0.0.1:9099]
2026-01-12T21:57:11.186+01:00  INFO 59125 --- [annonceService] [vice-producer-1] org.apache.kafka.clients.Metadata        : [Producer clientId=annonceService-producer-1] Rebootstrapping with [localhost/127.0.0.1:9099]
2026-01-12T21:57:11.237+01:00  INFO 59125 --- [annonceService] [vice-producer-1] org.apache.kafka.clients.Metadata        : [Producer clientId=annonceService-producer-1] Rebootstrapping with [localhost/127.0.0.1:9099]
2026-01-12T21:57:11.288+01:00  INFO 59125 --- [annonceService] [vice-producer-1] org.apache.kafka.clients.Metadata        : [Producer clientId=annonceService-producer-1] Rebootstrapping with [localhost/127.0.0.1:9099]
2026-01-12T21:57:11.340+01:00  INFO 59125 --- [annonceService] [vice-producer-1] org.apache.kafka.clients.Metadata        : [Producer clientId=annonceService-producer-1] Rebootstrapping with [localhost/127.0.0.1:9099]
2026-01-12T21:57:11.391+01:00  INFO 59125 --- [annonceService] [vice-producer-1] org.apache.kafka.clients.Metadata        : [Producer clientId=annonceService-producer-1] Rebootstrapping with [localhost/127.0.0.1:9099]
2026-01-12T21:57:11.443+01:00  INFO 59125 --- [annonceService] [vice-producer-1] org.apache.kafka.clients.Metadata        : [Producer clientId=annonceService-producer-1] Rebootstrapping with [localhost/127.0.0.1:9099]
2026-01-12T21:57:11.494+01:00  INFO 59125 --- [annonceService] [vice-producer-1] org.apache.kafka.clients.Metadata        : [Producer clientId=annonceService-producer-1] Rebootstrapping with [localhost/127.0.0.1:9099]
2026-01-12T21:57:11.545+01:00  INFO 59125 --- [annonceService] [vice-producer-1] org.apache.kafka.clients.Metadata        : [Producer clientId=annonceService-producer-1] Rebootstrapping with [localhost/127.0.0.1:9099]
2026-01-12T21:57:11.597+01:00  INFO 59125 --- [annonceService] [vice-producer-1] org.apache.kafka.clients.Metadata        : [Producer clientId=annonceService-producer-1] Rebootstrapping with [localhost/127.0.0.1:9099]
2026-01-12T21:57:11.648+01:00  INFO 59125 --- [annonceService] [vice-producer-1] org.apache.kafka.clients.Metadata        : [Producer clientId=annonceService-producer-1] Rebootstrapping with [localhost/127.0.0.1:9099]
2026-01-12T21:57:11.700+01:00  INFO 59125 --- [annonceService] [vice-producer-1] org.apache.kafka.clients.Metadata        : [Producer clientId=annonceService-producer-1] Rebootstrapping with [localhost/127.0.0.1:9099]
2026-01-12T21:57:11.751+01:00  INFO 59125 --- [annonceService] [vice-producer-1] org.apache.kafka.clients.Metadata        : [Producer clientId=annonceService-producer-1] Rebootstrapping with [localhost/127.0.0.1:9099]
2026-01-12T21:57:11.803+01:00  INFO 59125 --- [annonceService] [vice-producer-1] org.apache.kafka.clients.Metadata        : [Producer clientId=annonceService-producer-1] Rebootstrapping with [localhost/127.0.0.1:9099]
2026-01-12T21:57:11.856+01:00  INFO 59125 --- [annonceService] [vice-producer-1] org.apache.kafka.clients.NetworkClient   : [Producer clientId=annonceService-producer-1] Node -1 disconnected.
2026-01-12T21:57:11.856+01:00  WARN 59125 --- [annonceService] [vice-producer-1] org.apache.kafka.clients.NetworkClient   : [Producer clientId=annonceService-producer-1] Connection to node -1 (localhost/127.0.0.1:9099) could not be established. Node may not be available.
2026-01-12T21:57:11.856+01:00  WARN 59125 --- [annonceService] [vice-producer-1] org.apache.kafka.clients.NetworkClient   : [Producer clientId=annonceService-producer-1] Bootstrap broker localhost:9099 (id: -1 rack: null isFenced: false) disconnected
2026-01-12T21:57:12.844+01:00  INFO 59125 --- [annonceService] [vice-producer-1] org.apache.kafka.clients.Metadata        : [Producer clientId=annonceService-producer-1] Rebootstrapping with [localhost/127.0.0.1:9099]
2026-01-12T21:57:12.897+01:00  INFO 59125 --- [annonceService] [vice-producer-1] org.apache.kafka.clients.NetworkClient   : [Producer clientId=annonceService-producer-1] Node -1 disconnected.
2026-01-12T21:57:12.897+01:00  WARN 59125 --- [annonceService] [vice-producer-1] org.apache.kafka.clients.NetworkClient   : [Producer clientId=annonceService-producer-1] Connection to node -1 (localhost/127.0.0.1:9099) could not be established. Node may not be available.
2026-01-12T21:57:12.897+01:00  WARN 59125 --- [annonceService] [vice-producer-1] org.apache.kafka.clients.NetworkClient   : [Producer clientId=annonceService-producer-1] Bootstrap broker localhost:9099 (id: -1 rack: null isFenced: false) disconnected
2026-01-12T21:57:13.764+01:00  INFO 59125 --- [annonceService] [vice-producer-1] org.apache.kafka.clients.Metadata        : [Producer clientId=annonceService-producer-1] Rebootstrapping with [localhost/127.0.0.1:9099]
2026-01-12T21:57:13.900+01:00  INFO 59125 --- [annonceService] [vice-producer-1] org.apache.kafka.clients.NetworkClient   : [Producer clientId=annonceService-producer-1] Node -1 disconnected.
2026-01-12T21:57:13.900+01:00  WARN 59125 --- [annonceService] [vice-producer-1] org.apache.kafka.clients.NetworkClient   : [Producer clientId=annonceService-producer-1] Connection to node -1 (localhost/127.0.0.1:9099) could not be established. Node may not be available.
2026-01-12T21:57:13.900+01:00  WARN 59125 --- [annonceService] [vice-producer-1] org.apache.kafka.clients.NetworkClient   : [Producer clientId=annonceService-producer-1] Bootstrap broker localhost:9099 (id: -1 rack: null isFenced: false) disconnected
2026-01-12T21:57:14.818+01:00  INFO 59125 --- [annonceService] [vice-producer-1] org.apache.kafka.clients.Metadata        : [Producer clientId=annonceService-producer-1] Rebootstrapping with [localhost/127.0.0.1:9099]
2026-01-12T21:57:14.870+01:00  INFO 59125 --- [annonceService] [vice-producer-1] org.apache.kafka.clients.Metadata        : [Producer clientId=annonceService-producer-1] Rebootstrapping with [localhost/127.0.0.1:9099]
2026-01-12T21:57:14.922+01:00  INFO 59125 --- [annonceService] [vice-producer-1] org.apache.kafka.clients.NetworkClient   : [Producer clientId=annonceService-producer-1] Node -1 disconnected.
2026-01-12T21:57:14.923+01:00  WARN 59125 --- [annonceService] [vice-producer-1] org.apache.kafka.clients.NetworkClient   : [Producer clientId=annonceService-producer-1] Connection to node -1 (localhost/127.0.0.1:9099) could not be established. Node may not be available.
2026-01-12T21:57:14.923+01:00  WARN 59125 --- [annonceService] [vice-producer-1] org.apache.kafka.clients.NetworkClient   : [Producer clientId=annonceService-producer-1] Bootstrap broker localhost:9099 (id: -1 rack: null isFenced: false) disconnected
2026-01-12T21:57:15.794+01:00  INFO 59125 --- [annonceService] [vice-producer-1] org.apache.kafka.clients.NetworkClient   : [Producer clientId=annonceService-producer-1] Node -1 disconnected.
2026-01-12T21:57:15.794+01:00  WARN 59125 --- [annonceService] [vice-producer-1] org.apache.kafka.clients.NetworkClient   : [Producer clientId=annonceService-producer-1] Connection to node -1 (localhost/127.0.0.1:9099) could not be established. Node may not be available.
2026-01-12T21:57:15.794+01:00  WARN 59125 --- [annonceService] [vice-producer-1] org.apache.kafka.clients.NetworkClient   : [Producer clientId=annonceService-producer-1] Bootstrap broker localhost:9099 (id: -1 rack: null isFenced: false) disconnected
2026-01-12T21:57:15.923+01:00  INFO 59125 --- [annonceService] [vice-producer-1] org.apache.kafka.clients.Metadata        : [Producer clientId=annonceService-producer-1] Rebootstrapping with [localhost/127.0.0.1:9099]
2026-01-12T21:57:15.974+01:00  INFO 59125 --- [annonceService] [vice-producer-1] org.apache.kafka.clients.Metadata        : [Producer clientId=annonceService-producer-1] Rebootstrapping with [localhost/127.0.0.1:9099]
2026-01-12T21:57:16.026+01:00  INFO 59125 --- [annonceService] [vice-producer-1] org.apache.kafka.clients.Metadata        : [Producer clientId=annonceService-producer-1] Rebootstrapping with [localhost/127.0.0.1:9099]
2026-01-12T21:57:16.077+01:00  INFO 59125 --- [annonceService] [vice-producer-1] org.apache.kafka.clients.Metadata        : [Producer clientId=annonceService-producer-1] Rebootstrapping with [localhost/127.0.0.1:9099]
2026-01-12T21:57:16.129+01:00  INFO 59125 --- [annonceService] [vice-producer-1] org.apache.kafka.clients.Metadata        : [Producer clientId=annonceService-producer-1] Rebootstrapping with [localhost/127.0.0.1:9099]
2026-01-12T21:57:16.180+01:00  INFO 59125 --- [annonceService] [vice-producer-1] org.apache.kafka.clients.Metadata        : [Producer clientId=annonceService-producer-1] Rebootstrapping with [localhost/127.0.0.1:9099]
2026-01-12T21:57:16.232+01:00  INFO 59125 --- [annonceService] [vice-producer-1] org.apache.kafka.clients.Metadata        : [Producer clientId=annonceService-producer-1] Rebootstrapping with [localhost/127.0.0.1:9099]
2026-01-12T21:57:16.283+01:00  INFO 59125 --- [annonceService] [vice-producer-1] org.apache.kafka.clients.Metadata        : [Producer clientId=annonceService-producer-1] Rebootstrapping with [localhost/127.0.0.1:9099]
2026-01-12T21:57:16.334+01:00  INFO 59125 --- [annonceService] [vice-producer-1] org.apache.kafka.clients.Metadata        : [Producer clientId=annonceService-producer-1] Rebootstrapping with [localhost/127.0.0.1:9099]
2026-01-12T21:57:16.385+01:00  INFO 59125 --- [annonceService] [vice-producer-1] org.apache.kafka.clients.Metadata        : [Producer clientId=annonceService-producer-1] Rebootstrapping with [localhost/127.0.0.1:9099]
2026-01-12T21:57:16.437+01:00  INFO 59125 --- [annonceService] [vice-producer-1] org.apache.kafka.clients.Metadata        : [Producer clientId=annonceService-producer-1] Rebootstrapping with [localhost/127.0.0.1:9099]
2026-01-12T21:57:16.488+01:00  INFO 59125 --- [annonceService] [vice-producer-1] org.apache.kafka.clients.Metadata        : [Producer clientId=annonceService-producer-1] Rebootstrapping with [localhost/127.0.0.1:9099]
2026-01-12T21:57:16.540+01:00  INFO 59125 --- [annonceService] [vice-producer-1] org.apache.kafka.clients.Metadata        : [Producer clientId=annonceService-producer-1] Rebootstrapping with [localhost/127.0.0.1:9099]
2026-01-12T21:57:16.591+01:00  INFO 59125 --- [annonceService] [vice-producer-1] org.apache.kafka.clients.Metadata        : [Producer clientId=annonceService-producer-1] Rebootstrapping with [localhost/127.0.0.1:9099]
2026-01-12T21:57:16.643+01:00  INFO 59125 --- [annonceService] [vice-producer-1] org.apache.kafka.clients.Metadata        : [Producer clientId=annonceService-producer-1] Rebootstrapping with [localhost/127.0.0.1:9099]
2026-01-12T21:57:16.695+01:00  INFO 59125 --- [annonceService] [vice-producer-1] org.apache.kafka.clients.Metadata        : [Producer clientId=annonceService-producer-1] Rebootstrapping with [localhost/127.0.0.1:9099]
2026-01-12T21:57:16.746+01:00  INFO 59125 --- [annonceService] [vice-producer-1] org.apache.kafka.clients.Metadata        : [Producer clientId=annonceService-producer-1] Rebootstrapping with [localhost/127.0.0.1:9099]
2026-01-12T21:57:16.797+01:00  INFO 59125 --- [annonceService] [vice-producer-1] org.apache.kafka.clients.NetworkClient   : [Producer clientId=annonceService-producer-1] Node -1 disconnected.
2026-01-12T21:57:16.797+01:00  WARN 59125 --- [annonceService] [vice-producer-1] org.apache.kafka.clients.NetworkClient   : [Producer clientId=annonceService-producer-1] Connection to node -1 (localhost/127.0.0.1:9099) could not be established. Node may not be available.
2026-01-12T21:57:16.797+01:00  WARN 59125 --- [annonceService] [vice-producer-1] org.apache.kafka.clients.NetworkClient   : [Producer clientId=annonceService-producer-1] Bootstrap broker localhost:9099 (id: -1 rack: null isFenced: false) disconnected
2026-01-12T21:57:17.716+01:00  INFO 59125 --- [annonceService] [vice-producer-1] org.apache.kafka.clients.NetworkClient   : [Producer clientId=annonceService-producer-1] Node -1 disconnected.
2026-01-12T21:57:17.717+01:00  WARN 59125 --- [annonceService] [vice-producer-1] org.apache.kafka.clients.NetworkClient   : [Producer clientId=annonceService-producer-1] Connection to node -1 (localhost/127.0.0.1:9099) could not be established. Node may not be available.
2026-01-12T21:57:17.717+01:00  WARN 59125 --- [annonceService] [vice-producer-1] org.apache.kafka.clients.NetworkClient   : [Producer clientId=annonceService-producer-1] Bootstrap broker localhost:9099 (id: -1 rack: null isFenced: false) disconnected
2026-01-12T21:57:17.820+01:00  INFO 59125 --- [annonceService] [vice-producer-1] org.apache.kafka.clients.Metadata        : [Producer clientId=annonceService-producer-1] Rebootstrapping with [localhost/127.0.0.1:9099]
2026-01-12T21:57:17.872+01:00  INFO 59125 --- [annonceService] [vice-producer-1] org.apache.kafka.clients.Metadata        : [Producer clientId=annonceService-producer-1] Rebootstrapping with [localhost/127.0.0.1:9099]
2026-01-12T21:57:17.923+01:00  INFO 59125 --- [annonceService] [vice-producer-1] org.apache.kafka.clients.Metadata        : [Producer clientId=annonceService-producer-1] Rebootstrapping with [localhost/127.0.0.1:9099]
2026-01-12T21:57:17.975+01:00  INFO 59125 --- [annonceService] [vice-producer-1] org.apache.kafka.clients.Metadata        : [Producer clientId=annonceService-producer-1] Rebootstrapping with [localhost/127.0.0.1:9099]
2026-01-12T21:57:18.026+01:00  INFO 59125 --- [annonceService] [vice-producer-1] org.apache.kafka.clients.Metadata        : [Producer clientId=annonceService-producer-1] Rebootstrapping with [localhost/127.0.0.1:9099]
2026-01-12T21:57:18.077+01:00  INFO 59125 --- [annonceService] [vice-producer-1] org.apache.kafka.clients.Metadata        : [Producer clientId=annonceService-producer-1] Rebootstrapping with [localhost/127.0.0.1:9099]
2026-01-12T21:57:18.128+01:00  INFO 59125 --- [annonceService] [vice-producer-1] org.apache.kafka.clients.Metadata        : [Producer clientId=annonceService-producer-1] Rebootstrapping with [localhost/127.0.0.1:9099]
2026-01-12T21:57:18.179+01:00  INFO 59125 --- [annonceService] [vice-producer-1] org.apache.kafka.clients.Metadata        : [Producer clientId=annonceService-producer-1] Rebootstrapping with [localhost/127.0.0.1:9099]
2026-01-12T21:57:18.230+01:00  INFO 59125 --- [annonceService] [vice-producer-1] org.apache.kafka.clients.Metadata        : [Producer clientId=annonceService-producer-1] Rebootstrapping with [localhost/127.0.0.1:9099]
2026-01-12T21:57:18.282+01:00  INFO 59125 --- [annonceService] [vice-producer-1] org.apache.kafka.clients.Metadata        : [Producer clientId=annonceService-producer-1] Rebootstrapping with [localhost/127.0.0.1:9099]
2026-01-12T21:57:18.333+01:00  INFO 59125 --- [annonceService] [vice-producer-1] org.apache.kafka.clients.Metadata        : [Producer clientId=annonceService-producer-1] Rebootstrapping with [localhost/127.0.0.1:9099]
2026-01-12T21:57:18.384+01:00  INFO 59125 --- [annonceService] [vice-producer-1] org.apache.kafka.clients.Metadata        : [Producer clientId=annonceService-producer-1] Rebootstrapping with [localhost/127.0.0.1:9099]
2026-01-12T21:57:18.435+01:00  INFO 59125 --- [annonceService] [vice-producer-1] org.apache.kafka.clients.Metadata        : [Producer clientId=annonceService-producer-1] Rebootstrapping with [localhost/127.0.0.1:9099]
2026-01-12T21:57:18.485+01:00  INFO 59125 --- [annonceService] [vice-producer-1] org.apache.kafka.clients.Metadata        : [Producer clientId=annonceService-producer-1] Rebootstrapping with [localhost/127.0.0.1:9099]
2026-01-12T21:57:18.536+01:00  INFO 59125 --- [annonceService] [vice-producer-1] org.apache.kafka.clients.Metadata        : [Producer clientId=annonceService-producer-1] Rebootstrapping with [localhost/127.0.0.1:9099]
2026-01-12T21:57:18.588+01:00  INFO 59125 --- [annonceService] [vice-producer-1] org.apache.kafka.clients.Metadata        : [Producer clientId=annonceService-producer-1] Rebootstrapping with [localhost/127.0.0.1:9099]
2026-01-12T21:57:18.638+01:00  INFO 59125 --- [annonceService] [vice-producer-1] org.apache.kafka.clients.Metadata        : [Producer clientId=annonceService-producer-1] Rebootstrapping with [localhost/127.0.0.1:9099]
2026-01-12T21:57:18.690+01:00  INFO 59125 --- [annonceService] [vice-producer-1] org.apache.kafka.clients.Metadata        : [Producer clientId=annonceService-producer-1] Rebootstrapping with [localhost/127.0.0.1:9099]
2026-01-12T21:57:18.742+01:00  INFO 59125 --- [annonceService] [vice-producer-1] org.apache.kafka.clients.NetworkClient   : [Producer clientId=annonceService-producer-1] Node -1 disconnected.
2026-01-12T21:57:18.742+01:00  WARN 59125 --- [annonceService] [vice-producer-1] org.apache.kafka.clients.NetworkClient   : [Producer clientId=annonceService-producer-1] Connection to node -1 (localhost/127.0.0.1:9099) could not be established. Node may not be available.
2026-01-12T21:57:18.742+01:00  WARN 59125 --- [annonceService] [vice-producer-1] org.apache.kafka.clients.NetworkClient   : [Producer clientId=annonceService-producer-1] Bootstrap broker localhost:9099 (id: -1 rack: null isFenced: false) disconnected
2026-01-12T21:57:19.615+01:00  INFO 59125 --- [annonceService] [vice-producer-1] org.apache.kafka.clients.NetworkClient   : [Producer clientId=annonceService-producer-1] Node -1 disconnected.
2026-01-12T21:57:19.616+01:00  WARN 59125 --- [annonceService] [vice-producer-1] org.apache.kafka.clients.NetworkClient   : [Producer clientId=annonceService-producer-1] Connection to node -1 (localhost/127.0.0.1:9099) could not be established. Node may not be available.
2026-01-12T21:57:19.616+01:00  WARN 59125 --- [annonceService] [vice-producer-1] org.apache.kafka.clients.NetworkClient   : [Producer clientId=annonceService-producer-1] Bootstrap broker localhost:9099 (id: -1 rack: null isFenced: false) disconnected
2026-01-12T21:57:19.742+01:00  INFO 59125 --- [annonceService] [vice-producer-1] org.apache.kafka.clients.Metadata        : [Producer clientId=annonceService-producer-1] Rebootstrapping with [localhost/127.0.0.1:9099]
2026-01-12T21:57:19.794+01:00  INFO 59125 --- [annonceService] [vice-producer-1] org.apache.kafka.clients.Metadata        : [Producer clientId=annonceService-producer-1] Rebootstrapping with [localhost/127.0.0.1:9099]
2026-01-12T21:57:19.844+01:00  INFO 59125 --- [annonceService] [vice-producer-1] org.apache.kafka.clients.Metadata        : [Producer clientId=annonceService-producer-1] Rebootstrapping with [localhost/127.0.0.1:9099]
2026-01-12T21:57:19.896+01:00  INFO 59125 --- [annonceService] [vice-producer-1] org.apache.kafka.clients.Metadata        : [Producer clientId=annonceService-producer-1] Rebootstrapping with [localhost/127.0.0.1:9099]
2026-01-12T21:57:19.947+01:00  INFO 59125 --- [annonceService] [vice-producer-1] org.apache.kafka.clients.Metadata        : [Producer clientId=annonceService-producer-1] Rebootstrapping with [localhost/127.0.0.1:9099]
2026-01-12T21:57:19.998+01:00  INFO 59125 --- [annonceService] [vice-producer-1] org.apache.kafka.clients.Metadata        : [Producer clientId=annonceService-producer-1] Rebootstrapping with [localhost/127.0.0.1:9099]
2026-01-12T21:57:20.050+01:00  INFO 59125 --- [annonceService] [vice-producer-1] org.apache.kafka.clients.Metadata        : [Producer clientId=annonceService-producer-1] Rebootstrapping with [localhost/127.0.0.1:9099]
2026-01-12T21:57:20.102+01:00  INFO 59125 --- [annonceService] [vice-producer-1] org.apache.kafka.clients.Metadata        : [Producer clientId=annonceService-producer-1] Rebootstrapping with [localhost/127.0.0.1:9099]
2026-01-12T21:57:20.154+01:00  INFO 59125 --- [annonceService] [vice-producer-1] org.apache.kafka.clients.Metadata        : [Producer clientId=annonceService-producer-1] Rebootstrapping with [localhost/127.0.0.1:9099]
2026-01-12T21:57:20.205+01:00  INFO 59125 --- [annonceService] [vice-producer-1] org.apache.kafka.clients.Metadata        : [Producer clientId=annonceService-producer-1] Rebootstrapping with [localhost/127.0.0.1:9099]
2026-01-12T21:57:20.258+01:00  INFO 59125 --- [annonceService] [vice-producer-1] org.apache.kafka.clients.Metadata        : [Producer clientId=annonceService-producer-1] Rebootstrapping with [localhost/127.0.0.1:9099]
2026-01-12T21:57:20.309+01:00  INFO 59125 --- [annonceService] [vice-producer-1] org.apache.kafka.clients.Metadata        : [Producer clientId=annonceService-producer-1] Rebootstrapping with [localhost/127.0.0.1:9099]
2026-01-12T21:57:20.360+01:00  INFO 59125 --- [annonceService] [vice-producer-1] org.apache.kafka.clients.Metadata        : [Producer clientId=annonceService-producer-1] Rebootstrapping with [localhost/127.0.0.1:9099]
2026-01-12T21:57:20.412+01:00  INFO 59125 --- [annonceService] [vice-producer-1] org.apache.kafka.clients.Metadata        : [Producer clientId=annonceService-producer-1] Rebootstrapping with [localhost/127.0.0.1:9099]
2026-01-12T21:57:20.463+01:00  INFO 59125 --- [annonceService] [vice-producer-1] org.apache.kafka.clients.Metadata        : [Producer clientId=annonceService-producer-1] Rebootstrapping with [localhost/127.0.0.1:9099]
2026-01-12T21:57:20.515+01:00  INFO 59125 --- [annonceService] [vice-producer-1] org.apache.kafka.clients.Metadata        : [Producer clientId=annonceService-producer-1] Rebootstrapping with [localhost/127.0.0.1:9099]
2026-01-12T21:57:20.566+01:00  INFO 59125 --- [annonceService] [vice-producer-1] org.apache.kafka.clients.Metadata        : [Producer clientId=annonceService-producer-1] Rebootstrapping with [localhost/127.0.0.1:9099]
2026-01-12T21:57:20.618+01:00  INFO 59125 --- [annonceService] [vice-producer-1] org.apache.kafka.clients.NetworkClient   : [Producer clientId=annonceService-producer-1] Node -1 disconnected.
2026-01-12T21:57:20.618+01:00  WARN 59125 --- [annonceService] [vice-producer-1] org.apache.kafka.clients.NetworkClient   : [Producer clientId=annonceService-producer-1] Connection to node -1 (localhost/127.0.0.1:9099) could not be established. Node may not be available.
2026-01-12T21:57:20.618+01:00  WARN 59125 --- [annonceService] [vice-producer-1] org.apache.kafka.clients.NetworkClient   : [Producer clientId=annonceService-producer-1] Bootstrap broker localhost:9099 (id: -1 rack: null isFenced: false) disconnected
2026-01-12T21:57:21.621+01:00  INFO 59125 --- [annonceService] [vice-producer-1] org.apache.kafka.clients.NetworkClient   : [Producer clientId=annonceService-producer-1] Node -1 disconnected.
2026-01-12T21:57:21.621+01:00  WARN 59125 --- [annonceService] [vice-producer-1] org.apache.kafka.clients.NetworkClient   : [Producer clientId=annonceService-producer-1] Connection to node -1 (localhost/127.0.0.1:9099) could not be established. Node may not be available.
2026-01-12T21:57:21.621+01:00  WARN 59125 --- [annonceService] [vice-producer-1] org.apache.kafka.clients.NetworkClient   : [Producer clientId=annonceService-producer-1] Bootstrap broker localhost:9099 (id: -1 rack: null isFenced: false) disconnected
2026-01-12T21:57:22.492+01:00  INFO 59125 --- [annonceService] [vice-producer-1] org.apache.kafka.clients.Metadata        : [Producer clientId=annonceService-producer-1] Rebootstrapping with [localhost/127.0.0.1:9099]
2026-01-12T21:57:22.544+01:00  INFO 59125 --- [annonceService] [vice-producer-1] org.apache.kafka.clients.Metadata        : [Producer clientId=annonceService-producer-1] Rebootstrapping with [localhost/127.0.0.1:9099]
2026-01-12T21:57:22.624+01:00  INFO 59125 --- [annonceService] [vice-producer-1] org.apache.kafka.clients.NetworkClient   : [Producer clientId=annonceService-producer-1] Node -1 disconnected.
2026-01-12T21:57:22.624+01:00  WARN 59125 --- [annonceService] [vice-producer-1] org.apache.kafka.clients.NetworkClient   : [Producer clientId=annonceService-producer-1] Connection to node -1 (localhost/127.0.0.1:9099) could not be established. Node may not be available.
2026-01-12T21:57:22.624+01:00  WARN 59125 --- [annonceService] [vice-producer-1] org.apache.kafka.clients.NetworkClient   : [Producer clientId=annonceService-producer-1] Bootstrap broker localhost:9099 (id: -1 rack: null isFenced: false) disconnected
2026-01-12T21:57:23.526+01:00  INFO 59125 --- [annonceService] [vice-producer-1] org.apache.kafka.clients.Metadata        : [Producer clientId=annonceService-producer-1] Rebootstrapping with [localhost/127.0.0.1:9099]
2026-01-12T21:57:23.578+01:00  INFO 59125 --- [annonceService] [vice-producer-1] org.apache.kafka.clients.Metadata        : [Producer clientId=annonceService-producer-1] Rebootstrapping with [localhost/127.0.0.1:9099]
2026-01-12T21:57:23.629+01:00  INFO 59125 --- [annonceService] [vice-producer-1] org.apache.kafka.clients.NetworkClient   : [Producer clientId=annonceService-producer-1] Node -1 disconnected.
2026-01-12T21:57:23.630+01:00  WARN 59125 --- [annonceService] [vice-producer-1] org.apache.kafka.clients.NetworkClient   : [Producer clientId=annonceService-producer-1] Connection to node -1 (localhost/127.0.0.1:9099) could not be established. Node may not be available.
2026-01-12T21:57:23.630+01:00  WARN 59125 --- [annonceService] [vice-producer-1] org.apache.kafka.clients.NetworkClient   : [Producer clientId=annonceService-producer-1] Bootstrap broker localhost:9099 (id: -1 rack: null isFenced: false) disconnected
2026-01-12T21:57:24.594+01:00  INFO 59125 --- [annonceService] [vice-producer-1] org.apache.kafka.clients.Metadata        : [Producer clientId=annonceService-producer-1] Rebootstrapping with [localhost/127.0.0.1:9099]
2026-01-12T21:57:24.646+01:00  INFO 59125 --- [annonceService] [vice-producer-1] org.apache.kafka.clients.NetworkClient   : [Producer clientId=annonceService-producer-1] Node -1 disconnected.
2026-01-12T21:57:24.646+01:00  WARN 59125 --- [annonceService] [vice-producer-1] org.apache.kafka.clients.NetworkClient   : [Producer clientId=annonceService-producer-1] Connection to node -1 (localhost/127.0.0.1:9099) could not be established. Node may not be available.
2026-01-12T21:57:24.646+01:00  WARN 59125 --- [annonceService] [vice-producer-1] org.apache.kafka.clients.NetworkClient   : [Producer clientId=annonceService-producer-1] Bootstrap broker localhost:9099 (id: -1 rack: null isFenced: false) disconnected
2026-01-12T21:57:25.610+01:00  INFO 59125 --- [annonceService] [vice-producer-1] org.apache.kafka.clients.Metadata        : [Producer clientId=annonceService-producer-1] Rebootstrapping with [localhost/127.0.0.1:9099]
2026-01-12T21:57:25.661+01:00  INFO 59125 --- [annonceService] [vice-producer-1] org.apache.kafka.clients.NetworkClient   : [Producer clientId=annonceService-producer-1] Node -1 disconnected.
2026-01-12T21:57:25.661+01:00  WARN 59125 --- [annonceService] [vice-producer-1] org.apache.kafka.clients.NetworkClient   : [Producer clientId=annonceService-producer-1] Connection to node -1 (localhost/127.0.0.1:9099) could not be established. Node may not be available.
2026-01-12T21:57:25.661+01:00  WARN 59125 --- [annonceService] [vice-producer-1] org.apache.kafka.clients.NetworkClient   : [Producer clientId=annonceService-producer-1] Bootstrap broker localhost:9099 (id: -1 rack: null isFenced: false) disconnected
2026-01-12T21:57:26.546+01:00  INFO 59125 --- [annonceService] [vice-producer-1] org.apache.kafka.clients.Metadata        : [Producer clientId=annonceService-producer-1] Rebootstrapping with [localhost/127.0.0.1:9099]
2026-01-12T21:57:26.664+01:00  INFO 59125 --- [annonceService] [vice-producer-1] org.apache.kafka.clients.NetworkClient   : [Producer clientId=annonceService-producer-1] Node -1 disconnected.
2026-01-12T21:57:26.665+01:00  WARN 59125 --- [annonceService] [vice-producer-1] org.apache.kafka.clients.NetworkClient   : [Producer clientId=annonceService-producer-1] Connection to node -1 (localhost/127.0.0.1:9099) could not be established. Node may not be available.
2026-01-12T21:57:26.665+01:00  WARN 59125 --- [annonceService] [vice-producer-1] org.apache.kafka.clients.NetworkClient   : [Producer clientId=annonceService-producer-1] Bootstrap broker localhost:9099 (id: -1 rack: null isFenced: false) disconnected
2026-01-12T21:57:27.647+01:00  INFO 59125 --- [annonceService] [vice-producer-1] org.apache.kafka.clients.NetworkClient   : [Producer clientId=annonceService-producer-1] Node -1 disconnected.
2026-01-12T21:57:27.647+01:00  WARN 59125 --- [annonceService] [vice-producer-1] org.apache.kafka.clients.NetworkClient   : [Producer clientId=annonceService-producer-1] Connection to node -1 (localhost/127.0.0.1:9099) could not be established. Node may not be available.
2026-01-12T21:57:27.647+01:00  WARN 59125 --- [annonceService] [vice-producer-1] org.apache.kafka.clients.NetworkClient   : [Producer clientId=annonceService-producer-1] Bootstrap broker localhost:9099 (id: -1 rack: null isFenced: false) disconnected
2026-01-12T21:57:27.752+01:00  INFO 59125 --- [annonceService] [vice-producer-1] org.apache.kafka.clients.Metadata        : [Producer clientId=annonceService-producer-1] Rebootstrapping with [localhost/127.0.0.1:9099]
2026-01-12T21:57:27.804+01:00  INFO 59125 --- [annonceService] [vice-producer-1] org.apache.kafka.clients.Metadata        : [Producer clientId=annonceService-producer-1] Rebootstrapping with [localhost/127.0.0.1:9099]
2026-01-12T21:57:27.855+01:00  INFO 59125 --- [annonceService] [vice-producer-1] org.apache.kafka.clients.Metadata        : [Producer clientId=annonceService-producer-1] Rebootstrapping with [localhost/127.0.0.1:9099]
2026-01-12T21:57:27.906+01:00  INFO 59125 --- [annonceService] [vice-producer-1] org.apache.kafka.clients.Metadata        : [Producer clientId=annonceService-producer-1] Rebootstrapping with [localhost/127.0.0.1:9099]
2026-01-12T21:57:27.957+01:00  INFO 59125 --- [annonceService] [vice-producer-1] org.apache.kafka.clients.Metadata        : [Producer clientId=annonceService-producer-1] Rebootstrapping with [localhost/127.0.0.1:9099]
2026-01-12T21:57:28.008+01:00  INFO 59125 --- [annonceService] [vice-producer-1] org.apache.kafka.clients.Metadata        : [Producer clientId=annonceService-producer-1] Rebootstrapping with [localhost/127.0.0.1:9099]
2026-01-12T21:57:28.060+01:00  INFO 59125 --- [annonceService] [vice-producer-1] org.apache.kafka.clients.Metadata        : [Producer clientId=annonceService-producer-1] Rebootstrapping with [localhost/127.0.0.1:9099]
2026-01-12T21:57:28.113+01:00  INFO 59125 --- [annonceService] [vice-producer-1] org.apache.kafka.clients.Metadata        : [Producer clientId=annonceService-producer-1] Rebootstrapping with [localhost/127.0.0.1:9099]
2026-01-12T21:57:28.166+01:00  INFO 59125 --- [annonceService] [vice-producer-1] org.apache.kafka.clients.Metadata        : [Producer clientId=annonceService-producer-1] Rebootstrapping with [localhost/127.0.0.1:9099]
2026-01-12T21:57:28.218+01:00  INFO 59125 --- [annonceService] [vice-producer-1] org.apache.kafka.clients.Metadata        : [Producer clientId=annonceService-producer-1] Rebootstrapping with [localhost/127.0.0.1:9099]
2026-01-12T21:57:28.268+01:00  INFO 59125 --- [annonceService] [vice-producer-1] org.apache.kafka.clients.Metadata        : [Producer clientId=annonceService-producer-1] Rebootstrapping with [localhost/127.0.0.1:9099]
2026-01-12T21:57:28.319+01:00  INFO 59125 --- [annonceService] [vice-producer-1] org.apache.kafka.clients.Metadata        : [Producer clientId=annonceService-producer-1] Rebootstrapping with [localhost/127.0.0.1:9099]
2026-01-12T21:57:28.369+01:00  INFO 59125 --- [annonceService] [vice-producer-1] org.apache.kafka.clients.Metadata        : [Producer clientId=annonceService-producer-1] Rebootstrapping with [localhost/127.0.0.1:9099]
2026-01-12T21:57:28.421+01:00  INFO 59125 --- [annonceService] [vice-producer-1] org.apache.kafka.clients.Metadata        : [Producer clientId=annonceService-producer-1] Rebootstrapping with [localhost/127.0.0.1:9099]
2026-01-12T21:57:28.473+01:00  INFO 59125 --- [annonceService] [vice-producer-1] org.apache.kafka.clients.Metadata        : [Producer clientId=annonceService-producer-1] Rebootstrapping with [localhost/127.0.0.1:9099]
2026-01-12T21:57:28.526+01:00  INFO 59125 --- [annonceService] [vice-producer-1] org.apache.kafka.clients.Metadata        : [Producer clientId=annonceService-producer-1] Rebootstrapping with [localhost/127.0.0.1:9099]
2026-01-12T21:57:28.578+01:00  INFO 59125 --- [annonceService] [vice-producer-1] org.apache.kafka.clients.NetworkClient   : [Producer clientId=annonceService-producer-1] Node -1 disconnected.
2026-01-12T21:57:28.578+01:00  WARN 59125 --- [annonceService] [vice-producer-1] org.apache.kafka.clients.NetworkClient   : [Producer clientId=annonceService-producer-1] Connection to node -1 (localhost/127.0.0.1:9099) could not be established. Node may not be available.
2026-01-12T21:57:28.579+01:00  WARN 59125 --- [annonceService] [vice-producer-1] org.apache.kafka.clients.NetworkClient   : [Producer clientId=annonceService-producer-1] Bootstrap broker localhost:9099 (id: -1 rack: null isFenced: false) disconnected
2026-01-12T21:57:29.443+01:00  INFO 59125 --- [annonceService] [vice-producer-1] org.apache.kafka.clients.Metadata        : [Producer clientId=annonceService-producer-1] Rebootstrapping with [localhost/127.0.0.1:9099]
2026-01-12T21:57:29.494+01:00  INFO 59125 --- [annonceService] [vice-producer-1] org.apache.kafka.clients.Metadata        : [Producer clientId=annonceService-producer-1] Rebootstrapping with [localhost/127.0.0.1:9099]
2026-01-12T21:57:29.581+01:00  INFO 59125 --- [annonceService] [vice-producer-1] org.apache.kafka.clients.NetworkClient   : [Producer clientId=annonceService-producer-1] Node -1 disconnected.
2026-01-12T21:57:29.582+01:00  WARN 59125 --- [annonceService] [vice-producer-1] org.apache.kafka.clients.NetworkClient   : [Producer clientId=annonceService-producer-1] Connection to node -1 (localhost/127.0.0.1:9099) could not be established. Node may not be available.
2026-01-12T21:57:29.582+01:00  WARN 59125 --- [annonceService] [vice-producer-1] org.apache.kafka.clients.NetworkClient   : [Producer clientId=annonceService-producer-1] Bootstrap broker localhost:9099 (id: -1 rack: null isFenced: false) disconnected
2026-01-12T21:57:30.554+01:00  INFO 59125 --- [annonceService] [vice-producer-1] org.apache.kafka.clients.Metadata        : [Producer clientId=annonceService-producer-1] Rebootstrapping with [localhost/127.0.0.1:9099]
2026-01-12T21:57:30.607+01:00  INFO 59125 --- [annonceService] [vice-producer-1] org.apache.kafka.clients.NetworkClient   : [Producer clientId=annonceService-producer-1] Node -1 disconnected.
2026-01-12T21:57:30.607+01:00  WARN 59125 --- [annonceService] [vice-producer-1] org.apache.kafka.clients.NetworkClient   : [Producer clientId=annonceService-producer-1] Connection to node -1 (localhost/127.0.0.1:9099) could not be established. Node may not be available.
2026-01-12T21:57:30.607+01:00  WARN 59125 --- [annonceService] [vice-producer-1] org.apache.kafka.clients.NetworkClient   : [Producer clientId=annonceService-producer-1] Bootstrap broker localhost:9099 (id: -1 rack: null isFenced: false) disconnected
2026-01-12T21:57:31.578+01:00  INFO 59125 --- [annonceService] [vice-producer-1] org.apache.kafka.clients.Metadata        : [Producer clientId=annonceService-producer-1] Rebootstrapping with [localhost/127.0.0.1:9099]
2026-01-12T21:57:31.629+01:00  INFO 59125 --- [annonceService] [vice-producer-1] org.apache.kafka.clients.NetworkClient   : [Producer clientId=annonceService-producer-1] Node -1 disconnected.
2026-01-12T21:57:31.629+01:00  WARN 59125 --- [annonceService] [vice-producer-1] org.apache.kafka.clients.NetworkClient   : [Producer clientId=annonceService-producer-1] Connection to node -1 (localhost/127.0.0.1:9099) could not be established. Node may not be available.
2026-01-12T21:57:31.629+01:00  WARN 59125 --- [annonceService] [vice-producer-1] org.apache.kafka.clients.NetworkClient   : [Producer clientId=annonceService-producer-1] Bootstrap broker localhost:9099 (id: -1 rack: null isFenced: false) disconnected
2026-01-12T21:57:32.489+01:00  INFO 59125 --- [annonceService] [vice-producer-1] org.apache.kafka.clients.Metadata        : [Producer clientId=annonceService-producer-1] Rebootstrapping with [localhost/127.0.0.1:9099]
2026-01-12T21:57:32.631+01:00  INFO 59125 --- [annonceService] [vice-producer-1] org.apache.kafka.clients.NetworkClient   : [Producer clientId=annonceService-producer-1] Node -1 disconnected.
2026-01-12T21:57:32.631+01:00  WARN 59125 --- [annonceService] [vice-producer-1] org.apache.kafka.clients.NetworkClient   : [Producer clientId=annonceService-producer-1] Connection to node -1 (localhost/127.0.0.1:9099) could not be established. Node may not be available.
2026-01-12T21:57:32.631+01:00  WARN 59125 --- [annonceService] [vice-producer-1] org.apache.kafka.clients.NetworkClient   : [Producer clientId=annonceService-producer-1] Bootstrap broker localhost:9099 (id: -1 rack: null isFenced: false) disconnected
2026-01-12T21:57:33.550+01:00  INFO 59125 --- [annonceService] [vice-producer-1] org.apache.kafka.clients.NetworkClient   : [Producer clientId=annonceService-producer-1] Node -1 disconnected.
2026-01-12T21:57:33.550+01:00  WARN 59125 --- [annonceService] [vice-producer-1] org.apache.kafka.clients.NetworkClient   : [Producer clientId=annonceService-producer-1] Connection to node -1 (localhost/127.0.0.1:9099) could not be established. Node may not be available.
2026-01-12T21:57:33.550+01:00  WARN 59125 --- [annonceService] [vice-producer-1] org.apache.kafka.clients.NetworkClient   : [Producer clientId=annonceService-producer-1] Bootstrap broker localhost:9099 (id: -1 rack: null isFenced: false) disconnected
2026-01-12T21:57:34.552+01:00  INFO 59125 --- [annonceService] [vice-producer-1] org.apache.kafka.clients.NetworkClient   : [Producer clientId=annonceService-producer-1] Node -1 disconnected.
2026-01-12T21:57:34.553+01:00  WARN 59125 --- [annonceService] [vice-producer-1] org.apache.kafka.clients.NetworkClient   : [Producer clientId=annonceService-producer-1] Connection to node -1 (localhost/127.0.0.1:9099) could not be established. Node may not be available.
2026-01-12T21:57:34.553+01:00  WARN 59125 --- [annonceService] [vice-producer-1] org.apache.kafka.clients.NetworkClient   : [Producer clientId=annonceService-producer-1] Bootstrap broker localhost:9099 (id: -1 rack: null isFenced: false) disconnected
2026-01-12T21:57:35.372+01:00  INFO 59125 --- [annonceService] [vice-producer-1] org.apache.kafka.clients.Metadata        : [Producer clientId=annonceService-producer-1] Rebootstrapping with [localhost/127.0.0.1:9099]
2026-01-12T21:57:35.425+01:00  INFO 59125 --- [annonceService] [vice-producer-1] org.apache.kafka.clients.NetworkClient   : [Producer clientId=annonceService-producer-1] Node -1 disconnected.
2026-01-12T21:57:35.426+01:00  WARN 59125 --- [annonceService] [vice-producer-1] org.apache.kafka.clients.NetworkClient   : [Producer clientId=annonceService-producer-1] Connection to node -1 (localhost/127.0.0.1:9099) could not be established. Node may not be available.
2026-01-12T21:57:35.426+01:00  WARN 59125 --- [annonceService] [vice-producer-1] org.apache.kafka.clients.NetworkClient   : [Producer clientId=annonceService-producer-1] Bootstrap broker localhost:9099 (id: -1 rack: null isFenced: false) disconnected
2026-01-12T21:57:35.554+01:00  INFO 59125 --- [annonceService] [vice-producer-1] org.apache.kafka.clients.Metadata        : [Producer clientId=annonceService-producer-1] Rebootstrapping with [localhost/127.0.0.1:9099]
2026-01-12T21:57:35.605+01:00  INFO 59125 --- [annonceService] [vice-producer-1] org.apache.kafka.clients.Metadata        : [Producer clientId=annonceService-producer-1] Rebootstrapping with [localhost/127.0.0.1:9099]
2026-01-12T21:57:35.655+01:00  INFO 59125 --- [annonceService] [vice-producer-1] org.apache.kafka.clients.Metadata        : [Producer clientId=annonceService-producer-1] Rebootstrapping with [localhost/127.0.0.1:9099]
2026-01-12T21:57:35.707+01:00  INFO 59125 --- [annonceService] [vice-producer-1] org.apache.kafka.clients.Metadata        : [Producer clientId=annonceService-producer-1] Rebootstrapping with [localhost/127.0.0.1:9099]
2026-01-12T21:57:35.761+01:00  INFO 59125 --- [annonceService] [vice-producer-1] org.apache.kafka.clients.Metadata        : [Producer clientId=annonceService-producer-1] Rebootstrapping with [localhost/127.0.0.1:9099]
2026-01-12T21:57:35.813+01:00  INFO 59125 --- [annonceService] [vice-producer-1] org.apache.kafka.clients.Metadata        : [Producer clientId=annonceService-producer-1] Rebootstrapping with [localhost/127.0.0.1:9099]
2026-01-12T21:57:35.865+01:00  INFO 59125 --- [annonceService] [vice-producer-1] org.apache.kafka.clients.Metadata        : [Producer clientId=annonceService-producer-1] Rebootstrapping with [localhost/127.0.0.1:9099]
2026-01-12T21:57:35.916+01:00  INFO 59125 --- [annonceService] [vice-producer-1] org.apache.kafka.clients.Metadata        : [Producer clientId=annonceService-producer-1] Rebootstrapping with [localhost/127.0.0.1:9099]
2026-01-12T21:57:35.968+01:00  INFO 59125 --- [annonceService] [vice-producer-1] org.apache.kafka.clients.Metadata        : [Producer clientId=annonceService-producer-1] Rebootstrapping with [localhost/127.0.0.1:9099]
2026-01-12T21:57:36.019+01:00  INFO 59125 --- [annonceService] [vice-producer-1] org.apache.kafka.clients.Metadata        : [Producer clientId=annonceService-producer-1] Rebootstrapping with [localhost/127.0.0.1:9099]
2026-01-12T21:57:36.071+01:00  INFO 59125 --- [annonceService] [vice-producer-1] org.apache.kafka.clients.Metadata        : [Producer clientId=annonceService-producer-1] Rebootstrapping with [localhost/127.0.0.1:9099]
2026-01-12T21:57:36.122+01:00  INFO 59125 --- [annonceService] [vice-producer-1] org.apache.kafka.clients.Metadata        : [Producer clientId=annonceService-producer-1] Rebootstrapping with [localhost/127.0.0.1:9099]
2026-01-12T21:57:36.173+01:00  INFO 59125 --- [annonceService] [vice-producer-1] org.apache.kafka.clients.Metadata        : [Producer clientId=annonceService-producer-1] Rebootstrapping with [localhost/127.0.0.1:9099]
2026-01-12T21:57:36.225+01:00  INFO 59125 --- [annonceService] [vice-producer-1] org.apache.kafka.clients.Metadata        : [Producer clientId=annonceService-producer-1] Rebootstrapping with [localhost/127.0.0.1:9099]
2026-01-12T21:57:36.278+01:00  INFO 59125 --- [annonceService] [vice-producer-1] org.apache.kafka.clients.NetworkClient   : [Producer clientId=annonceService-producer-1] Node -1 disconnected.
2026-01-12T21:57:36.278+01:00  WARN 59125 --- [annonceService] [vice-producer-1] org.apache.kafka.clients.NetworkClient   : [Producer clientId=annonceService-producer-1] Connection to node -1 (localhost/127.0.0.1:9099) could not be established. Node may not be available.
2026-01-12T21:57:36.278+01:00  WARN 59125 --- [annonceService] [vice-producer-1] org.apache.kafka.clients.NetworkClient   : [Producer clientId=annonceService-producer-1] Bootstrap broker localhost:9099 (id: -1 rack: null isFenced: false) disconnected
2026-01-12T21:57:37.150+01:00  INFO 59125 --- [annonceService] [vice-producer-1] org.apache.kafka.clients.Metadata        : [Producer clientId=annonceService-producer-1] Rebootstrapping with [localhost/127.0.0.1:9099]
2026-01-12T21:57:37.203+01:00  INFO 59125 --- [annonceService] [vice-producer-1] org.apache.kafka.clients.Metadata        : [Producer clientId=annonceService-producer-1] Rebootstrapping with [localhost/127.0.0.1:9099]
2026-01-12T21:57:37.254+01:00  INFO 59125 --- [annonceService] [vice-producer-1] org.apache.kafka.clients.Metadata        : [Producer clientId=annonceService-producer-1] Rebootstrapping with [localhost/127.0.0.1:9099]
2026-01-12T21:57:37.307+01:00  INFO 59125 --- [annonceService] [vice-producer-1] org.apache.kafka.clients.NetworkClient   : [Producer clientId=annonceService-producer-1] Node -1 disconnected.
2026-01-12T21:57:37.307+01:00  WARN 59125 --- [annonceService] [vice-producer-1] org.apache.kafka.clients.NetworkClient   : [Producer clientId=annonceService-producer-1] Connection to node -1 (localhost/127.0.0.1:9099) could not be established. Node may not be available.
2026-01-12T21:57:37.307+01:00  WARN 59125 --- [annonceService] [vice-producer-1] org.apache.kafka.clients.NetworkClient   : [Producer clientId=annonceService-producer-1] Bootstrap broker localhost:9099 (id: -1 rack: null isFenced: false) disconnected
2026-01-12T21:57:38.233+01:00  INFO 59125 --- [annonceService] [vice-producer-1] org.apache.kafka.clients.Metadata        : [Producer clientId=annonceService-producer-1] Rebootstrapping with [localhost/127.0.0.1:9099]
2026-01-12T21:57:38.287+01:00  INFO 59125 --- [annonceService] [vice-producer-1] org.apache.kafka.clients.Metadata        : [Producer clientId=annonceService-producer-1] Rebootstrapping with [localhost/127.0.0.1:9099]
2026-01-12T21:57:38.340+01:00  INFO 59125 --- [annonceService] [vice-producer-1] org.apache.kafka.clients.NetworkClient   : [Producer clientId=annonceService-producer-1] Node -1 disconnected.
2026-01-12T21:57:38.340+01:00  WARN 59125 --- [annonceService] [vice-producer-1] org.apache.kafka.clients.NetworkClient   : [Producer clientId=annonceService-producer-1] Connection to node -1 (localhost/127.0.0.1:9099) could not be established. Node may not be available.
2026-01-12T21:57:38.340+01:00  WARN 59125 --- [annonceService] [vice-producer-1] org.apache.kafka.clients.NetworkClient   : [Producer clientId=annonceService-producer-1] Bootstrap broker localhost:9099 (id: -1 rack: null isFenced: false) disconnected
2026-01-12T21:57:39.344+01:00  INFO 59125 --- [annonceService] [vice-producer-1] org.apache.kafka.clients.NetworkClient   : [Producer clientId=annonceService-producer-1] Node -1 disconnected.
2026-01-12T21:57:39.344+01:00  WARN 59125 --- [annonceService] [vice-producer-1] org.apache.kafka.clients.NetworkClient   : [Producer clientId=annonceService-producer-1] Connection to node -1 (localhost/127.0.0.1:9099) could not be established. Node may not be available.
2026-01-12T21:57:39.344+01:00  WARN 59125 --- [annonceService] [vice-producer-1] org.apache.kafka.clients.NetworkClient   : [Producer clientId=annonceService-producer-1] Bootstrap broker localhost:9099 (id: -1 rack: null isFenced: false) disconnected
2026-01-12T21:57:40.265+01:00  INFO 59125 --- [annonceService] [vice-producer-1] org.apache.kafka.clients.Metadata        : [Producer clientId=annonceService-producer-1] Rebootstrapping with [localhost/127.0.0.1:9099]
2026-01-12T21:57:40.317+01:00  INFO 59125 --- [annonceService] [vice-producer-1] org.apache.kafka.clients.Metadata        : [Producer clientId=annonceService-producer-1] Rebootstrapping with [localhost/127.0.0.1:9099]
2026-01-12T21:57:40.369+01:00  INFO 59125 --- [annonceService] [vice-producer-1] org.apache.kafka.clients.NetworkClient   : [Producer clientId=annonceService-producer-1] Node -1 disconnected.
2026-01-12T21:57:40.369+01:00  WARN 59125 --- [annonceService] [vice-producer-1] org.apache.kafka.clients.NetworkClient   : [Producer clientId=annonceService-producer-1] Connection to node -1 (localhost/127.0.0.1:9099) could not be established. Node may not be available.
2026-01-12T21:57:40.369+01:00  WARN 59125 --- [annonceService] [vice-producer-1] org.apache.kafka.clients.NetworkClient   : [Producer clientId=annonceService-producer-1] Bootstrap broker localhost:9099 (id: -1 rack: null isFenced: false) disconnected
2026-01-12T21:57:41.313+01:00  INFO 59125 --- [annonceService] [vice-producer-1] org.apache.kafka.clients.NetworkClient   : [Producer clientId=annonceService-producer-1] Node -1 disconnected.
2026-01-12T21:57:41.313+01:00  WARN 59125 --- [annonceService] [vice-producer-1] org.apache.kafka.clients.NetworkClient   : [Producer clientId=annonceService-producer-1] Connection to node -1 (localhost/127.0.0.1:9099) could not be established. Node may not be available.
2026-01-12T21:57:41.314+01:00  WARN 59125 --- [annonceService] [vice-producer-1] org.apache.kafka.clients.NetworkClient   : [Producer clientId=annonceService-producer-1] Bootstrap broker localhost:9099 (id: -1 rack: null isFenced: false) disconnected
2026-01-12T21:57:42.315+01:00  INFO 59125 --- [annonceService] [vice-producer-1] org.apache.kafka.clients.NetworkClient   : [Producer clientId=annonceService-producer-1] Node -1 disconnected.
2026-01-12T21:57:42.316+01:00  WARN 59125 --- [annonceService] [vice-producer-1] org.apache.kafka.clients.NetworkClient   : [Producer clientId=annonceService-producer-1] Connection to node -1 (localhost/127.0.0.1:9099) could not be established. Node may not be available.
2026-01-12T21:57:42.316+01:00  WARN 59125 --- [annonceService] [vice-producer-1] org.apache.kafka.clients.NetworkClient   : [Producer clientId=annonceService-producer-1] Bootstrap broker localhost:9099 (id: -1 rack: null isFenced: false) disconnected
2026-01-12T21:57:43.249+01:00  INFO 59125 --- [annonceService] [vice-producer-1] org.apache.kafka.clients.Metadata        : [Producer clientId=annonceService-producer-1] Rebootstrapping with [localhost/127.0.0.1:9099]
2026-01-12T21:57:43.316+01:00  INFO 59125 --- [annonceService] [vice-producer-1] org.apache.kafka.clients.NetworkClient   : [Producer clientId=annonceService-producer-1] Node -1 disconnected.
2026-01-12T21:57:43.317+01:00  WARN 59125 --- [annonceService] [vice-producer-1] org.apache.kafka.clients.NetworkClient   : [Producer clientId=annonceService-producer-1] Connection to node -1 (localhost/127.0.0.1:9099) could not be established. Node may not be available.
2026-01-12T21:57:43.317+01:00  WARN 59125 --- [annonceService] [vice-producer-1] org.apache.kafka.clients.NetworkClient   : [Producer clientId=annonceService-producer-1] Bootstrap broker localhost:9099 (id: -1 rack: null isFenced: false) disconnected
2026-01-12T21:57:44.185+01:00  INFO 59125 --- [annonceService] [vice-producer-1] org.apache.kafka.clients.NetworkClient   : [Producer clientId=annonceService-producer-1] Node -1 disconnected.
2026-01-12T21:57:44.185+01:00  WARN 59125 --- [annonceService] [vice-producer-1] org.apache.kafka.clients.NetworkClient   : [Producer clientId=annonceService-producer-1] Connection to node -1 (localhost/127.0.0.1:9099) could not be established. Node may not be available.
2026-01-12T21:57:44.185+01:00  WARN 59125 --- [annonceService] [vice-producer-1] org.apache.kafka.clients.NetworkClient   : [Producer clientId=annonceService-producer-1] Bootstrap broker localhost:9099 (id: -1 rack: null isFenced: false) disconnected
2026-01-12T21:57:44.317+01:00  INFO 59125 --- [annonceService] [vice-producer-1] org.apache.kafka.clients.Metadata        : [Producer clientId=annonceService-producer-1] Rebootstrapping with [localhost/127.0.0.1:9099]
2026-01-12T21:57:44.368+01:00  INFO 59125 --- [annonceService] [vice-producer-1] org.apache.kafka.clients.Metadata        : [Producer clientId=annonceService-producer-1] Rebootstrapping with [localhost/127.0.0.1:9099]
2026-01-12T21:57:44.419+01:00  INFO 59125 --- [annonceService] [vice-producer-1] org.apache.kafka.clients.Metadata        : [Producer clientId=annonceService-producer-1] Rebootstrapping with [localhost/127.0.0.1:9099]
2026-01-12T21:57:44.471+01:00  INFO 59125 --- [annonceService] [vice-producer-1] org.apache.kafka.clients.Metadata        : [Producer clientId=annonceService-producer-1] Rebootstrapping with [localhost/127.0.0.1:9099]
2026-01-12T21:57:44.521+01:00  INFO 59125 --- [annonceService] [vice-producer-1] org.apache.kafka.clients.Metadata        : [Producer clientId=annonceService-producer-1] Rebootstrapping with [localhost/127.0.0.1:9099]
2026-01-12T21:57:44.572+01:00  INFO 59125 --- [annonceService] [vice-producer-1] org.apache.kafka.clients.Metadata        : [Producer clientId=annonceService-producer-1] Rebootstrapping with [localhost/127.0.0.1:9099]
2026-01-12T21:57:44.622+01:00  INFO 59125 --- [annonceService] [vice-producer-1] org.apache.kafka.clients.Metadata        : [Producer clientId=annonceService-producer-1] Rebootstrapping with [localhost/127.0.0.1:9099]
2026-01-12T21:57:44.673+01:00  INFO 59125 --- [annonceService] [vice-producer-1] org.apache.kafka.clients.Metadata        : [Producer clientId=annonceService-producer-1] Rebootstrapping with [localhost/127.0.0.1:9099]
2026-01-12T21:57:44.725+01:00  INFO 59125 --- [annonceService] [vice-producer-1] org.apache.kafka.clients.Metadata        : [Producer clientId=annonceService-producer-1] Rebootstrapping with [localhost/127.0.0.1:9099]
2026-01-12T21:57:44.776+01:00  INFO 59125 --- [annonceService] [vice-producer-1] org.apache.kafka.clients.Metadata        : [Producer clientId=annonceService-producer-1] Rebootstrapping with [localhost/127.0.0.1:9099]
2026-01-12T21:57:44.827+01:00  INFO 59125 --- [annonceService] [vice-producer-1] org.apache.kafka.clients.Metadata        : [Producer clientId=annonceService-producer-1] Rebootstrapping with [localhost/127.0.0.1:9099]
2026-01-12T21:57:44.878+01:00  INFO 59125 --- [annonceService] [vice-producer-1] org.apache.kafka.clients.Metadata        : [Producer clientId=annonceService-producer-1] Rebootstrapping with [localhost/127.0.0.1:9099]
2026-01-12T21:57:44.929+01:00  INFO 59125 --- [annonceService] [vice-producer-1] org.apache.kafka.clients.Metadata        : [Producer clientId=annonceService-producer-1] Rebootstrapping with [localhost/127.0.0.1:9099]
2026-01-12T21:57:44.980+01:00  INFO 59125 --- [annonceService] [vice-producer-1] org.apache.kafka.clients.Metadata        : [Producer clientId=annonceService-producer-1] Rebootstrapping with [localhost/127.0.0.1:9099]
2026-01-12T21:57:45.031+01:00  INFO 59125 --- [annonceService] [vice-producer-1] org.apache.kafka.clients.Metadata        : [Producer clientId=annonceService-producer-1] Rebootstrapping with [localhost/127.0.0.1:9099]
2026-01-12T21:57:45.083+01:00  INFO 59125 --- [annonceService] [vice-producer-1] org.apache.kafka.clients.Metadata        : [Producer clientId=annonceService-producer-1] Rebootstrapping with [localhost/127.0.0.1:9099]
2026-01-12T21:57:45.134+01:00  INFO 59125 --- [annonceService] [vice-producer-1] org.apache.kafka.clients.Metadata        : [Producer clientId=annonceService-producer-1] Rebootstrapping with [localhost/127.0.0.1:9099]
2026-01-12T21:57:45.186+01:00  INFO 59125 --- [annonceService] [vice-producer-1] org.apache.kafka.clients.NetworkClient   : [Producer clientId=annonceService-producer-1] Node -1 disconnected.
2026-01-12T21:57:45.186+01:00  WARN 59125 --- [annonceService] [vice-producer-1] org.apache.kafka.clients.NetworkClient   : [Producer clientId=annonceService-producer-1] Connection to node -1 (localhost/127.0.0.1:9099) could not be established. Node may not be available.
2026-01-12T21:57:45.186+01:00  WARN 59125 --- [annonceService] [vice-producer-1] org.apache.kafka.clients.NetworkClient   : [Producer clientId=annonceService-producer-1] Bootstrap broker localhost:9099 (id: -1 rack: null isFenced: false) disconnected
2026-01-12T21:57:46.186+01:00  INFO 59125 --- [annonceService] [vice-producer-1] org.apache.kafka.clients.NetworkClient   : [Producer clientId=annonceService-producer-1] Node -1 disconnected.
2026-01-12T21:57:46.186+01:00  WARN 59125 --- [annonceService] [vice-producer-1] org.apache.kafka.clients.NetworkClient   : [Producer clientId=annonceService-producer-1] Connection to node -1 (localhost/127.0.0.1:9099) could not be established. Node may not be available.
2026-01-12T21:57:46.187+01:00  WARN 59125 --- [annonceService] [vice-producer-1] org.apache.kafka.clients.NetworkClient   : [Producer clientId=annonceService-producer-1] Bootstrap broker localhost:9099 (id: -1 rack: null isFenced: false) disconnected
2026-01-12T21:57:47.110+01:00  INFO 59125 --- [annonceService] [vice-producer-1] org.apache.kafka.clients.NetworkClient   : [Producer clientId=annonceService-producer-1] Node -1 disconnected.
2026-01-12T21:57:47.110+01:00  WARN 59125 --- [annonceService] [vice-producer-1] org.apache.kafka.clients.NetworkClient   : [Producer clientId=annonceService-producer-1] Connection to node -1 (localhost/127.0.0.1:9099) could not be established. Node may not be available.
2026-01-12T21:57:47.110+01:00  WARN 59125 --- [annonceService] [vice-producer-1] org.apache.kafka.clients.NetworkClient   : [Producer clientId=annonceService-producer-1] Bootstrap broker localhost:9099 (id: -1 rack: null isFenced: false) disconnected
2026-01-12T21:57:47.979+01:00  INFO 59125 --- [annonceService] [vice-producer-1] org.apache.kafka.clients.Metadata        : [Producer clientId=annonceService-producer-1] Rebootstrapping with [localhost/127.0.0.1:9099]
2026-01-12T21:57:48.048+01:00  INFO 59125 --- [annonceService] [vice-producer-1] org.apache.kafka.clients.Metadata        : [Producer clientId=annonceService-producer-1] Rebootstrapping with [localhost/127.0.0.1:9099]
2026-01-12T21:57:48.099+01:00  INFO 59125 --- [annonceService] [vice-producer-1] org.apache.kafka.clients.Metadata        : [Producer clientId=annonceService-producer-1] Rebootstrapping with [localhost/127.0.0.1:9099]
2026-01-12T21:57:48.151+01:00  INFO 59125 --- [annonceService] [vice-producer-1] org.apache.kafka.clients.NetworkClient   : [Producer clientId=annonceService-producer-1] Node -1 disconnected.
2026-01-12T21:57:48.151+01:00  WARN 59125 --- [annonceService] [vice-producer-1] org.apache.kafka.clients.NetworkClient   : [Producer clientId=annonceService-producer-1] Connection to node -1 (localhost/127.0.0.1:9099) could not be established. Node may not be available.
2026-01-12T21:57:48.152+01:00  WARN 59125 --- [annonceService] [vice-producer-1] org.apache.kafka.clients.NetworkClient   : [Producer clientId=annonceService-producer-1] Bootstrap broker localhost:9099 (id: -1 rack: null isFenced: false) disconnected
2026-01-12T21:57:49.121+01:00  INFO 59125 --- [annonceService] [vice-producer-1] org.apache.kafka.clients.Metadata        : [Producer clientId=annonceService-producer-1] Rebootstrapping with [localhost/127.0.0.1:9099]
2026-01-12T21:57:49.173+01:00  INFO 59125 --- [annonceService] [vice-producer-1] org.apache.kafka.clients.NetworkClient   : [Producer clientId=annonceService-producer-1] Node -1 disconnected.
2026-01-12T21:57:49.173+01:00  WARN 59125 --- [annonceService] [vice-producer-1] org.apache.kafka.clients.NetworkClient   : [Producer clientId=annonceService-producer-1] Connection to node -1 (localhost/127.0.0.1:9099) could not be established. Node may not be available.
2026-01-12T21:57:49.174+01:00  WARN 59125 --- [annonceService] [vice-producer-1] org.apache.kafka.clients.NetworkClient   : [Producer clientId=annonceService-producer-1] Bootstrap broker localhost:9099 (id: -1 rack: null isFenced: false) disconnected
2026-01-12T21:57:49.992+01:00  INFO 59125 --- [annonceService] [vice-producer-1] org.apache.kafka.clients.NetworkClient   : [Producer clientId=annonceService-producer-1] Node -1 disconnected.
2026-01-12T21:57:49.992+01:00  WARN 59125 --- [annonceService] [vice-producer-1] org.apache.kafka.clients.NetworkClient   : [Producer clientId=annonceService-producer-1] Connection to node -1 (localhost/127.0.0.1:9099) could not be established. Node may not be available.
2026-01-12T21:57:49.992+01:00  WARN 59125 --- [annonceService] [vice-producer-1] org.apache.kafka.clients.NetworkClient   : [Producer clientId=annonceService-producer-1] Bootstrap broker localhost:9099 (id: -1 rack: null isFenced: false) disconnected
2026-01-12T21:57:50.098+01:00  INFO 59125 --- [annonceService] [vice-producer-1] org.apache.kafka.clients.Metadata        : [Producer clientId=annonceService-producer-1] Rebootstrapping with [localhost/127.0.0.1:9099]
2026-01-12T21:57:50.173+01:00  INFO 59125 --- [annonceService] [vice-producer-1] org.apache.kafka.clients.Metadata        : [Producer clientId=annonceService-producer-1] Rebootstrapping with [localhost/127.0.0.1:9099]
2026-01-12T21:57:50.224+01:00  INFO 59125 --- [annonceService] [vice-producer-1] org.apache.kafka.clients.Metadata        : [Producer clientId=annonceService-producer-1] Rebootstrapping with [localhost/127.0.0.1:9099]
2026-01-12T21:57:50.275+01:00  INFO 59125 --- [annonceService] [vice-producer-1] org.apache.kafka.clients.Metadata        : [Producer clientId=annonceService-producer-1] Rebootstrapping with [localhost/127.0.0.1:9099]
2026-01-12T21:57:50.326+01:00  INFO 59125 --- [annonceService] [vice-producer-1] org.apache.kafka.clients.Metadata        : [Producer clientId=annonceService-producer-1] Rebootstrapping with [localhost/127.0.0.1:9099]
2026-01-12T21:57:50.377+01:00  INFO 59125 --- [annonceService] [vice-producer-1] org.apache.kafka.clients.Metadata        : [Producer clientId=annonceService-producer-1] Rebootstrapping with [localhost/127.0.0.1:9099]
2026-01-12T21:57:50.429+01:00  INFO 59125 --- [annonceService] [vice-producer-1] org.apache.kafka.clients.Metadata        : [Producer clientId=annonceService-producer-1] Rebootstrapping with [localhost/127.0.0.1:9099]
2026-01-12T21:57:50.480+01:00  INFO 59125 --- [annonceService] [vice-producer-1] org.apache.kafka.clients.Metadata        : [Producer clientId=annonceService-producer-1] Rebootstrapping with [localhost/127.0.0.1:9099]
2026-01-12T21:57:50.532+01:00  INFO 59125 --- [annonceService] [vice-producer-1] org.apache.kafka.clients.Metadata        : [Producer clientId=annonceService-producer-1] Rebootstrapping with [localhost/127.0.0.1:9099]
2026-01-12T21:57:50.583+01:00  INFO 59125 --- [annonceService] [vice-producer-1] org.apache.kafka.clients.Metadata        : [Producer clientId=annonceService-producer-1] Rebootstrapping with [localhost/127.0.0.1:9099]
2026-01-12T21:57:50.634+01:00  INFO 59125 --- [annonceService] [vice-producer-1] org.apache.kafka.clients.Metadata        : [Producer clientId=annonceService-producer-1] Rebootstrapping with [localhost/127.0.0.1:9099]
2026-01-12T21:57:50.685+01:00  INFO 59125 --- [annonceService] [vice-producer-1] org.apache.kafka.clients.Metadata        : [Producer clientId=annonceService-producer-1] Rebootstrapping with [localhost/127.0.0.1:9099]
2026-01-12T21:57:50.736+01:00  INFO 59125 --- [annonceService] [vice-producer-1] org.apache.kafka.clients.Metadata        : [Producer clientId=annonceService-producer-1] Rebootstrapping with [localhost/127.0.0.1:9099]
2026-01-12T21:57:50.788+01:00  INFO 59125 --- [annonceService] [vice-producer-1] org.apache.kafka.clients.Metadata        : [Producer clientId=annonceService-producer-1] Rebootstrapping with [localhost/127.0.0.1:9099]
2026-01-12T21:57:50.839+01:00  INFO 59125 --- [annonceService] [vice-producer-1] org.apache.kafka.clients.Metadata        : [Producer clientId=annonceService-producer-1] Rebootstrapping with [localhost/127.0.0.1:9099]
2026-01-12T21:57:50.890+01:00  INFO 59125 --- [annonceService] [vice-producer-1] org.apache.kafka.clients.Metadata        : [Producer clientId=annonceService-producer-1] Rebootstrapping with [localhost/127.0.0.1:9099]
2026-01-12T21:57:50.942+01:00  INFO 59125 --- [annonceService] [vice-producer-1] org.apache.kafka.clients.NetworkClient   : [Producer clientId=annonceService-producer-1] Node -1 disconnected.
2026-01-12T21:57:50.942+01:00  WARN 59125 --- [annonceService] [vice-producer-1] org.apache.kafka.clients.NetworkClient   : [Producer clientId=annonceService-producer-1] Connection to node -1 (localhost/127.0.0.1:9099) could not be established. Node may not be available.
2026-01-12T21:57:50.942+01:00  WARN 59125 --- [annonceService] [vice-producer-1] org.apache.kafka.clients.NetworkClient   : [Producer clientId=annonceService-producer-1] Bootstrap broker localhost:9099 (id: -1 rack: null isFenced: false) disconnected
2026-01-12T21:57:51.856+01:00  INFO 59125 --- [annonceService] [vice-producer-1] org.apache.kafka.clients.Metadata        : [Producer clientId=annonceService-producer-1] Rebootstrapping with [localhost/127.0.0.1:9099]
2026-01-12T21:57:51.948+01:00  INFO 59125 --- [annonceService] [vice-producer-1] org.apache.kafka.clients.NetworkClient   : [Producer clientId=annonceService-producer-1] Node -1 disconnected.
2026-01-12T21:57:51.948+01:00  WARN 59125 --- [annonceService] [vice-producer-1] org.apache.kafka.clients.NetworkClient   : [Producer clientId=annonceService-producer-1] Connection to node -1 (localhost/127.0.0.1:9099) could not be established. Node may not be available.
2026-01-12T21:57:51.948+01:00  WARN 59125 --- [annonceService] [vice-producer-1] org.apache.kafka.clients.NetworkClient   : [Producer clientId=annonceService-producer-1] Bootstrap broker localhost:9099 (id: -1 rack: null isFenced: false) disconnected
2026-01-12T21:57:52.768+01:00  INFO 59125 --- [annonceService] [vice-producer-1] org.apache.kafka.clients.Metadata        : [Producer clientId=annonceService-producer-1] Rebootstrapping with [localhost/127.0.0.1:9099]
2026-01-12T21:57:52.820+01:00  INFO 59125 --- [annonceService] [vice-producer-1] org.apache.kafka.clients.NetworkClient   : [Producer clientId=annonceService-producer-1] Node -1 disconnected.
2026-01-12T21:57:52.820+01:00  WARN 59125 --- [annonceService] [vice-producer-1] org.apache.kafka.clients.NetworkClient   : [Producer clientId=annonceService-producer-1] Connection to node -1 (localhost/127.0.0.1:9099) could not be established. Node may not be available.
2026-01-12T21:57:52.820+01:00  WARN 59125 --- [annonceService] [vice-producer-1] org.apache.kafka.clients.NetworkClient   : [Producer clientId=annonceService-producer-1] Bootstrap broker localhost:9099 (id: -1 rack: null isFenced: false) disconnected
2026-01-12T21:57:52.949+01:00  INFO 59125 --- [annonceService] [vice-producer-1] org.apache.kafka.clients.Metadata        : [Producer clientId=annonceService-producer-1] Rebootstrapping with [localhost/127.0.0.1:9099]
2026-01-12T21:57:53.004+01:00  INFO 59125 --- [annonceService] [vice-producer-1] org.apache.kafka.clients.Metadata        : [Producer clientId=annonceService-producer-1] Rebootstrapping with [localhost/127.0.0.1:9099]
2026-01-12T21:57:53.055+01:00  INFO 59125 --- [annonceService] [vice-producer-1] org.apache.kafka.clients.Metadata        : [Producer clientId=annonceService-producer-1] Rebootstrapping with [localhost/127.0.0.1:9099]
2026-01-12T21:57:53.107+01:00  INFO 59125 --- [annonceService] [vice-producer-1] org.apache.kafka.clients.Metadata        : [Producer clientId=annonceService-producer-1] Rebootstrapping with [localhost/127.0.0.1:9099]
2026-01-12T21:57:53.159+01:00  INFO 59125 --- [annonceService] [vice-producer-1] org.apache.kafka.clients.Metadata        : [Producer clientId=annonceService-producer-1] Rebootstrapping with [localhost/127.0.0.1:9099]
2026-01-12T21:57:53.210+01:00  INFO 59125 --- [annonceService] [vice-producer-1] org.apache.kafka.clients.Metadata        : [Producer clientId=annonceService-producer-1] Rebootstrapping with [localhost/127.0.0.1:9099]
2026-01-12T21:57:53.261+01:00  INFO 59125 --- [annonceService] [vice-producer-1] org.apache.kafka.clients.Metadata        : [Producer clientId=annonceService-producer-1] Rebootstrapping with [localhost/127.0.0.1:9099]
2026-01-12T21:57:53.313+01:00  INFO 59125 --- [annonceService] [vice-producer-1] org.apache.kafka.clients.Metadata        : [Producer clientId=annonceService-producer-1] Rebootstrapping with [localhost/127.0.0.1:9099]
2026-01-12T21:57:53.365+01:00  INFO 59125 --- [annonceService] [vice-producer-1] org.apache.kafka.clients.Metadata        : [Producer clientId=annonceService-producer-1] Rebootstrapping with [localhost/127.0.0.1:9099]
2026-01-12T21:57:53.419+01:00  INFO 59125 --- [annonceService] [vice-producer-1] org.apache.kafka.clients.Metadata        : [Producer clientId=annonceService-producer-1] Rebootstrapping with [localhost/127.0.0.1:9099]
2026-01-12T21:57:53.470+01:00  INFO 59125 --- [annonceService] [vice-producer-1] org.apache.kafka.clients.Metadata        : [Producer clientId=annonceService-producer-1] Rebootstrapping with [localhost/127.0.0.1:9099]
2026-01-12T21:57:53.521+01:00  INFO 59125 --- [annonceService] [vice-producer-1] org.apache.kafka.clients.Metadata        : [Producer clientId=annonceService-producer-1] Rebootstrapping with [localhost/127.0.0.1:9099]
2026-01-12T21:57:53.572+01:00  INFO 59125 --- [annonceService] [vice-producer-1] org.apache.kafka.clients.Metadata        : [Producer clientId=annonceService-producer-1] Rebootstrapping with [localhost/127.0.0.1:9099]
2026-01-12T21:57:53.624+01:00  INFO 59125 --- [annonceService] [vice-producer-1] org.apache.kafka.clients.Metadata        : [Producer clientId=annonceService-producer-1] Rebootstrapping with [localhost/127.0.0.1:9099]
2026-01-12T21:57:53.676+01:00  INFO 59125 --- [annonceService] [vice-producer-1] org.apache.kafka.clients.Metadata        : [Producer clientId=annonceService-producer-1] Rebootstrapping with [localhost/127.0.0.1:9099]
2026-01-12T21:57:53.727+01:00  INFO 59125 --- [annonceService] [vice-producer-1] org.apache.kafka.clients.Metadata        : [Producer clientId=annonceService-producer-1] Rebootstrapping with [localhost/127.0.0.1:9099]
2026-01-12T21:57:53.778+01:00  INFO 59125 --- [annonceService] [vice-producer-1] org.apache.kafka.clients.Metadata        : [Producer clientId=annonceService-producer-1] Rebootstrapping with [localhost/127.0.0.1:9099]
2026-01-12T21:57:53.831+01:00  INFO 59125 --- [annonceService] [vice-producer-1] org.apache.kafka.clients.NetworkClient   : [Producer clientId=annonceService-producer-1] Node -1 disconnected.
2026-01-12T21:57:53.831+01:00  WARN 59125 --- [annonceService] [vice-producer-1] org.apache.kafka.clients.NetworkClient   : [Producer clientId=annonceService-producer-1] Connection to node -1 (localhost/127.0.0.1:9099) could not be established. Node may not be available.
2026-01-12T21:57:53.831+01:00  WARN 59125 --- [annonceService] [vice-producer-1] org.apache.kafka.clients.NetworkClient   : [Producer clientId=annonceService-producer-1] Bootstrap broker localhost:9099 (id: -1 rack: null isFenced: false) disconnected
2026-01-12T21:57:54.833+01:00  INFO 59125 --- [annonceService] [vice-producer-1] org.apache.kafka.clients.NetworkClient   : [Producer clientId=annonceService-producer-1] Node -1 disconnected.
2026-01-12T21:57:54.834+01:00  WARN 59125 --- [annonceService] [vice-producer-1] org.apache.kafka.clients.NetworkClient   : [Producer clientId=annonceService-producer-1] Connection to node -1 (localhost/127.0.0.1:9099) could not be established. Node may not be available.
2026-01-12T21:57:54.834+01:00  WARN 59125 --- [annonceService] [vice-producer-1] org.apache.kafka.clients.NetworkClient   : [Producer clientId=annonceService-producer-1] Bootstrap broker localhost:9099 (id: -1 rack: null isFenced: false) disconnected
2026-01-12T21:57:55.703+01:00  INFO 59125 --- [annonceService] [vice-producer-1] org.apache.kafka.clients.NetworkClient   : [Producer clientId=annonceService-producer-1] Node -1 disconnected.
2026-01-12T21:57:55.703+01:00  WARN 59125 --- [annonceService] [vice-producer-1] org.apache.kafka.clients.NetworkClient   : [Producer clientId=annonceService-producer-1] Connection to node -1 (localhost/127.0.0.1:9099) could not be established. Node may not be available.
2026-01-12T21:57:55.703+01:00  WARN 59125 --- [annonceService] [vice-producer-1] org.apache.kafka.clients.NetworkClient   : [Producer clientId=annonceService-producer-1] Bootstrap broker localhost:9099 (id: -1 rack: null isFenced: false) disconnected
2026-01-12T21:57:55.807+01:00  INFO 59125 --- [annonceService] [vice-producer-1] org.apache.kafka.clients.Metadata        : [Producer clientId=annonceService-producer-1] Rebootstrapping with [localhost/127.0.0.1:9099]
2026-01-12T21:57:55.858+01:00  INFO 59125 --- [annonceService] [vice-producer-1] org.apache.kafka.clients.Metadata        : [Producer clientId=annonceService-producer-1] Rebootstrapping with [localhost/127.0.0.1:9099]
2026-01-12T21:57:55.909+01:00  INFO 59125 --- [annonceService] [vice-producer-1] org.apache.kafka.clients.Metadata        : [Producer clientId=annonceService-producer-1] Rebootstrapping with [localhost/127.0.0.1:9099]
2026-01-12T21:57:55.960+01:00  INFO 59125 --- [annonceService] [vice-producer-1] org.apache.kafka.clients.Metadata        : [Producer clientId=annonceService-producer-1] Rebootstrapping with [localhost/127.0.0.1:9099]
2026-01-12T21:57:56.012+01:00  INFO 59125 --- [annonceService] [vice-producer-1] org.apache.kafka.clients.Metadata        : [Producer clientId=annonceService-producer-1] Rebootstrapping with [localhost/127.0.0.1:9099]
2026-01-12T21:57:56.063+01:00  INFO 59125 --- [annonceService] [vice-producer-1] org.apache.kafka.clients.Metadata        : [Producer clientId=annonceService-producer-1] Rebootstrapping with [localhost/127.0.0.1:9099]
2026-01-12T21:57:56.115+01:00  INFO 59125 --- [annonceService] [vice-producer-1] org.apache.kafka.clients.Metadata        : [Producer clientId=annonceService-producer-1] Rebootstrapping with [localhost/127.0.0.1:9099]
2026-01-12T21:57:56.166+01:00  INFO 59125 --- [annonceService] [vice-producer-1] org.apache.kafka.clients.Metadata        : [Producer clientId=annonceService-producer-1] Rebootstrapping with [localhost/127.0.0.1:9099]
2026-01-12T21:57:56.218+01:00  INFO 59125 --- [annonceService] [vice-producer-1] org.apache.kafka.clients.Metadata        : [Producer clientId=annonceService-producer-1] Rebootstrapping with [localhost/127.0.0.1:9099]
2026-01-12T21:57:56.269+01:00  INFO 59125 --- [annonceService] [vice-producer-1] org.apache.kafka.clients.Metadata        : [Producer clientId=annonceService-producer-1] Rebootstrapping with [localhost/127.0.0.1:9099]
2026-01-12T21:57:56.320+01:00  INFO 59125 --- [annonceService] [vice-producer-1] org.apache.kafka.clients.Metadata        : [Producer clientId=annonceService-producer-1] Rebootstrapping with [localhost/127.0.0.1:9099]
2026-01-12T21:57:56.372+01:00  INFO 59125 --- [annonceService] [vice-producer-1] org.apache.kafka.clients.Metadata        : [Producer clientId=annonceService-producer-1] Rebootstrapping with [localhost/127.0.0.1:9099]
2026-01-12T21:57:56.424+01:00  INFO 59125 --- [annonceService] [vice-producer-1] org.apache.kafka.clients.Metadata        : [Producer clientId=annonceService-producer-1] Rebootstrapping with [localhost/127.0.0.1:9099]
2026-01-12T21:57:56.475+01:00  INFO 59125 --- [annonceService] [vice-producer-1] org.apache.kafka.clients.Metadata        : [Producer clientId=annonceService-producer-1] Rebootstrapping with [localhost/127.0.0.1:9099]
2026-01-12T21:57:56.526+01:00  INFO 59125 --- [annonceService] [vice-producer-1] org.apache.kafka.clients.Metadata        : [Producer clientId=annonceService-producer-1] Rebootstrapping with [localhost/127.0.0.1:9099]
2026-01-12T21:57:56.577+01:00  INFO 59125 --- [annonceService] [vice-producer-1] org.apache.kafka.clients.Metadata        : [Producer clientId=annonceService-producer-1] Rebootstrapping with [localhost/127.0.0.1:9099]
2026-01-12T21:57:56.628+01:00  INFO 59125 --- [annonceService] [vice-producer-1] org.apache.kafka.clients.Metadata        : [Producer clientId=annonceService-producer-1] Rebootstrapping with [localhost/127.0.0.1:9099]
2026-01-12T21:57:56.679+01:00  INFO 59125 --- [annonceService] [vice-producer-1] org.apache.kafka.clients.Metadata        : [Producer clientId=annonceService-producer-1] Rebootstrapping with [localhost/127.0.0.1:9099]
2026-01-12T21:57:56.730+01:00  INFO 59125 --- [annonceService] [vice-producer-1] org.apache.kafka.clients.NetworkClient   : [Producer clientId=annonceService-producer-1] Node -1 disconnected.
2026-01-12T21:57:56.730+01:00  WARN 59125 --- [annonceService] [vice-producer-1] org.apache.kafka.clients.NetworkClient   : [Producer clientId=annonceService-producer-1] Connection to node -1 (localhost/127.0.0.1:9099) could not be established. Node may not be available.
2026-01-12T21:57:56.730+01:00  WARN 59125 --- [annonceService] [vice-producer-1] org.apache.kafka.clients.NetworkClient   : [Producer clientId=annonceService-producer-1] Bootstrap broker localhost:9099 (id: -1 rack: null isFenced: false) disconnected
2026-01-12T21:57:57.599+01:00  INFO 59125 --- [annonceService] [vice-producer-1] org.apache.kafka.clients.NetworkClient   : [Producer clientId=annonceService-producer-1] Node -1 disconnected.
2026-01-12T21:57:57.600+01:00  WARN 59125 --- [annonceService] [vice-producer-1] org.apache.kafka.clients.NetworkClient   : [Producer clientId=annonceService-producer-1] Connection to node -1 (localhost/127.0.0.1:9099) could not be established. Node may not be available.
2026-01-12T21:57:57.600+01:00  WARN 59125 --- [annonceService] [vice-producer-1] org.apache.kafka.clients.NetworkClient   : [Producer clientId=annonceService-producer-1] Bootstrap broker localhost:9099 (id: -1 rack: null isFenced: false) disconnected
2026-01-12T21:57:57.730+01:00  INFO 59125 --- [annonceService] [vice-producer-1] org.apache.kafka.clients.Metadata        : [Producer clientId=annonceService-producer-1] Rebootstrapping with [localhost/127.0.0.1:9099]
2026-01-12T21:57:57.782+01:00  INFO 59125 --- [annonceService] [vice-producer-1] org.apache.kafka.clients.Metadata        : [Producer clientId=annonceService-producer-1] Rebootstrapping with [localhost/127.0.0.1:9099]
2026-01-12T21:57:57.835+01:00  INFO 59125 --- [annonceService] [vice-producer-1] org.apache.kafka.clients.Metadata        : [Producer clientId=annonceService-producer-1] Rebootstrapping with [localhost/127.0.0.1:9099]
2026-01-12T21:57:57.886+01:00  INFO 59125 --- [annonceService] [vice-producer-1] org.apache.kafka.clients.Metadata        : [Producer clientId=annonceService-producer-1] Rebootstrapping with [localhost/127.0.0.1:9099]
2026-01-12T21:57:57.938+01:00  INFO 59125 --- [annonceService] [vice-producer-1] org.apache.kafka.clients.Metadata        : [Producer clientId=annonceService-producer-1] Rebootstrapping with [localhost/127.0.0.1:9099]
2026-01-12T21:57:57.989+01:00  INFO 59125 --- [annonceService] [vice-producer-1] org.apache.kafka.clients.Metadata        : [Producer clientId=annonceService-producer-1] Rebootstrapping with [localhost/127.0.0.1:9099]
2026-01-12T21:57:58.040+01:00  INFO 59125 --- [annonceService] [vice-producer-1] org.apache.kafka.clients.Metadata        : [Producer clientId=annonceService-producer-1] Rebootstrapping with [localhost/127.0.0.1:9099]
2026-01-12T21:57:58.092+01:00  INFO 59125 --- [annonceService] [vice-producer-1] org.apache.kafka.clients.Metadata        : [Producer clientId=annonceService-producer-1] Rebootstrapping with [localhost/127.0.0.1:9099]
2026-01-12T21:57:58.143+01:00  INFO 59125 --- [annonceService] [vice-producer-1] org.apache.kafka.clients.Metadata        : [Producer clientId=annonceService-producer-1] Rebootstrapping with [localhost/127.0.0.1:9099]
2026-01-12T21:57:58.195+01:00  INFO 59125 --- [annonceService] [vice-producer-1] org.apache.kafka.clients.Metadata        : [Producer clientId=annonceService-producer-1] Rebootstrapping with [localhost/127.0.0.1:9099]
2026-01-12T21:57:58.246+01:00  INFO 59125 --- [annonceService] [vice-producer-1] org.apache.kafka.clients.Metadata        : [Producer clientId=annonceService-producer-1] Rebootstrapping with [localhost/127.0.0.1:9099]
2026-01-12T21:57:58.298+01:00  INFO 59125 --- [annonceService] [vice-producer-1] org.apache.kafka.clients.Metadata        : [Producer clientId=annonceService-producer-1] Rebootstrapping with [localhost/127.0.0.1:9099]
2026-01-12T21:57:58.349+01:00  INFO 59125 --- [annonceService] [vice-producer-1] org.apache.kafka.clients.Metadata        : [Producer clientId=annonceService-producer-1] Rebootstrapping with [localhost/127.0.0.1:9099]
2026-01-12T21:57:58.400+01:00  INFO 59125 --- [annonceService] [vice-producer-1] org.apache.kafka.clients.Metadata        : [Producer clientId=annonceService-producer-1] Rebootstrapping with [localhost/127.0.0.1:9099]
2026-01-12T21:57:58.451+01:00  INFO 59125 --- [annonceService] [vice-producer-1] org.apache.kafka.clients.Metadata        : [Producer clientId=annonceService-producer-1] Rebootstrapping with [localhost/127.0.0.1:9099]
2026-01-12T21:57:58.503+01:00  INFO 59125 --- [annonceService] [vice-producer-1] org.apache.kafka.clients.NetworkClient   : [Producer clientId=annonceService-producer-1] Node -1 disconnected.
2026-01-12T21:57:58.503+01:00  WARN 59125 --- [annonceService] [vice-producer-1] org.apache.kafka.clients.NetworkClient   : [Producer clientId=annonceService-producer-1] Connection to node -1 (localhost/127.0.0.1:9099) could not be established. Node may not be available.
2026-01-12T21:57:58.503+01:00  WARN 59125 --- [annonceService] [vice-producer-1] org.apache.kafka.clients.NetworkClient   : [Producer clientId=annonceService-producer-1] Bootstrap broker localhost:9099 (id: -1 rack: null isFenced: false) disconnected
2026-01-12T21:57:59.375+01:00  INFO 59125 --- [annonceService] [vice-producer-1] org.apache.kafka.clients.NetworkClient   : [Producer clientId=annonceService-producer-1] Node -1 disconnected.
2026-01-12T21:57:59.375+01:00  WARN 59125 --- [annonceService] [vice-producer-1] org.apache.kafka.clients.NetworkClient   : [Producer clientId=annonceService-producer-1] Connection to node -1 (localhost/127.0.0.1:9099) could not be established. Node may not be available.
2026-01-12T21:57:59.375+01:00  WARN 59125 --- [annonceService] [vice-producer-1] org.apache.kafka.clients.NetworkClient   : [Producer clientId=annonceService-producer-1] Bootstrap broker localhost:9099 (id: -1 rack: null isFenced: false) disconnected
2026-01-12T21:57:59.504+01:00  INFO 59125 --- [annonceService] [vice-producer-1] org.apache.kafka.clients.Metadata        : [Producer clientId=annonceService-producer-1] Rebootstrapping with [localhost/127.0.0.1:9099]
2026-01-12T21:57:59.554+01:00  INFO 59125 --- [annonceService] [vice-producer-1] org.apache.kafka.clients.Metadata        : [Producer clientId=annonceService-producer-1] Rebootstrapping with [localhost/127.0.0.1:9099]
2026-01-12T21:57:59.605+01:00  INFO 59125 --- [annonceService] [vice-producer-1] org.apache.kafka.clients.Metadata        : [Producer clientId=annonceService-producer-1] Rebootstrapping with [localhost/127.0.0.1:9099]
2026-01-12T21:57:59.656+01:00  INFO 59125 --- [annonceService] [vice-producer-1] org.apache.kafka.clients.Metadata        : [Producer clientId=annonceService-producer-1] Rebootstrapping with [localhost/127.0.0.1:9099]
2026-01-12T21:57:59.707+01:00  INFO 59125 --- [annonceService] [vice-producer-1] org.apache.kafka.clients.Metadata        : [Producer clientId=annonceService-producer-1] Rebootstrapping with [localhost/127.0.0.1:9099]
2026-01-12T21:57:59.758+01:00  INFO 59125 --- [annonceService] [vice-producer-1] org.apache.kafka.clients.Metadata        : [Producer clientId=annonceService-producer-1] Rebootstrapping with [localhost/127.0.0.1:9099]
2026-01-12T21:57:59.810+01:00  INFO 59125 --- [annonceService] [vice-producer-1] org.apache.kafka.clients.Metadata        : [Producer clientId=annonceService-producer-1] Rebootstrapping with [localhost/127.0.0.1:9099]
2026-01-12T21:57:59.861+01:00  INFO 59125 --- [annonceService] [vice-producer-1] org.apache.kafka.clients.Metadata        : [Producer clientId=annonceService-producer-1] Rebootstrapping with [localhost/127.0.0.1:9099]
2026-01-12T21:57:59.911+01:00  INFO 59125 --- [annonceService] [vice-producer-1] org.apache.kafka.clients.Metadata        : [Producer clientId=annonceService-producer-1] Rebootstrapping with [localhost/127.0.0.1:9099]
2026-01-12T21:57:59.962+01:00  INFO 59125 --- [annonceService] [vice-producer-1] org.apache.kafka.clients.Metadata        : [Producer clientId=annonceService-producer-1] Rebootstrapping with [localhost/127.0.0.1:9099]
2026-01-12T21:58:00.014+01:00  INFO 59125 --- [annonceService] [vice-producer-1] org.apache.kafka.clients.Metadata        : [Producer clientId=annonceService-producer-1] Rebootstrapping with [localhost/127.0.0.1:9099]
2026-01-12T21:58:00.064+01:00  INFO 59125 --- [annonceService] [vice-producer-1] org.apache.kafka.clients.Metadata        : [Producer clientId=annonceService-producer-1] Rebootstrapping with [localhost/127.0.0.1:9099]
2026-01-12T21:58:00.115+01:00  INFO 59125 --- [annonceService] [vice-producer-1] org.apache.kafka.clients.Metadata        : [Producer clientId=annonceService-producer-1] Rebootstrapping with [localhost/127.0.0.1:9099]
2026-01-12T21:58:00.167+01:00  INFO 59125 --- [annonceService] [vice-producer-1] org.apache.kafka.clients.Metadata        : [Producer clientId=annonceService-producer-1] Rebootstrapping with [localhost/127.0.0.1:9099]
2026-01-12T21:58:00.218+01:00  INFO 59125 --- [annonceService] [vice-producer-1] org.apache.kafka.clients.Metadata        : [Producer clientId=annonceService-producer-1] Rebootstrapping with [localhost/127.0.0.1:9099]
2026-01-12T21:58:00.269+01:00  INFO 59125 --- [annonceService] [vice-producer-1] org.apache.kafka.clients.Metadata        : [Producer clientId=annonceService-producer-1] Rebootstrapping with [localhost/127.0.0.1:9099]
2026-01-12T21:58:00.320+01:00  INFO 59125 --- [annonceService] [vice-producer-1] org.apache.kafka.clients.Metadata        : [Producer clientId=annonceService-producer-1] Rebootstrapping with [localhost/127.0.0.1:9099]
2026-01-12T21:58:00.371+01:00  INFO 59125 --- [annonceService] [vice-producer-1] org.apache.kafka.clients.Metadata        : [Producer clientId=annonceService-producer-1] Rebootstrapping with [localhost/127.0.0.1:9099]
2026-01-12T21:58:00.423+01:00  INFO 59125 --- [annonceService] [vice-producer-1] org.apache.kafka.clients.NetworkClient   : [Producer clientId=annonceService-producer-1] Node -1 disconnected.
2026-01-12T21:58:00.424+01:00  WARN 59125 --- [annonceService] [vice-producer-1] org.apache.kafka.clients.NetworkClient   : [Producer clientId=annonceService-producer-1] Connection to node -1 (localhost/127.0.0.1:9099) could not be established. Node may not be available.
2026-01-12T21:58:00.424+01:00  WARN 59125 --- [annonceService] [vice-producer-1] org.apache.kafka.clients.NetworkClient   : [Producer clientId=annonceService-producer-1] Bootstrap broker localhost:9099 (id: -1 rack: null isFenced: false) disconnected
2026-01-12T21:58:01.403+01:00  INFO 59125 --- [annonceService] [vice-producer-1] org.apache.kafka.clients.NetworkClient   : [Producer clientId=annonceService-producer-1] Node -1 disconnected.
2026-01-12T21:58:01.403+01:00  WARN 59125 --- [annonceService] [vice-producer-1] org.apache.kafka.clients.NetworkClient   : [Producer clientId=annonceService-producer-1] Connection to node -1 (localhost/127.0.0.1:9099) could not be established. Node may not be available.
2026-01-12T21:58:01.403+01:00  WARN 59125 --- [annonceService] [vice-producer-1] org.apache.kafka.clients.NetworkClient   : [Producer clientId=annonceService-producer-1] Bootstrap broker localhost:9099 (id: -1 rack: null isFenced: false) disconnected
2026-01-12T21:58:02.405+01:00  INFO 59125 --- [annonceService] [vice-producer-1] org.apache.kafka.clients.NetworkClient   : [Producer clientId=annonceService-producer-1] Node -1 disconnected.
2026-01-12T21:58:02.405+01:00  WARN 59125 --- [annonceService] [vice-producer-1] org.apache.kafka.clients.NetworkClient   : [Producer clientId=annonceService-producer-1] Connection to node -1 (localhost/127.0.0.1:9099) could not be established. Node may not be available.
2026-01-12T21:58:02.405+01:00  WARN 59125 --- [annonceService] [vice-producer-1] org.apache.kafka.clients.NetworkClient   : [Producer clientId=annonceService-producer-1] Bootstrap broker localhost:9099 (id: -1 rack: null isFenced: false) disconnected
2026-01-12T21:58:03.372+01:00  INFO 59125 --- [annonceService] [vice-producer-1] org.apache.kafka.clients.Metadata        : [Producer clientId=annonceService-producer-1] Rebootstrapping with [localhost/127.0.0.1:9099]
2026-01-12T21:58:03.425+01:00  INFO 59125 --- [annonceService] [vice-producer-1] org.apache.kafka.clients.NetworkClient   : [Producer clientId=annonceService-producer-1] Node -1 disconnected.
2026-01-12T21:58:03.426+01:00  WARN 59125 --- [annonceService] [vice-producer-1] org.apache.kafka.clients.NetworkClient   : [Producer clientId=annonceService-producer-1] Connection to node -1 (localhost/127.0.0.1:9099) could not be established. Node may not be available.
2026-01-12T21:58:03.426+01:00  WARN 59125 --- [annonceService] [vice-producer-1] org.apache.kafka.clients.NetworkClient   : [Producer clientId=annonceService-producer-1] Bootstrap broker localhost:9099 (id: -1 rack: null isFenced: false) disconnected
2026-01-12T21:58:04.297+01:00  INFO 59125 --- [annonceService] [vice-producer-1] org.apache.kafka.clients.Metadata        : [Producer clientId=annonceService-producer-1] Rebootstrapping with [localhost/127.0.0.1:9099]
2026-01-12T21:58:04.399+01:00  INFO 59125 --- [annonceService] [vice-producer-1] org.apache.kafka.clients.Metadata        : [Producer clientId=annonceService-producer-1] Rebootstrapping with [localhost/127.0.0.1:9099]
2026-01-12T21:58:04.450+01:00  INFO 59125 --- [annonceService] [vice-producer-1] org.apache.kafka.clients.NetworkClient   : [Producer clientId=annonceService-producer-1] Node -1 disconnected.
2026-01-12T21:58:04.451+01:00  WARN 59125 --- [annonceService] [vice-producer-1] org.apache.kafka.clients.NetworkClient   : [Producer clientId=annonceService-producer-1] Connection to node -1 (localhost/127.0.0.1:9099) could not be established. Node may not be available.
2026-01-12T21:58:04.451+01:00  WARN 59125 --- [annonceService] [vice-producer-1] org.apache.kafka.clients.NetworkClient   : [Producer clientId=annonceService-producer-1] Bootstrap broker localhost:9099 (id: -1 rack: null isFenced: false) disconnected
2026-01-12T21:58:05.095+01:00  INFO 59125 --- [annonceService] [nio-9094-exec-4] o.e.a.Controller.AnnonceController       : Requête GET /api/annonces/1 - détail annonce
2026-01-12T21:58:05.095+01:00  INFO 59125 --- [annonceService] [nio-9094-exec-4] o.e.a.Service.AnnonceService             : Récupération de l'annonce ID 1
Hibernate: select a1_0.id,a1_0.blood_type,a1_0.deadline,a1_0.description,a1_0.hospital_id,a1_0.location_id,a1_0.quantity,a1_0.request_date,a1_0.status,a1_0.urgent_level,a1_0.user_id from post_annonce a1_0 where a1_0.id=?
2026-01-12T21:58:05.272+01:00  INFO 59125 --- [annonceService] [vice-producer-1] org.apache.kafka.clients.Metadata        : [Producer clientId=annonceService-producer-1] Rebootstrapping with [localhost/127.0.0.1:9099]
2026-01-12T21:58:05.374+01:00  INFO 59125 --- [annonceService] [vice-producer-1] org.apache.kafka.clients.Metadata        : [Producer clientId=annonceService-producer-1] Rebootstrapping with [localhost/127.0.0.1:9099]
2026-01-12T21:58:05.452+01:00  INFO 59125 --- [annonceService] [vice-producer-1] org.apache.kafka.clients.NetworkClient   : [Producer clientId=annonceService-producer-1] Node -1 disconnected.
2026-01-12T21:58:05.452+01:00  WARN 59125 --- [annonceService] [vice-producer-1] org.apache.kafka.clients.NetworkClient   : [Producer clientId=annonceService-producer-1] Connection to node -1 (localhost/127.0.0.1:9099) could not be established. Node may not be available.
2026-01-12T21:58:05.452+01:00  WARN 59125 --- [annonceService] [vice-producer-1] org.apache.kafka.clients.NetworkClient   : [Producer clientId=annonceService-producer-1] Bootstrap broker localhost:9099 (id: -1 rack: null isFenced: false) disconnected
2026-01-12T21:58:06.270+01:00  INFO 59125 --- [annonceService] [vice-producer-1] org.apache.kafka.clients.NetworkClient   : [Producer clientId=annonceService-producer-1] Node -1 disconnected.
2026-01-12T21:58:06.270+01:00  WARN 59125 --- [annonceService] [vice-producer-1] org.apache.kafka.clients.NetworkClient   : [Producer clientId=annonceService-producer-1] Connection to node -1 (localhost/127.0.0.1:9099) could not be established. Node may not be available.
2026-01-12T21:58:06.271+01:00  WARN 59125 --- [annonceService] [vice-producer-1] org.apache.kafka.clients.NetworkClient   : [Producer clientId=annonceService-producer-1] Bootstrap broker localhost:9099 (id: -1 rack: null isFenced: false) disconnected
2026-01-12T21:58:06.391+01:00  INFO 59125 --- [annonceService] [nio-9094-exec-5] o.e.a.Controller.AnnonceController       : Requête GET /api/annonces/1 - détail annonce
2026-01-12T21:58:06.391+01:00  INFO 59125 --- [annonceService] [nio-9094-exec-5] o.e.a.Service.AnnonceService             : Récupération de l'annonce ID 1
Hibernate: select a1_0.id,a1_0.blood_type,a1_0.deadline,a1_0.description,a1_0.hospital_id,a1_0.location_id,a1_0.quantity,a1_0.request_date,a1_0.status,a1_0.urgent_level,a1_0.user_id from post_annonce a1_0 where a1_0.id=?
2026-01-12T21:58:06.453+01:00  INFO 59125 --- [annonceService] [vice-producer-1] org.apache.kafka.clients.Metadata        : [Producer clientId=annonceService-producer-1] Rebootstrapping with [localhost/127.0.0.1:9099]
2026-01-12T21:58:06.503+01:00  INFO 59125 --- [annonceService] [vice-producer-1] org.apache.kafka.clients.Metadata        : [Producer clientId=annonceService-producer-1] Rebootstrapping with [localhost/127.0.0.1:9099]
2026-01-12T21:58:06.555+01:00  INFO 59125 --- [annonceService] [vice-producer-1] org.apache.kafka.clients.Metadata        : [Producer clientId=annonceService-producer-1] Rebootstrapping with [localhost/127.0.0.1:9099]
2026-01-12T21:58:06.606+01:00  INFO 59125 --- [annonceService] [vice-producer-1] org.apache.kafka.clients.Metadata        : [Producer clientId=annonceService-producer-1] Rebootstrapping with [localhost/127.0.0.1:9099]
2026-01-12T21:58:06.657+01:00  INFO 59125 --- [annonceService] [vice-producer-1] org.apache.kafka.clients.Metadata        : [Producer clientId=annonceService-producer-1] Rebootstrapping with [localhost/127.0.0.1:9099]
2026-01-12T21:58:06.708+01:00  INFO 59125 --- [annonceService] [vice-producer-1] org.apache.kafka.clients.Metadata        : [Producer clientId=annonceService-producer-1] Rebootstrapping with [localhost/127.0.0.1:9099]
2026-01-12T21:58:06.759+01:00  INFO 59125 --- [annonceService] [vice-producer-1] org.apache.kafka.clients.Metadata        : [Producer clientId=annonceService-producer-1] Rebootstrapping with [localhost/127.0.0.1:9099]
2026-01-12T21:58:06.810+01:00  INFO 59125 --- [annonceService] [vice-producer-1] org.apache.kafka.clients.Metadata        : [Producer clientId=annonceService-producer-1] Rebootstrapping with [localhost/127.0.0.1:9099]
2026-01-12T21:58:06.862+01:00  INFO 59125 --- [annonceService] [vice-producer-1] org.apache.kafka.clients.Metadata        : [Producer clientId=annonceService-producer-1] Rebootstrapping with [localhost/127.0.0.1:9099]
2026-01-12T21:58:06.913+01:00  INFO 59125 --- [annonceService] [vice-producer-1] org.apache.kafka.clients.Metadata        : [Producer clientId=annonceService-producer-1] Rebootstrapping with [localhost/127.0.0.1:9099]
2026-01-12T21:58:06.964+01:00  INFO 59125 --- [annonceService] [vice-producer-1] org.apache.kafka.clients.Metadata        : [Producer clientId=annonceService-producer-1] Rebootstrapping with [localhost/127.0.0.1:9099]
2026-01-12T21:58:07.015+01:00  INFO 59125 --- [annonceService] [vice-producer-1] org.apache.kafka.clients.Metadata        : [Producer clientId=annonceService-producer-1] Rebootstrapping with [localhost/127.0.0.1:9099]
2026-01-12T21:58:07.067+01:00  INFO 59125 --- [annonceService] [vice-producer-1] org.apache.kafka.clients.Metadata        : [Producer clientId=annonceService-producer-1] Rebootstrapping with [localhost/127.0.0.1:9099]
2026-01-12T21:58:07.119+01:00  INFO 59125 --- [annonceService] [vice-producer-1] org.apache.kafka.clients.NetworkClient   : [Producer clientId=annonceService-producer-1] Node -1 disconnected.
2026-01-12T21:58:07.120+01:00  WARN 59125 --- [annonceService] [vice-producer-1] org.apache.kafka.clients.NetworkClient   : [Producer clientId=annonceService-producer-1] Connection to node -1 (localhost/127.0.0.1:9099) could not be established. Node may not be available.
2026-01-12T21:58:07.120+01:00  WARN 59125 --- [annonceService] [vice-producer-1] org.apache.kafka.clients.NetworkClient   : [Producer clientId=annonceService-producer-1] Bootstrap broker localhost:9099 (id: -1 rack: null isFenced: false) disconnected
2026-01-12T21:58:07.989+01:00  INFO 59125 --- [annonceService] [vice-producer-1] org.apache.kafka.clients.NetworkClient   : [Producer clientId=annonceService-producer-1] Node -1 disconnected.
2026-01-12T21:58:07.989+01:00  WARN 59125 --- [annonceService] [vice-producer-1] org.apache.kafka.clients.NetworkClient   : [Producer clientId=annonceService-producer-1] Connection to node -1 (localhost/127.0.0.1:9099) could not be established. Node may not be available.
2026-01-12T21:58:07.989+01:00  WARN 59125 --- [annonceService] [vice-producer-1] org.apache.kafka.clients.NetworkClient   : [Producer clientId=annonceService-producer-1] Bootstrap broker localhost:9099 (id: -1 rack: null isFenced: false) disconnected
2026-01-12T21:58:08.093+01:00  INFO 59125 --- [annonceService] [vice-producer-1] org.apache.kafka.clients.Metadata        : [Producer clientId=annonceService-producer-1] Rebootstrapping with [localhost/127.0.0.1:9099]
2026-01-12T21:58:08.145+01:00  INFO 59125 --- [annonceService] [vice-producer-1] org.apache.kafka.clients.Metadata        : [Producer clientId=annonceService-producer-1] Rebootstrapping with [localhost/127.0.0.1:9099]
2026-01-12T21:58:08.197+01:00  INFO 59125 --- [annonceService] [vice-producer-1] org.apache.kafka.clients.Metadata        : [Producer clientId=annonceService-producer-1] Rebootstrapping with [localhost/127.0.0.1:9099]
2026-01-12T21:58:08.249+01:00  INFO 59125 --- [annonceService] [vice-producer-1] org.apache.kafka.clients.Metadata        : [Producer clientId=annonceService-producer-1] Rebootstrapping with [localhost/127.0.0.1:9099]
2026-01-12T21:58:08.300+01:00  INFO 59125 --- [annonceService] [vice-producer-1] org.apache.kafka.clients.Metadata        : [Producer clientId=annonceService-producer-1] Rebootstrapping with [localhost/127.0.0.1:9099]
2026-01-12T21:58:08.351+01:00  INFO 59125 --- [annonceService] [vice-producer-1] org.apache.kafka.clients.Metadata        : [Producer clientId=annonceService-producer-1] Rebootstrapping with [localhost/127.0.0.1:9099]
2026-01-12T21:58:08.401+01:00  INFO 59125 --- [annonceService] [vice-producer-1] org.apache.kafka.clients.Metadata        : [Producer clientId=annonceService-producer-1] Rebootstrapping with [localhost/127.0.0.1:9099]
2026-01-12T21:58:08.452+01:00  INFO 59125 --- [annonceService] [vice-producer-1] org.apache.kafka.clients.Metadata        : [Producer clientId=annonceService-producer-1] Rebootstrapping with [localhost/127.0.0.1:9099]
2026-01-12T21:58:08.504+01:00  INFO 59125 --- [annonceService] [vice-producer-1] org.apache.kafka.clients.Metadata        : [Producer clientId=annonceService-producer-1] Rebootstrapping with [localhost/127.0.0.1:9099]
2026-01-12T21:58:08.554+01:00  INFO 59125 --- [annonceService] [vice-producer-1] org.apache.kafka.clients.Metadata        : [Producer clientId=annonceService-producer-1] Rebootstrapping with [localhost/127.0.0.1:9099]
2026-01-12T21:58:08.605+01:00  INFO 59125 --- [annonceService] [vice-producer-1] org.apache.kafka.clients.Metadata        : [Producer clientId=annonceService-producer-1] Rebootstrapping with [localhost/127.0.0.1:9099]
2026-01-12T21:58:08.656+01:00  INFO 59125 --- [annonceService] [vice-producer-1] org.apache.kafka.clients.Metadata        : [Producer clientId=annonceService-producer-1] Rebootstrapping with [localhost/127.0.0.1:9099]
2026-01-12T21:58:08.707+01:00  INFO 59125 --- [annonceService] [vice-producer-1] org.apache.kafka.clients.Metadata        : [Producer clientId=annonceService-producer-1] Rebootstrapping with [localhost/127.0.0.1:9099]
2026-01-12T21:58:08.758+01:00  INFO 59125 --- [annonceService] [vice-producer-1] org.apache.kafka.clients.Metadata        : [Producer clientId=annonceService-producer-1] Rebootstrapping with [localhost/127.0.0.1:9099]
2026-01-12T21:58:08.810+01:00  INFO 59125 --- [annonceService] [vice-producer-1] org.apache.kafka.clients.Metadata        : [Producer clientId=annonceService-producer-1] Rebootstrapping with [localhost/127.0.0.1:9099]
2026-01-12T21:58:08.861+01:00  INFO 59125 --- [annonceService] [vice-producer-1] org.apache.kafka.clients.Metadata        : [Producer clientId=annonceService-producer-1] Rebootstrapping with [localhost/127.0.0.1:9099]
2026-01-12T21:58:08.913+01:00  INFO 59125 --- [annonceService] [vice-producer-1] org.apache.kafka.clients.Metadata        : [Producer clientId=annonceService-producer-1] Rebootstrapping with [localhost/127.0.0.1:9099]
2026-01-12T21:58:08.965+01:00  INFO 59125 --- [annonceService] [vice-producer-1] org.apache.kafka.clients.Metadata        : [Producer clientId=annonceService-producer-1] Rebootstrapping with [localhost/127.0.0.1:9099]
2026-01-12T21:58:09.018+01:00  INFO 59125 --- [annonceService] [vice-producer-1] org.apache.kafka.clients.NetworkClient   : [Producer clientId=annonceService-producer-1] Node -1 disconnected.
2026-01-12T21:58:09.019+01:00  WARN 59125 --- [annonceService] [vice-producer-1] org.apache.kafka.clients.NetworkClient   : [Producer clientId=annonceService-producer-1] Connection to node -1 (localhost/127.0.0.1:9099) could not be established. Node may not be available.
2026-01-12T21:58:09.019+01:00  WARN 59125 --- [annonceService] [vice-producer-1] org.apache.kafka.clients.NetworkClient   : [Producer clientId=annonceService-producer-1] Bootstrap broker localhost:9099 (id: -1 rack: null isFenced: false) disconnected
2026-01-12T21:58:09.837+01:00  INFO 59125 --- [annonceService] [vice-producer-1] org.apache.kafka.clients.NetworkClient   : [Producer clientId=annonceService-producer-1] Node -1 disconnected.
2026-01-12T21:58:09.837+01:00  WARN 59125 --- [annonceService] [vice-producer-1] org.apache.kafka.clients.NetworkClient   : [Producer clientId=annonceService-producer-1] Connection to node -1 (localhost/127.0.0.1:9099) could not be established. Node may not be available.
2026-01-12T21:58:09.837+01:00  WARN 59125 --- [annonceService] [vice-producer-1] org.apache.kafka.clients.NetworkClient   : [Producer clientId=annonceService-producer-1] Bootstrap broker localhost:9099 (id: -1 rack: null isFenced: false) disconnected
2026-01-12T21:58:10.294+01:00  INFO 59125 --- [annonceService] [nio-9094-exec-7] o.e.a.Controller.AnnonceController       : Requête GET /api/annonces/1 - détail annonce
2026-01-12T21:58:10.294+01:00  INFO 59125 --- [annonceService] [nio-9094-exec-7] o.e.a.Service.AnnonceService             : Récupération de l'annonce ID 1
Hibernate: select a1_0.id,a1_0.blood_type,a1_0.deadline,a1_0.description,a1_0.hospital_id,a1_0.location_id,a1_0.quantity,a1_0.request_date,a1_0.status,a1_0.urgent_level,a1_0.user_id from post_annonce a1_0 where a1_0.id=?
2026-01-12T21:58:10.396+01:00  INFO 59125 --- [annonceService] [nio-9094-exec-6] o.e.a.Controller.AnnonceController       : Requête GET /api/annonces/1 - détail annonce
2026-01-12T21:58:10.396+01:00  INFO 59125 --- [annonceService] [nio-9094-exec-6] o.e.a.Service.AnnonceService             : Récupération de l'annonce ID 1
Hibernate: select a1_0.id,a1_0.blood_type,a1_0.deadline,a1_0.description,a1_0.hospital_id,a1_0.location_id,a1_0.quantity,a1_0.request_date,a1_0.status,a1_0.urgent_level,a1_0.user_id from post_annonce a1_0 where a1_0.id=?
2026-01-12T21:58:10.717+01:00  INFO 59125 --- [annonceService] [vice-producer-1] org.apache.kafka.clients.Metadata        : [Producer clientId=annonceService-producer-1] Rebootstrapping with [localhost/127.0.0.1:9099]
2026-01-12T21:58:10.770+01:00  INFO 59125 --- [annonceService] [vice-producer-1] org.apache.kafka.clients.Metadata        : [Producer clientId=annonceService-producer-1] Rebootstrapping with [localhost/127.0.0.1:9099]
2026-01-12T21:58:10.839+01:00  INFO 59125 --- [annonceService] [vice-producer-1] org.apache.kafka.clients.NetworkClient   : [Producer clientId=annonceService-producer-1] Node -1 disconnected.
2026-01-12T21:58:10.840+01:00  WARN 59125 --- [annonceService] [vice-producer-1] org.apache.kafka.clients.NetworkClient   : [Producer clientId=annonceService-producer-1] Connection to node -1 (localhost/127.0.0.1:9099) could not be established. Node may not be available.
2026-01-12T21:58:10.840+01:00  WARN 59125 --- [annonceService] [vice-producer-1] org.apache.kafka.clients.NetworkClient   : [Producer clientId=annonceService-producer-1] Bootstrap broker localhost:9099 (id: -1 rack: null isFenced: false) disconnected
2026-01-12T21:58:11.712+01:00  INFO 59125 --- [annonceService] [vice-producer-1] org.apache.kafka.clients.Metadata        : [Producer clientId=annonceService-producer-1] Rebootstrapping with [localhost/127.0.0.1:9099]
2026-01-12T21:58:11.842+01:00  INFO 59125 --- [annonceService] [vice-producer-1] org.apache.kafka.clients.NetworkClient   : [Producer clientId=annonceService-producer-1] Node -1 disconnected.
2026-01-12T21:58:11.842+01:00  WARN 59125 --- [annonceService] [vice-producer-1] org.apache.kafka.clients.NetworkClient   : [Producer clientId=annonceService-producer-1] Connection to node -1 (localhost/127.0.0.1:9099) could not be established. Node may not be available.
2026-01-12T21:58:11.842+01:00  WARN 59125 --- [annonceService] [vice-producer-1] org.apache.kafka.clients.NetworkClient   : [Producer clientId=annonceService-producer-1] Bootstrap broker localhost:9099 (id: -1 rack: null isFenced: false) disconnected
2026-01-12T21:58:12.183+01:00  INFO 59125 --- [annonceService] [nio-9094-exec-8] o.e.a.Controller.AnnonceController       : Requête GET /api/annonces/1 - détail annonce
2026-01-12T21:58:12.183+01:00  INFO 59125 --- [annonceService] [nio-9094-exec-8] o.e.a.Service.AnnonceService             : Récupération de l'annonce ID 1
Hibernate: select a1_0.id,a1_0.blood_type,a1_0.deadline,a1_0.description,a1_0.hospital_id,a1_0.location_id,a1_0.quantity,a1_0.request_date,a1_0.status,a1_0.urgent_level,a1_0.user_id from post_annonce a1_0 where a1_0.id=?
2026-01-12T21:58:12.762+01:00  INFO 59125 --- [annonceService] [vice-producer-1] org.apache.kafka.clients.Metadata        : [Producer clientId=annonceService-producer-1] Rebootstrapping with [localhost/127.0.0.1:9099]
2026-01-12T21:58:12.817+01:00  INFO 59125 --- [annonceService] [vice-producer-1] org.apache.kafka.clients.NetworkClient   : [Producer clientId=annonceService-producer-1] Node -1 disconnected.
2026-01-12T21:58:12.817+01:00  WARN 59125 --- [annonceService] [vice-producer-1] org.apache.kafka.clients.NetworkClient   : [Producer clientId=annonceService-producer-1] Connection to node -1 (localhost/127.0.0.1:9099) could not be established. Node may not be available.
2026-01-12T21:58:12.817+01:00  WARN 59125 --- [annonceService] [vice-producer-1] org.apache.kafka.clients.NetworkClient   : [Producer clientId=annonceService-producer-1] Bootstrap broker localhost:9099 (id: -1 rack: null isFenced: false) disconnected
2026-01-12T21:58:13.819+01:00  INFO 59125 --- [annonceService] [vice-producer-1] org.apache.kafka.clients.NetworkClient   : [Producer clientId=annonceService-producer-1] Node -1 disconnected.
2026-01-12T21:58:13.819+01:00  WARN 59125 --- [annonceService] [vice-producer-1] org.apache.kafka.clients.NetworkClient   : [Producer clientId=annonceService-producer-1] Connection to node -1 (localhost/127.0.0.1:9099) could not be established. Node may not be available.
2026-01-12T21:58:13.820+01:00  WARN 59125 --- [annonceService] [vice-producer-1] org.apache.kafka.clients.NetworkClient   : [Producer clientId=annonceService-producer-1] Bootstrap broker localhost:9099 (id: -1 rack: null isFenced: false) disconnected
2026-01-12T21:58:14.386+01:00  INFO 59125 --- [annonceService] [io-9094-exec-10] o.e.a.Controller.AnnonceController       : Requête GET /api/annonces/1 - détail annonce
2026-01-12T21:58:14.386+01:00  INFO 59125 --- [annonceService] [io-9094-exec-10] o.e.a.Service.AnnonceService             : Récupération de l'annonce ID 1
Hibernate: select a1_0.id,a1_0.blood_type,a1_0.deadline,a1_0.description,a1_0.hospital_id,a1_0.location_id,a1_0.quantity,a1_0.request_date,a1_0.status,a1_0.urgent_level,a1_0.user_id from post_annonce a1_0 where a1_0.id=?
2026-01-12T21:58:14.736+01:00  INFO 59125 --- [annonceService] [vice-producer-1] org.apache.kafka.clients.NetworkClient   : [Producer clientId=annonceService-producer-1] Node -1 disconnected.
2026-01-12T21:58:14.736+01:00  WARN 59125 --- [annonceService] [vice-producer-1] org.apache.kafka.clients.NetworkClient   : [Producer clientId=annonceService-producer-1] Connection to node -1 (localhost/127.0.0.1:9099) could not be established. Node may not be available.
2026-01-12T21:58:14.736+01:00  WARN 59125 --- [annonceService] [vice-producer-1] org.apache.kafka.clients.NetworkClient   : [Producer clientId=annonceService-producer-1] Bootstrap broker localhost:9099 (id: -1 rack: null isFenced: false) disconnected
2026-01-12T21:58:14.841+01:00  INFO 59125 --- [annonceService] [vice-producer-1] org.apache.kafka.clients.Metadata        : [Producer clientId=annonceService-producer-1] Rebootstrapping with [localhost/127.0.0.1:9099]
2026-01-12T21:58:14.893+01:00  INFO 59125 --- [annonceService] [vice-producer-1] org.apache.kafka.clients.Metadata        : [Producer clientId=annonceService-producer-1] Rebootstrapping with [localhost/127.0.0.1:9099]
2026-01-12T21:58:14.944+01:00  INFO 59125 --- [annonceService] [vice-producer-1] org.apache.kafka.clients.Metadata        : [Producer clientId=annonceService-producer-1] Rebootstrapping with [localhost/127.0.0.1:9099]
2026-01-12T21:58:14.996+01:00  INFO 59125 --- [annonceService] [vice-producer-1] org.apache.kafka.clients.Metadata        : [Producer clientId=annonceService-producer-1] Rebootstrapping with [localhost/127.0.0.1:9099]
2026-01-12T21:58:15.048+01:00  INFO 59125 --- [annonceService] [vice-producer-1] org.apache.kafka.clients.Metadata        : [Producer clientId=annonceService-producer-1] Rebootstrapping with [localhost/127.0.0.1:9099]
2026-01-12T21:58:15.100+01:00  INFO 59125 --- [annonceService] [vice-producer-1] org.apache.kafka.clients.Metadata        : [Producer clientId=annonceService-producer-1] Rebootstrapping with [localhost/127.0.0.1:9099]
2026-01-12T21:58:15.152+01:00  INFO 59125 --- [annonceService] [vice-producer-1] org.apache.kafka.clients.Metadata        : [Producer clientId=annonceService-producer-1] Rebootstrapping with [localhost/127.0.0.1:9099]
2026-01-12T21:58:15.204+01:00  INFO 59125 --- [annonceService] [vice-producer-1] org.apache.kafka.clients.Metadata        : [Producer clientId=annonceService-producer-1] Rebootstrapping with [localhost/127.0.0.1:9099]
2026-01-12T21:58:15.256+01:00  INFO 59125 --- [annonceService] [vice-producer-1] org.apache.kafka.clients.Metadata        : [Producer clientId=annonceService-producer-1] Rebootstrapping with [localhost/127.0.0.1:9099]
2026-01-12T21:58:15.308+01:00  INFO 59125 --- [annonceService] [vice-producer-1] org.apache.kafka.clients.Metadata        : [Producer clientId=annonceService-producer-1] Rebootstrapping with [localhost/127.0.0.1:9099]
2026-01-12T21:58:15.359+01:00  INFO 59125 --- [annonceService] [vice-producer-1] org.apache.kafka.clients.Metadata        : [Producer clientId=annonceService-producer-1] Rebootstrapping with [localhost/127.0.0.1:9099]
2026-01-12T21:58:15.411+01:00  INFO 59125 --- [annonceService] [vice-producer-1] org.apache.kafka.clients.Metadata        : [Producer clientId=annonceService-producer-1] Rebootstrapping with [localhost/127.0.0.1:9099]
2026-01-12T21:58:15.462+01:00  INFO 59125 --- [annonceService] [vice-producer-1] org.apache.kafka.clients.Metadata        : [Producer clientId=annonceService-producer-1] Rebootstrapping with [localhost/127.0.0.1:9099]
2026-01-12T21:58:15.513+01:00  INFO 59125 --- [annonceService] [vice-producer-1] org.apache.kafka.clients.Metadata        : [Producer clientId=annonceService-producer-1] Rebootstrapping with [localhost/127.0.0.1:9099]
2026-01-12T21:58:15.565+01:00  INFO 59125 --- [annonceService] [vice-producer-1] org.apache.kafka.clients.Metadata        : [Producer clientId=annonceService-producer-1] Rebootstrapping with [localhost/127.0.0.1:9099]
2026-01-12T21:58:15.617+01:00  INFO 59125 --- [annonceService] [vice-producer-1] org.apache.kafka.clients.Metadata        : [Producer clientId=annonceService-producer-1] Rebootstrapping with [localhost/127.0.0.1:9099]
2026-01-12T21:58:15.669+01:00  INFO 59125 --- [annonceService] [vice-producer-1] org.apache.kafka.clients.Metadata        : [Producer clientId=annonceService-producer-1] Rebootstrapping with [localhost/127.0.0.1:9099]
2026-01-12T21:58:15.720+01:00  INFO 59125 --- [annonceService] [vice-producer-1] org.apache.kafka.clients.Metadata        : [Producer clientId=annonceService-producer-1] Rebootstrapping with [localhost/127.0.0.1:9099]
2026-01-12T21:58:15.774+01:00  INFO 59125 --- [annonceService] [vice-producer-1] org.apache.kafka.clients.NetworkClient   : [Producer clientId=annonceService-producer-1] Node -1 disconnected.
2026-01-12T21:58:15.775+01:00  WARN 59125 --- [annonceService] [vice-producer-1] org.apache.kafka.clients.NetworkClient   : [Producer clientId=annonceService-producer-1] Connection to node -1 (localhost/127.0.0.1:9099) could not be established. Node may not be available.
2026-01-12T21:58:15.775+01:00  WARN 59125 --- [annonceService] [vice-producer-1] org.apache.kafka.clients.NetworkClient   : [Producer clientId=annonceService-producer-1] Bootstrap broker localhost:9099 (id: -1 rack: null isFenced: false) disconnected
2026-01-12T21:58:16.775+01:00  INFO 59125 --- [annonceService] [vice-producer-1] org.apache.kafka.clients.NetworkClient   : [Producer clientId=annonceService-producer-1] Node -1 disconnected.
2026-01-12T21:58:16.776+01:00  WARN 59125 --- [annonceService] [vice-producer-1] org.apache.kafka.clients.NetworkClient   : [Producer clientId=annonceService-producer-1] Connection to node -1 (localhost/127.0.0.1:9099) could not be established. Node may not be available.
2026-01-12T21:58:16.776+01:00  WARN 59125 --- [annonceService] [vice-producer-1] org.apache.kafka.clients.NetworkClient   : [Producer clientId=annonceService-producer-1] Bootstrap broker localhost:9099 (id: -1 rack: null isFenced: false) disconnected
2026-01-12T21:58:17.754+01:00  INFO 59125 --- [annonceService] [vice-producer-1] org.apache.kafka.clients.NetworkClient   : [Producer clientId=annonceService-producer-1] Node -1 disconnected.
2026-01-12T21:58:17.754+01:00  WARN 59125 --- [annonceService] [vice-producer-1] org.apache.kafka.clients.NetworkClient   : [Producer clientId=annonceService-producer-1] Connection to node -1 (localhost/127.0.0.1:9099) could not be established. Node may not be available.
2026-01-12T21:58:17.755+01:00  WARN 59125 --- [annonceService] [vice-producer-1] org.apache.kafka.clients.NetworkClient   : [Producer clientId=annonceService-producer-1] Bootstrap broker localhost:9099 (id: -1 rack: null isFenced: false) disconnected
2026-01-12T21:58:18.625+01:00  INFO 59125 --- [annonceService] [vice-producer-1] org.apache.kafka.clients.NetworkClient   : [Producer clientId=annonceService-producer-1] Node -1 disconnected.
2026-01-12T21:58:18.626+01:00  WARN 59125 --- [annonceService] [vice-producer-1] org.apache.kafka.clients.NetworkClient   : [Producer clientId=annonceService-producer-1] Connection to node -1 (localhost/127.0.0.1:9099) could not be established. Node may not be available.
2026-01-12T21:58:18.626+01:00  WARN 59125 --- [annonceService] [vice-producer-1] org.apache.kafka.clients.NetworkClient   : [Producer clientId=annonceService-producer-1] Bootstrap broker localhost:9099 (id: -1 rack: null isFenced: false) disconnected
2026-01-12T21:58:18.731+01:00  INFO 59125 --- [annonceService] [vice-producer-1] org.apache.kafka.clients.Metadata        : [Producer clientId=annonceService-producer-1] Rebootstrapping with [localhost/127.0.0.1:9099]
2026-01-12T21:58:18.782+01:00  INFO 59125 --- [annonceService] [vice-producer-1] org.apache.kafka.clients.Metadata        : [Producer clientId=annonceService-producer-1] Rebootstrapping with [localhost/127.0.0.1:9099]
2026-01-12T21:58:18.834+01:00  INFO 59125 --- [annonceService] [vice-producer-1] org.apache.kafka.clients.Metadata        : [Producer clientId=annonceService-producer-1] Rebootstrapping with [localhost/127.0.0.1:9099]
2026-01-12T21:58:18.884+01:00  INFO 59125 --- [annonceService] [vice-producer-1] org.apache.kafka.clients.Metadata        : [Producer clientId=annonceService-producer-1] Rebootstrapping with [localhost/127.0.0.1:9099]
2026-01-12T21:58:18.935+01:00  INFO 59125 --- [annonceService] [vice-producer-1] org.apache.kafka.clients.Metadata        : [Producer clientId=annonceService-producer-1] Rebootstrapping with [localhost/127.0.0.1:9099]
2026-01-12T21:58:18.986+01:00  INFO 59125 --- [annonceService] [vice-producer-1] org.apache.kafka.clients.Metadata        : [Producer clientId=annonceService-producer-1] Rebootstrapping with [localhost/127.0.0.1:9099]
2026-01-12T21:58:19.038+01:00  INFO 59125 --- [annonceService] [vice-producer-1] org.apache.kafka.clients.Metadata        : [Producer clientId=annonceService-producer-1] Rebootstrapping with [localhost/127.0.0.1:9099]
2026-01-12T21:58:19.089+01:00  INFO 59125 --- [annonceService] [vice-producer-1] org.apache.kafka.clients.Metadata        : [Producer clientId=annonceService-producer-1] Rebootstrapping with [localhost/127.0.0.1:9099]
2026-01-12T21:58:19.141+01:00  INFO 59125 --- [annonceService] [vice-producer-1] org.apache.kafka.clients.Metadata        : [Producer clientId=annonceService-producer-1] Rebootstrapping with [localhost/127.0.0.1:9099]
2026-01-12T21:58:19.192+01:00  INFO 59125 --- [annonceService] [vice-producer-1] org.apache.kafka.clients.Metadata        : [Producer clientId=annonceService-producer-1] Rebootstrapping with [localhost/127.0.0.1:9099]
2026-01-12T21:58:19.247+01:00  INFO 59125 --- [annonceService] [vice-producer-1] org.apache.kafka.clients.Metadata        : [Producer clientId=annonceService-producer-1] Rebootstrapping with [localhost/127.0.0.1:9099]
2026-01-12T21:58:19.288+01:00  INFO 59125 --- [annonceService] [nio-9094-exec-1] o.e.a.Controller.AnnonceController       : Requête GET /api/annonces/1 - détail annonce
2026-01-12T21:58:19.288+01:00  INFO 59125 --- [annonceService] [nio-9094-exec-1] o.e.a.Service.AnnonceService             : Récupération de l'annonce ID 1
Hibernate: select a1_0.id,a1_0.blood_type,a1_0.deadline,a1_0.description,a1_0.hospital_id,a1_0.location_id,a1_0.quantity,a1_0.request_date,a1_0.status,a1_0.urgent_level,a1_0.user_id from post_annonce a1_0 where a1_0.id=?
2026-01-12T21:58:19.299+01:00  INFO 59125 --- [annonceService] [vice-producer-1] org.apache.kafka.clients.Metadata        : [Producer clientId=annonceService-producer-1] Rebootstrapping with [localhost/127.0.0.1:9099]
2026-01-12T21:58:19.350+01:00  INFO 59125 --- [annonceService] [vice-producer-1] org.apache.kafka.clients.Metadata        : [Producer clientId=annonceService-producer-1] Rebootstrapping with [localhost/127.0.0.1:9099]
2026-01-12T21:58:19.401+01:00  INFO 59125 --- [annonceService] [vice-producer-1] org.apache.kafka.clients.Metadata        : [Producer clientId=annonceService-producer-1] Rebootstrapping with [localhost/127.0.0.1:9099]
2026-01-12T21:58:19.452+01:00  INFO 59125 --- [annonceService] [vice-producer-1] org.apache.kafka.clients.Metadata        : [Producer clientId=annonceService-producer-1] Rebootstrapping with [localhost/127.0.0.1:9099]
2026-01-12T21:58:19.504+01:00  INFO 59125 --- [annonceService] [vice-producer-1] org.apache.kafka.clients.NetworkClient   : [Producer clientId=annonceService-producer-1] Node -1 disconnected.
2026-01-12T21:58:19.504+01:00  WARN 59125 --- [annonceService] [vice-producer-1] org.apache.kafka.clients.NetworkClient   : [Producer clientId=annonceService-producer-1] Connection to node -1 (localhost/127.0.0.1:9099) could not be established. Node may not be available.
2026-01-12T21:58:19.504+01:00  WARN 59125 --- [annonceService] [vice-producer-1] org.apache.kafka.clients.NetworkClient   : [Producer clientId=annonceService-producer-1] Bootstrap broker localhost:9099 (id: -1 rack: null isFenced: false) disconnected
2026-01-12T21:58:20.426+01:00  INFO 59125 --- [annonceService] [vice-producer-1] org.apache.kafka.clients.Metadata        : [Producer clientId=annonceService-producer-1] Rebootstrapping with [localhost/127.0.0.1:9099]
2026-01-12T21:58:20.506+01:00  INFO 59125 --- [annonceService] [vice-producer-1] org.apache.kafka.clients.NetworkClient   : [Producer clientId=annonceService-producer-1] Node -1 disconnected.
2026-01-12T21:58:20.506+01:00  WARN 59125 --- [annonceService] [vice-producer-1] org.apache.kafka.clients.NetworkClient   : [Producer clientId=annonceService-producer-1] Connection to node -1 (localhost/127.0.0.1:9099) could not be established. Node may not be available.
2026-01-12T21:58:20.506+01:00  WARN 59125 --- [annonceService] [vice-producer-1] org.apache.kafka.clients.NetworkClient   : [Producer clientId=annonceService-producer-1] Bootstrap broker localhost:9099 (id: -1 rack: null isFenced: false) disconnected
2026-01-12T21:58:20.786+01:00  INFO 59125 --- [annonceService] [nio-9094-exec-9] o.e.a.Controller.AnnonceController       : Requête GET /api/annonces/1 - détail annonce
2026-01-12T21:58:20.786+01:00  INFO 59125 --- [annonceService] [nio-9094-exec-9] o.e.a.Service.AnnonceService             : Récupération de l'annonce ID 1
Hibernate: select a1_0.id,a1_0.blood_type,a1_0.deadline,a1_0.description,a1_0.hospital_id,a1_0.location_id,a1_0.quantity,a1_0.request_date,a1_0.status,a1_0.urgent_level,a1_0.user_id from post_annonce a1_0 where a1_0.id=?
2026-01-12T21:58:20.892+01:00  INFO 59125 --- [annonceService] [nio-9094-exec-2] o.e.a.Controller.AnnonceController       : Requête GET /api/annonces/1 - détail annonce
2026-01-12T21:58:20.892+01:00  INFO 59125 --- [annonceService] [nio-9094-exec-2] o.e.a.Service.AnnonceService             : Récupération de l'annonce ID 1
Hibernate: select a1_0.id,a1_0.blood_type,a1_0.deadline,a1_0.description,a1_0.hospital_id,a1_0.location_id,a1_0.quantity,a1_0.request_date,a1_0.status,a1_0.urgent_level,a1_0.user_id from post_annonce a1_0 where a1_0.id=?
2026-01-12T21:58:21.326+01:00  INFO 59125 --- [annonceService] [vice-producer-1] org.apache.kafka.clients.NetworkClient   : [Producer clientId=annonceService-producer-1] Node -1 disconnected.
2026-01-12T21:58:21.326+01:00  WARN 59125 --- [annonceService] [vice-producer-1] org.apache.kafka.clients.NetworkClient   : [Producer clientId=annonceService-producer-1] Connection to node -1 (localhost/127.0.0.1:9099) could not be established. Node may not be available.
2026-01-12T21:58:21.326+01:00  WARN 59125 --- [annonceService] [vice-producer-1] org.apache.kafka.clients.NetworkClient   : [Producer clientId=annonceService-producer-1] Bootstrap broker localhost:9099 (id: -1 rack: null isFenced: false) disconnected
2026-01-12T21:58:21.431+01:00  INFO 59125 --- [annonceService] [vice-producer-1] org.apache.kafka.clients.Metadata        : [Producer clientId=annonceService-producer-1] Rebootstrapping with [localhost/127.0.0.1:9099]
2026-01-12T21:58:21.482+01:00  INFO 59125 --- [annonceService] [vice-producer-1] org.apache.kafka.clients.Metadata        : [Producer clientId=annonceService-producer-1] Rebootstrapping with [localhost/127.0.0.1:9099]
2026-01-12T21:58:21.534+01:00  INFO 59125 --- [annonceService] [vice-producer-1] org.apache.kafka.clients.Metadata        : [Producer clientId=annonceService-producer-1] Rebootstrapping with [localhost/127.0.0.1:9099]
2026-01-12T21:58:21.585+01:00  INFO 59125 --- [annonceService] [vice-producer-1] org.apache.kafka.clients.Metadata        : [Producer clientId=annonceService-producer-1] Rebootstrapping with [localhost/127.0.0.1:9099]
2026-01-12T21:58:21.635+01:00  INFO 59125 --- [annonceService] [vice-producer-1] org.apache.kafka.clients.Metadata        : [Producer clientId=annonceService-producer-1] Rebootstrapping with [localhost/127.0.0.1:9099]
2026-01-12T21:58:21.687+01:00  INFO 59125 --- [annonceService] [vice-producer-1] org.apache.kafka.clients.Metadata        : [Producer clientId=annonceService-producer-1] Rebootstrapping with [localhost/127.0.0.1:9099]
2026-01-12T21:58:21.737+01:00  INFO 59125 --- [annonceService] [vice-producer-1] org.apache.kafka.clients.Metadata        : [Producer clientId=annonceService-producer-1] Rebootstrapping with [localhost/127.0.0.1:9099]
2026-01-12T21:58:21.789+01:00  INFO 59125 --- [annonceService] [vice-producer-1] org.apache.kafka.clients.Metadata        : [Producer clientId=annonceService-producer-1] Rebootstrapping with [localhost/127.0.0.1:9099]
2026-01-12T21:58:21.851+01:00  INFO 59125 --- [annonceService] [vice-producer-1] org.apache.kafka.clients.Metadata        : [Producer clientId=annonceService-producer-1] Rebootstrapping with [localhost/127.0.0.1:9099]
2026-01-12T21:58:21.902+01:00  INFO 59125 --- [annonceService] [vice-producer-1] org.apache.kafka.clients.Metadata        : [Producer clientId=annonceService-producer-1] Rebootstrapping with [localhost/127.0.0.1:9099]
2026-01-12T21:58:21.954+01:00  INFO 59125 --- [annonceService] [vice-producer-1] org.apache.kafka.clients.Metadata        : [Producer clientId=annonceService-producer-1] Rebootstrapping with [localhost/127.0.0.1:9099]
2026-01-12T21:58:22.005+01:00  INFO 59125 --- [annonceService] [vice-producer-1] org.apache.kafka.clients.Metadata        : [Producer clientId=annonceService-producer-1] Rebootstrapping with [localhost/127.0.0.1:9099]
2026-01-12T21:58:22.056+01:00  INFO 59125 --- [annonceService] [vice-producer-1] org.apache.kafka.clients.Metadata        : [Producer clientId=annonceService-producer-1] Rebootstrapping with [localhost/127.0.0.1:9099]
2026-01-12T21:58:22.108+01:00  INFO 59125 --- [annonceService] [vice-producer-1] org.apache.kafka.clients.Metadata        : [Producer clientId=annonceService-producer-1] Rebootstrapping with [localhost/127.0.0.1:9099]
2026-01-12T21:58:22.158+01:00  INFO 59125 --- [annonceService] [vice-producer-1] org.apache.kafka.clients.Metadata        : [Producer clientId=annonceService-producer-1] Rebootstrapping with [localhost/127.0.0.1:9099]
2026-01-12T21:58:22.211+01:00  INFO 59125 --- [annonceService] [vice-producer-1] org.apache.kafka.clients.NetworkClient   : [Producer clientId=annonceService-producer-1] Node -1 disconnected.
2026-01-12T21:58:22.211+01:00  WARN 59125 --- [annonceService] [vice-producer-1] org.apache.kafka.clients.NetworkClient   : [Producer clientId=annonceService-producer-1] Connection to node -1 (localhost/127.0.0.1:9099) could not be established. Node may not be available.
2026-01-12T21:58:22.211+01:00  WARN 59125 --- [annonceService] [vice-producer-1] org.apache.kafka.clients.NetworkClient   : [Producer clientId=annonceService-producer-1] Bootstrap broker localhost:9099 (id: -1 rack: null isFenced: false) disconnected
2026-01-12T21:58:23.178+01:00  INFO 59125 --- [annonceService] [vice-producer-1] org.apache.kafka.clients.Metadata        : [Producer clientId=annonceService-producer-1] Rebootstrapping with [localhost/127.0.0.1:9099]
2026-01-12T21:58:23.230+01:00  INFO 59125 --- [annonceService] [vice-producer-1] org.apache.kafka.clients.NetworkClient   : [Producer clientId=annonceService-producer-1] Node -1 disconnected.
2026-01-12T21:58:23.230+01:00  WARN 59125 --- [annonceService] [vice-producer-1] org.apache.kafka.clients.NetworkClient   : [Producer clientId=annonceService-producer-1] Connection to node -1 (localhost/127.0.0.1:9099) could not be established. Node may not be available.
2026-01-12T21:58:23.230+01:00  WARN 59125 --- [annonceService] [vice-producer-1] org.apache.kafka.clients.NetworkClient   : [Producer clientId=annonceService-producer-1] Bootstrap broker localhost:9099 (id: -1 rack: null isFenced: false) disconnected
2026-01-12T21:58:24.102+01:00  INFO 59125 --- [annonceService] [vice-producer-1] org.apache.kafka.clients.Metadata        : [Producer clientId=annonceService-producer-1] Rebootstrapping with [localhost/127.0.0.1:9099]
2026-01-12T21:58:24.153+01:00  INFO 59125 --- [annonceService] [vice-producer-1] org.apache.kafka.clients.Metadata        : [Producer clientId=annonceService-producer-1] Rebootstrapping with [localhost/127.0.0.1:9099]
2026-01-12T21:58:24.231+01:00  INFO 59125 --- [annonceService] [vice-producer-1] org.apache.kafka.clients.NetworkClient   : [Producer clientId=annonceService-producer-1] Node -1 disconnected.
2026-01-12T21:58:24.232+01:00  WARN 59125 --- [annonceService] [vice-producer-1] org.apache.kafka.clients.NetworkClient   : [Producer clientId=annonceService-producer-1] Connection to node -1 (localhost/127.0.0.1:9099) could not be established. Node may not be available.
2026-01-12T21:58:24.232+01:00  WARN 59125 --- [annonceService] [vice-producer-1] org.apache.kafka.clients.NetworkClient   : [Producer clientId=annonceService-producer-1] Bootstrap broker localhost:9099 (id: -1 rack: null isFenced: false) disconnected
2026-01-12T21:58:25.097+01:00  INFO 59125 --- [annonceService] [vice-producer-1] org.apache.kafka.clients.NetworkClient   : [Producer clientId=annonceService-producer-1] Node -1 disconnected.
2026-01-12T21:58:25.097+01:00  WARN 59125 --- [annonceService] [vice-producer-1] org.apache.kafka.clients.NetworkClient   : [Producer clientId=annonceService-producer-1] Connection to node -1 (localhost/127.0.0.1:9099) could not be established. Node may not be available.
2026-01-12T21:58:25.097+01:00  WARN 59125 --- [annonceService] [vice-producer-1] org.apache.kafka.clients.NetworkClient   : [Producer clientId=annonceService-producer-1] Bootstrap broker localhost:9099 (id: -1 rack: null isFenced: false) disconnected
2026-01-12T21:58:25.204+01:00  INFO 59125 --- [annonceService] [vice-producer-1] org.apache.kafka.clients.Metadata        : [Producer clientId=annonceService-producer-1] Rebootstrapping with [localhost/127.0.0.1:9099]
2026-01-12T21:58:25.256+01:00  INFO 59125 --- [annonceService] [vice-producer-1] org.apache.kafka.clients.Metadata        : [Producer clientId=annonceService-producer-1] Rebootstrapping with [localhost/127.0.0.1:9099]
2026-01-12T21:58:25.307+01:00  INFO 59125 --- [annonceService] [vice-producer-1] org.apache.kafka.clients.Metadata        : [Producer clientId=annonceService-producer-1] Rebootstrapping with [localhost/127.0.0.1:9099]
2026-01-12T21:58:25.358+01:00  INFO 59125 --- [annonceService] [vice-producer-1] org.apache.kafka.clients.Metadata        : [Producer clientId=annonceService-producer-1] Rebootstrapping with [localhost/127.0.0.1:9099]
2026-01-12T21:58:25.410+01:00  INFO 59125 --- [annonceService] [vice-producer-1] org.apache.kafka.clients.Metadata        : [Producer clientId=annonceService-producer-1] Rebootstrapping with [localhost/127.0.0.1:9099]
2026-01-12T21:58:25.462+01:00  INFO 59125 --- [annonceService] [vice-producer-1] org.apache.kafka.clients.Metadata        : [Producer clientId=annonceService-producer-1] Rebootstrapping with [localhost/127.0.0.1:9099]
2026-01-12T21:58:25.514+01:00  INFO 59125 --- [annonceService] [vice-producer-1] org.apache.kafka.clients.Metadata        : [Producer clientId=annonceService-producer-1] Rebootstrapping with [localhost/127.0.0.1:9099]
2026-01-12T21:58:25.565+01:00  INFO 59125 --- [annonceService] [vice-producer-1] org.apache.kafka.clients.Metadata        : [Producer clientId=annonceService-producer-1] Rebootstrapping with [localhost/127.0.0.1:9099]
2026-01-12T21:58:25.617+01:00  INFO 59125 --- [annonceService] [vice-producer-1] org.apache.kafka.clients.Metadata        : [Producer clientId=annonceService-producer-1] Rebootstrapping with [localhost/127.0.0.1:9099]
2026-01-12T21:58:25.668+01:00  INFO 59125 --- [annonceService] [vice-producer-1] org.apache.kafka.clients.Metadata        : [Producer clientId=annonceService-producer-1] Rebootstrapping with [localhost/127.0.0.1:9099]
2026-01-12T21:58:25.719+01:00  INFO 59125 --- [annonceService] [vice-producer-1] org.apache.kafka.clients.Metadata        : [Producer clientId=annonceService-producer-1] Rebootstrapping with [localhost/127.0.0.1:9099]
2026-01-12T21:58:25.771+01:00  INFO 59125 --- [annonceService] [vice-producer-1] org.apache.kafka.clients.Metadata        : [Producer clientId=annonceService-producer-1] Rebootstrapping with [localhost/127.0.0.1:9099]
2026-01-12T21:58:25.823+01:00  INFO 59125 --- [annonceService] [vice-producer-1] org.apache.kafka.clients.Metadata        : [Producer clientId=annonceService-producer-1] Rebootstrapping with [localhost/127.0.0.1:9099]
2026-01-12T21:58:25.874+01:00  INFO 59125 --- [annonceService] [vice-producer-1] org.apache.kafka.clients.Metadata        : [Producer clientId=annonceService-producer-1] Rebootstrapping with [localhost/127.0.0.1:9099]
2026-01-12T21:58:25.926+01:00  INFO 59125 --- [annonceService] [vice-producer-1] org.apache.kafka.clients.Metadata        : [Producer clientId=annonceService-producer-1] Rebootstrapping with [localhost/127.0.0.1:9099]
2026-01-12T21:58:25.977+01:00  INFO 59125 --- [annonceService] [vice-producer-1] org.apache.kafka.clients.Metadata        : [Producer clientId=annonceService-producer-1] Rebootstrapping with [localhost/127.0.0.1:9099]
2026-01-12T21:58:26.030+01:00  INFO 59125 --- [annonceService] [vice-producer-1] org.apache.kafka.clients.Metadata        : [Producer clientId=annonceService-producer-1] Rebootstrapping with [localhost/127.0.0.1:9099]
2026-01-12T21:58:26.081+01:00  INFO 59125 --- [annonceService] [vice-producer-1] org.apache.kafka.clients.Metadata        : [Producer clientId=annonceService-producer-1] Rebootstrapping with [localhost/127.0.0.1:9099]
2026-01-12T21:58:26.134+01:00  INFO 59125 --- [annonceService] [vice-producer-1] org.apache.kafka.clients.NetworkClient   : [Producer clientId=annonceService-producer-1] Node -1 disconnected.
2026-01-12T21:58:26.134+01:00  WARN 59125 --- [annonceService] [vice-producer-1] org.apache.kafka.clients.NetworkClient   : [Producer clientId=annonceService-producer-1] Connection to node -1 (localhost/127.0.0.1:9099) could not be established. Node may not be available.
2026-01-12T21:58:26.134+01:00  WARN 59125 --- [annonceService] [vice-producer-1] org.apache.kafka.clients.NetworkClient   : [Producer clientId=annonceService-producer-1] Bootstrap broker localhost:9099 (id: -1 rack: null isFenced: false) disconnected
2026-01-12T21:58:27.011+01:00  INFO 59125 --- [annonceService] [vice-producer-1] org.apache.kafka.clients.Metadata        : [Producer clientId=annonceService-producer-1] Rebootstrapping with [localhost/127.0.0.1:9099]
2026-01-12T21:58:27.137+01:00  INFO 59125 --- [annonceService] [vice-producer-1] org.apache.kafka.clients.NetworkClient   : [Producer clientId=annonceService-producer-1] Node -1 disconnected.
2026-01-12T21:58:27.138+01:00  WARN 59125 --- [annonceService] [vice-producer-1] org.apache.kafka.clients.NetworkClient   : [Producer clientId=annonceService-producer-1] Connection to node -1 (localhost/127.0.0.1:9099) could not be established. Node may not be available.
2026-01-12T21:58:27.138+01:00  WARN 59125 --- [annonceService] [vice-producer-1] org.apache.kafka.clients.NetworkClient   : [Producer clientId=annonceService-producer-1] Bootstrap broker localhost:9099 (id: -1 rack: null isFenced: false) disconnected
2026-01-12T21:58:28.006+01:00  INFO 59125 --- [annonceService] [vice-producer-1] org.apache.kafka.clients.Metadata        : [Producer clientId=annonceService-producer-1] Rebootstrapping with [localhost/127.0.0.1:9099]
2026-01-12T21:58:28.059+01:00  INFO 59125 --- [annonceService] [vice-producer-1] org.apache.kafka.clients.NetworkClient   : [Producer clientId=annonceService-producer-1] Node -1 disconnected.
2026-01-12T21:58:28.059+01:00  WARN 59125 --- [annonceService] [vice-producer-1] org.apache.kafka.clients.NetworkClient   : [Producer clientId=annonceService-producer-1] Connection to node -1 (localhost/127.0.0.1:9099) could not be established. Node may not be available.
2026-01-12T21:58:28.060+01:00  WARN 59125 --- [annonceService] [vice-producer-1] org.apache.kafka.clients.NetworkClient   : [Producer clientId=annonceService-producer-1] Bootstrap broker localhost:9099 (id: -1 rack: null isFenced: false) disconnected
2026-01-12T21:58:28.164+01:00  INFO 59125 --- [annonceService] [vice-producer-1] org.apache.kafka.clients.Metadata        : [Producer clientId=annonceService-producer-1] Rebootstrapping with [localhost/127.0.0.1:9099]
2026-01-12T21:58:28.217+01:00  INFO 59125 --- [annonceService] [vice-producer-1] org.apache.kafka.clients.Metadata        : [Producer clientId=annonceService-producer-1] Rebootstrapping with [localhost/127.0.0.1:9099]
2026-01-12T21:58:28.268+01:00  INFO 59125 --- [annonceService] [vice-producer-1] org.apache.kafka.clients.Metadata        : [Producer clientId=annonceService-producer-1] Rebootstrapping with [localhost/127.0.0.1:9099]
2026-01-12T21:58:28.320+01:00  INFO 59125 --- [annonceService] [vice-producer-1] org.apache.kafka.clients.Metadata        : [Producer clientId=annonceService-producer-1] Rebootstrapping with [localhost/127.0.0.1:9099]
2026-01-12T21:58:28.372+01:00  INFO 59125 --- [annonceService] [vice-producer-1] org.apache.kafka.clients.Metadata        : [Producer clientId=annonceService-producer-1] Rebootstrapping with [localhost/127.0.0.1:9099]
2026-01-12T21:58:28.423+01:00  INFO 59125 --- [annonceService] [vice-producer-1] org.apache.kafka.clients.Metadata        : [Producer clientId=annonceService-producer-1] Rebootstrapping with [localhost/127.0.0.1:9099]
2026-01-12T21:58:28.475+01:00  INFO 59125 --- [annonceService] [vice-producer-1] org.apache.kafka.clients.Metadata        : [Producer clientId=annonceService-producer-1] Rebootstrapping with [localhost/127.0.0.1:9099]
2026-01-12T21:58:28.526+01:00  INFO 59125 --- [annonceService] [vice-producer-1] org.apache.kafka.clients.Metadata        : [Producer clientId=annonceService-producer-1] Rebootstrapping with [localhost/127.0.0.1:9099]
2026-01-12T21:58:28.578+01:00  INFO 59125 --- [annonceService] [vice-producer-1] org.apache.kafka.clients.Metadata        : [Producer clientId=annonceService-producer-1] Rebootstrapping with [localhost/127.0.0.1:9099]
2026-01-12T21:58:28.629+01:00  INFO 59125 --- [annonceService] [vice-producer-1] org.apache.kafka.clients.Metadata        : [Producer clientId=annonceService-producer-1] Rebootstrapping with [localhost/127.0.0.1:9099]
2026-01-12T21:58:28.680+01:00  INFO 59125 --- [annonceService] [vice-producer-1] org.apache.kafka.clients.Metadata        : [Producer clientId=annonceService-producer-1] Rebootstrapping with [localhost/127.0.0.1:9099]
2026-01-12T21:58:28.731+01:00  INFO 59125 --- [annonceService] [vice-producer-1] org.apache.kafka.clients.Metadata        : [Producer clientId=annonceService-producer-1] Rebootstrapping with [localhost/127.0.0.1:9099]
2026-01-12T21:58:28.783+01:00  INFO 59125 --- [annonceService] [vice-producer-1] org.apache.kafka.clients.Metadata        : [Producer clientId=annonceService-producer-1] Rebootstrapping with [localhost/127.0.0.1:9099]
2026-01-12T21:58:28.834+01:00  INFO 59125 --- [annonceService] [vice-producer-1] org.apache.kafka.clients.Metadata        : [Producer clientId=annonceService-producer-1] Rebootstrapping with [localhost/127.0.0.1:9099]
2026-01-12T21:58:28.886+01:00  INFO 59125 --- [annonceService] [vice-producer-1] org.apache.kafka.clients.Metadata        : [Producer clientId=annonceService-producer-1] Rebootstrapping with [localhost/127.0.0.1:9099]
2026-01-12T21:58:28.938+01:00  INFO 59125 --- [annonceService] [vice-producer-1] org.apache.kafka.clients.Metadata        : [Producer clientId=annonceService-producer-1] Rebootstrapping with [localhost/127.0.0.1:9099]
2026-01-12T21:58:28.989+01:00  INFO 59125 --- [annonceService] [vice-producer-1] org.apache.kafka.clients.Metadata        : [Producer clientId=annonceService-producer-1] Rebootstrapping with [localhost/127.0.0.1:9099]
2026-01-12T21:58:29.042+01:00  INFO 59125 --- [annonceService] [vice-producer-1] org.apache.kafka.clients.Metadata        : [Producer clientId=annonceService-producer-1] Rebootstrapping with [localhost/127.0.0.1:9099]
2026-01-12T21:58:29.094+01:00  INFO 59125 --- [annonceService] [vice-producer-1] org.apache.kafka.clients.NetworkClient   : [Producer clientId=annonceService-producer-1] Node -1 disconnected.
2026-01-12T21:58:29.094+01:00  WARN 59125 --- [annonceService] [vice-producer-1] org.apache.kafka.clients.NetworkClient   : [Producer clientId=annonceService-producer-1] Connection to node -1 (localhost/127.0.0.1:9099) could not be established. Node may not be available.
2026-01-12T21:58:29.094+01:00  WARN 59125 --- [annonceService] [vice-producer-1] org.apache.kafka.clients.NetworkClient   : [Producer clientId=annonceService-producer-1] Bootstrap broker localhost:9099 (id: -1 rack: null isFenced: false) disconnected
2026-01-12T21:58:30.067+01:00  INFO 59125 --- [annonceService] [vice-producer-1] org.apache.kafka.clients.Metadata        : [Producer clientId=annonceService-producer-1] Rebootstrapping with [localhost/127.0.0.1:9099]
2026-01-12T21:58:30.120+01:00  INFO 59125 --- [annonceService] [vice-producer-1] org.apache.kafka.clients.NetworkClient   : [Producer clientId=annonceService-producer-1] Node -1 disconnected.
2026-01-12T21:58:30.121+01:00  WARN 59125 --- [annonceService] [vice-producer-1] org.apache.kafka.clients.NetworkClient   : [Producer clientId=annonceService-producer-1] Connection to node -1 (localhost/127.0.0.1:9099) could not be established. Node may not be available.
2026-01-12T21:58:30.121+01:00  WARN 59125 --- [annonceService] [vice-producer-1] org.apache.kafka.clients.NetworkClient   : [Producer clientId=annonceService-producer-1] Bootstrap broker localhost:9099 (id: -1 rack: null isFenced: false) disconnected
2026-01-12T21:58:30.988+01:00  INFO 59125 --- [annonceService] [vice-producer-1] org.apache.kafka.clients.NetworkClient   : [Producer clientId=annonceService-producer-1] Node -1 disconnected.
2026-01-12T21:58:30.988+01:00  WARN 59125 --- [annonceService] [vice-producer-1] org.apache.kafka.clients.NetworkClient   : [Producer clientId=annonceService-producer-1] Connection to node -1 (localhost/127.0.0.1:9099) could not be established. Node may not be available.
2026-01-12T21:58:30.988+01:00  WARN 59125 --- [annonceService] [vice-producer-1] org.apache.kafka.clients.NetworkClient   : [Producer clientId=annonceService-producer-1] Bootstrap broker localhost:9099 (id: -1 rack: null isFenced: false) disconnected
2026-01-12T21:58:31.093+01:00  INFO 59125 --- [annonceService] [vice-producer-1] org.apache.kafka.clients.Metadata        : [Producer clientId=annonceService-producer-1] Rebootstrapping with [localhost/127.0.0.1:9099]
2026-01-12T21:58:31.144+01:00  INFO 59125 --- [annonceService] [vice-producer-1] org.apache.kafka.clients.Metadata        : [Producer clientId=annonceService-producer-1] Rebootstrapping with [localhost/127.0.0.1:9099]
2026-01-12T21:58:31.196+01:00  INFO 59125 --- [annonceService] [vice-producer-1] org.apache.kafka.clients.Metadata        : [Producer clientId=annonceService-producer-1] Rebootstrapping with [localhost/127.0.0.1:9099]
2026-01-12T21:58:31.247+01:00  INFO 59125 --- [annonceService] [vice-producer-1] org.apache.kafka.clients.Metadata        : [Producer clientId=annonceService-producer-1] Rebootstrapping with [localhost/127.0.0.1:9099]
2026-01-12T21:58:31.299+01:00  INFO 59125 --- [annonceService] [vice-producer-1] org.apache.kafka.clients.Metadata        : [Producer clientId=annonceService-producer-1] Rebootstrapping with [localhost/127.0.0.1:9099]
2026-01-12T21:58:31.350+01:00  INFO 59125 --- [annonceService] [vice-producer-1] org.apache.kafka.clients.Metadata        : [Producer clientId=annonceService-producer-1] Rebootstrapping with [localhost/127.0.0.1:9099]
2026-01-12T21:58:31.402+01:00  INFO 59125 --- [annonceService] [vice-producer-1] org.apache.kafka.clients.Metadata        : [Producer clientId=annonceService-producer-1] Rebootstrapping with [localhost/127.0.0.1:9099]
2026-01-12T21:58:31.453+01:00  INFO 59125 --- [annonceService] [vice-producer-1] org.apache.kafka.clients.Metadata        : [Producer clientId=annonceService-producer-1] Rebootstrapping with [localhost/127.0.0.1:9099]
2026-01-12T21:58:31.506+01:00  INFO 59125 --- [annonceService] [vice-producer-1] org.apache.kafka.clients.Metadata        : [Producer clientId=annonceService-producer-1] Rebootstrapping with [localhost/127.0.0.1:9099]
2026-01-12T21:58:31.558+01:00  INFO 59125 --- [annonceService] [vice-producer-1] org.apache.kafka.clients.Metadata        : [Producer clientId=annonceService-producer-1] Rebootstrapping with [localhost/127.0.0.1:9099]
2026-01-12T21:58:31.609+01:00  INFO 59125 --- [annonceService] [vice-producer-1] org.apache.kafka.clients.Metadata        : [Producer clientId=annonceService-producer-1] Rebootstrapping with [localhost/127.0.0.1:9099]
2026-01-12T21:58:31.661+01:00  INFO 59125 --- [annonceService] [vice-producer-1] org.apache.kafka.clients.Metadata        : [Producer clientId=annonceService-producer-1] Rebootstrapping with [localhost/127.0.0.1:9099]
2026-01-12T21:58:31.712+01:00  INFO 59125 --- [annonceService] [vice-producer-1] org.apache.kafka.clients.Metadata        : [Producer clientId=annonceService-producer-1] Rebootstrapping with [localhost/127.0.0.1:9099]
2026-01-12T21:58:31.766+01:00  INFO 59125 --- [annonceService] [vice-producer-1] org.apache.kafka.clients.Metadata        : [Producer clientId=annonceService-producer-1] Rebootstrapping with [localhost/127.0.0.1:9099]
2026-01-12T21:58:31.818+01:00  INFO 59125 --- [annonceService] [vice-producer-1] org.apache.kafka.clients.Metadata        : [Producer clientId=annonceService-producer-1] Rebootstrapping with [localhost/127.0.0.1:9099]
2026-01-12T21:58:31.869+01:00  INFO 59125 --- [annonceService] [vice-producer-1] org.apache.kafka.clients.Metadata        : [Producer clientId=annonceService-producer-1] Rebootstrapping with [localhost/127.0.0.1:9099]
2026-01-12T21:58:31.920+01:00  INFO 59125 --- [annonceService] [vice-producer-1] org.apache.kafka.clients.Metadata        : [Producer clientId=annonceService-producer-1] Rebootstrapping with [localhost/127.0.0.1:9099]
2026-01-12T21:58:31.972+01:00  INFO 59125 --- [annonceService] [vice-producer-1] org.apache.kafka.clients.Metadata        : [Producer clientId=annonceService-producer-1] Rebootstrapping with [localhost/127.0.0.1:9099]
2026-01-12T21:58:32.024+01:00  INFO 59125 --- [annonceService] [vice-producer-1] org.apache.kafka.clients.NetworkClient   : [Producer clientId=annonceService-producer-1] Node -1 disconnected.
2026-01-12T21:58:32.025+01:00  WARN 59125 --- [annonceService] [vice-producer-1] org.apache.kafka.clients.NetworkClient   : [Producer clientId=annonceService-producer-1] Connection to node -1 (localhost/127.0.0.1:9099) could not be established. Node may not be available.
2026-01-12T21:58:32.025+01:00  WARN 59125 --- [annonceService] [vice-producer-1] org.apache.kafka.clients.NetworkClient   : [Producer clientId=annonceService-producer-1] Bootstrap broker localhost:9099 (id: -1 rack: null isFenced: false) disconnected
2026-01-12T21:58:33.026+01:00  INFO 59125 --- [annonceService] [vice-producer-1] org.apache.kafka.clients.NetworkClient   : [Producer clientId=annonceService-producer-1] Node -1 disconnected.
2026-01-12T21:58:33.026+01:00  WARN 59125 --- [annonceService] [vice-producer-1] org.apache.kafka.clients.NetworkClient   : [Producer clientId=annonceService-producer-1] Connection to node -1 (localhost/127.0.0.1:9099) could not be established. Node may not be available.
2026-01-12T21:58:33.026+01:00  WARN 59125 --- [annonceService] [vice-producer-1] org.apache.kafka.clients.NetworkClient   : [Producer clientId=annonceService-producer-1] Bootstrap broker localhost:9099 (id: -1 rack: null isFenced: false) disconnected
2026-01-12T21:58:33.944+01:00  INFO 59125 --- [annonceService] [vice-producer-1] org.apache.kafka.clients.NetworkClient   : [Producer clientId=annonceService-producer-1] Node -1 disconnected.
2026-01-12T21:58:33.945+01:00  WARN 59125 --- [annonceService] [vice-producer-1] org.apache.kafka.clients.NetworkClient   : [Producer clientId=annonceService-producer-1] Connection to node -1 (localhost/127.0.0.1:9099) could not be established. Node may not be available.
2026-01-12T21:58:33.945+01:00  WARN 59125 --- [annonceService] [vice-producer-1] org.apache.kafka.clients.NetworkClient   : [Producer clientId=annonceService-producer-1] Bootstrap broker localhost:9099 (id: -1 rack: null isFenced: false) disconnected
2026-01-12T21:58:34.050+01:00  INFO 59125 --- [annonceService] [vice-producer-1] org.apache.kafka.clients.Metadata        : [Producer clientId=annonceService-producer-1] Rebootstrapping with [localhost/127.0.0.1:9099]
2026-01-12T21:58:34.101+01:00  INFO 59125 --- [annonceService] [vice-producer-1] org.apache.kafka.clients.Metadata        : [Producer clientId=annonceService-producer-1] Rebootstrapping with [localhost/127.0.0.1:9099]
2026-01-12T21:58:34.153+01:00  INFO 59125 --- [annonceService] [vice-producer-1] org.apache.kafka.clients.Metadata        : [Producer clientId=annonceService-producer-1] Rebootstrapping with [localhost/127.0.0.1:9099]
2026-01-12T21:58:34.204+01:00  INFO 59125 --- [annonceService] [vice-producer-1] org.apache.kafka.clients.Metadata        : [Producer clientId=annonceService-producer-1] Rebootstrapping with [localhost/127.0.0.1:9099]
2026-01-12T21:58:34.256+01:00  INFO 59125 --- [annonceService] [vice-producer-1] org.apache.kafka.clients.Metadata        : [Producer clientId=annonceService-producer-1] Rebootstrapping with [localhost/127.0.0.1:9099]
2026-01-12T21:58:34.307+01:00  INFO 59125 --- [annonceService] [vice-producer-1] org.apache.kafka.clients.Metadata        : [Producer clientId=annonceService-producer-1] Rebootstrapping with [localhost/127.0.0.1:9099]
2026-01-12T21:58:34.358+01:00  INFO 59125 --- [annonceService] [vice-producer-1] org.apache.kafka.clients.Metadata        : [Producer clientId=annonceService-producer-1] Rebootstrapping with [localhost/127.0.0.1:9099]
2026-01-12T21:58:34.410+01:00  INFO 59125 --- [annonceService] [vice-producer-1] org.apache.kafka.clients.Metadata        : [Producer clientId=annonceService-producer-1] Rebootstrapping with [localhost/127.0.0.1:9099]
2026-01-12T21:58:34.460+01:00  INFO 59125 --- [annonceService] [vice-producer-1] org.apache.kafka.clients.Metadata        : [Producer clientId=annonceService-producer-1] Rebootstrapping with [localhost/127.0.0.1:9099]
2026-01-12T21:58:34.511+01:00  INFO 59125 --- [annonceService] [vice-producer-1] org.apache.kafka.clients.Metadata        : [Producer clientId=annonceService-producer-1] Rebootstrapping with [localhost/127.0.0.1:9099]
2026-01-12T21:58:34.562+01:00  INFO 59125 --- [annonceService] [vice-producer-1] org.apache.kafka.clients.Metadata        : [Producer clientId=annonceService-producer-1] Rebootstrapping with [localhost/127.0.0.1:9099]
2026-01-12T21:58:34.613+01:00  INFO 59125 --- [annonceService] [vice-producer-1] org.apache.kafka.clients.Metadata        : [Producer clientId=annonceService-producer-1] Rebootstrapping with [localhost/127.0.0.1:9099]
2026-01-12T21:58:34.665+01:00  INFO 59125 --- [annonceService] [vice-producer-1] org.apache.kafka.clients.Metadata        : [Producer clientId=annonceService-producer-1] Rebootstrapping with [localhost/127.0.0.1:9099]
2026-01-12T21:58:34.717+01:00  INFO 59125 --- [annonceService] [vice-producer-1] org.apache.kafka.clients.Metadata        : [Producer clientId=annonceService-producer-1] Rebootstrapping with [localhost/127.0.0.1:9099]
2026-01-12T21:58:34.768+01:00  INFO 59125 --- [annonceService] [vice-producer-1] org.apache.kafka.clients.Metadata        : [Producer clientId=annonceService-producer-1] Rebootstrapping with [localhost/127.0.0.1:9099]
2026-01-12T21:58:34.819+01:00  INFO 59125 --- [annonceService] [vice-producer-1] org.apache.kafka.clients.Metadata        : [Producer clientId=annonceService-producer-1] Rebootstrapping with [localhost/127.0.0.1:9099]
2026-01-12T21:58:34.872+01:00  INFO 59125 --- [annonceService] [vice-producer-1] org.apache.kafka.clients.NetworkClient   : [Producer clientId=annonceService-producer-1] Node -1 disconnected.
2026-01-12T21:58:34.872+01:00  WARN 59125 --- [annonceService] [vice-producer-1] org.apache.kafka.clients.NetworkClient   : [Producer clientId=annonceService-producer-1] Connection to node -1 (localhost/127.0.0.1:9099) could not be established. Node may not be available.
2026-01-12T21:58:34.872+01:00  WARN 59125 --- [annonceService] [vice-producer-1] org.apache.kafka.clients.NetworkClient   : [Producer clientId=annonceService-producer-1] Bootstrap broker localhost:9099 (id: -1 rack: null isFenced: false) disconnected
2026-01-12T21:58:35.795+01:00  INFO 59125 --- [annonceService] [vice-producer-1] org.apache.kafka.clients.NetworkClient   : [Producer clientId=annonceService-producer-1] Node -1 disconnected.
2026-01-12T21:58:35.795+01:00  WARN 59125 --- [annonceService] [vice-producer-1] org.apache.kafka.clients.NetworkClient   : [Producer clientId=annonceService-producer-1] Connection to node -1 (localhost/127.0.0.1:9099) could not be established. Node may not be available.
2026-01-12T21:58:35.795+01:00  WARN 59125 --- [annonceService] [vice-producer-1] org.apache.kafka.clients.NetworkClient   : [Producer clientId=annonceService-producer-1] Bootstrap broker localhost:9099 (id: -1 rack: null isFenced: false) disconnected
2026-01-12T21:58:35.900+01:00  INFO 59125 --- [annonceService] [vice-producer-1] org.apache.kafka.clients.Metadata        : [Producer clientId=annonceService-producer-1] Rebootstrapping with [localhost/127.0.0.1:9099]
2026-01-12T21:58:35.952+01:00  INFO 59125 --- [annonceService] [vice-producer-1] org.apache.kafka.clients.Metadata        : [Producer clientId=annonceService-producer-1] Rebootstrapping with [localhost/127.0.0.1:9099]
2026-01-12T21:58:36.004+01:00  INFO 59125 --- [annonceService] [vice-producer-1] org.apache.kafka.clients.Metadata        : [Producer clientId=annonceService-producer-1] Rebootstrapping with [localhost/127.0.0.1:9099]
2026-01-12T21:58:36.055+01:00  INFO 59125 --- [annonceService] [vice-producer-1] org.apache.kafka.clients.Metadata        : [Producer clientId=annonceService-producer-1] Rebootstrapping with [localhost/127.0.0.1:9099]
2026-01-12T21:58:36.105+01:00  INFO 59125 --- [annonceService] [vice-producer-1] org.apache.kafka.clients.Metadata        : [Producer clientId=annonceService-producer-1] Rebootstrapping with [localhost/127.0.0.1:9099]
2026-01-12T21:58:36.156+01:00  INFO 59125 --- [annonceService] [vice-producer-1] org.apache.kafka.clients.Metadata        : [Producer clientId=annonceService-producer-1] Rebootstrapping with [localhost/127.0.0.1:9099]
2026-01-12T21:58:36.207+01:00  INFO 59125 --- [annonceService] [vice-producer-1] org.apache.kafka.clients.Metadata        : [Producer clientId=annonceService-producer-1] Rebootstrapping with [localhost/127.0.0.1:9099]
2026-01-12T21:58:36.258+01:00  INFO 59125 --- [annonceService] [vice-producer-1] org.apache.kafka.clients.Metadata        : [Producer clientId=annonceService-producer-1] Rebootstrapping with [localhost/127.0.0.1:9099]
2026-01-12T21:58:36.310+01:00  INFO 59125 --- [annonceService] [vice-producer-1] org.apache.kafka.clients.Metadata        : [Producer clientId=annonceService-producer-1] Rebootstrapping with [localhost/127.0.0.1:9099]
2026-01-12T21:58:36.362+01:00  INFO 59125 --- [annonceService] [vice-producer-1] org.apache.kafka.clients.Metadata        : [Producer clientId=annonceService-producer-1] Rebootstrapping with [localhost/127.0.0.1:9099]
2026-01-12T21:58:36.414+01:00  INFO 59125 --- [annonceService] [vice-producer-1] org.apache.kafka.clients.Metadata        : [Producer clientId=annonceService-producer-1] Rebootstrapping with [localhost/127.0.0.1:9099]
2026-01-12T21:58:36.465+01:00  INFO 59125 --- [annonceService] [vice-producer-1] org.apache.kafka.clients.Metadata        : [Producer clientId=annonceService-producer-1] Rebootstrapping with [localhost/127.0.0.1:9099]
2026-01-12T21:58:36.517+01:00  INFO 59125 --- [annonceService] [vice-producer-1] org.apache.kafka.clients.Metadata        : [Producer clientId=annonceService-producer-1] Rebootstrapping with [localhost/127.0.0.1:9099]
2026-01-12T21:58:36.568+01:00  INFO 59125 --- [annonceService] [vice-producer-1] org.apache.kafka.clients.Metadata        : [Producer clientId=annonceService-producer-1] Rebootstrapping with [localhost/127.0.0.1:9099]
2026-01-12T21:58:36.620+01:00  INFO 59125 --- [annonceService] [vice-producer-1] org.apache.kafka.clients.Metadata        : [Producer clientId=annonceService-producer-1] Rebootstrapping with [localhost/127.0.0.1:9099]
2026-01-12T21:58:36.671+01:00  INFO 59125 --- [annonceService] [vice-producer-1] org.apache.kafka.clients.Metadata        : [Producer clientId=annonceService-producer-1] Rebootstrapping with [localhost/127.0.0.1:9099]
2026-01-12T21:58:36.723+01:00  INFO 59125 --- [annonceService] [vice-producer-1] org.apache.kafka.clients.Metadata        : [Producer clientId=annonceService-producer-1] Rebootstrapping with [localhost/127.0.0.1:9099]
2026-01-12T21:58:36.774+01:00  INFO 59125 --- [annonceService] [vice-producer-1] org.apache.kafka.clients.Metadata        : [Producer clientId=annonceService-producer-1] Rebootstrapping with [localhost/127.0.0.1:9099]
2026-01-12T21:58:36.826+01:00  INFO 59125 --- [annonceService] [vice-producer-1] org.apache.kafka.clients.NetworkClient   : [Producer clientId=annonceService-producer-1] Node -1 disconnected.
2026-01-12T21:58:36.827+01:00  WARN 59125 --- [annonceService] [vice-producer-1] org.apache.kafka.clients.NetworkClient   : [Producer clientId=annonceService-producer-1] Connection to node -1 (localhost/127.0.0.1:9099) could not be established. Node may not be available.
2026-01-12T21:58:36.827+01:00  WARN 59125 --- [annonceService] [vice-producer-1] org.apache.kafka.clients.NetworkClient   : [Producer clientId=annonceService-producer-1] Bootstrap broker localhost:9099 (id: -1 rack: null isFenced: false) disconnected
2026-01-12T21:58:37.699+01:00  INFO 59125 --- [annonceService] [vice-producer-1] org.apache.kafka.clients.Metadata        : [Producer clientId=annonceService-producer-1] Rebootstrapping with [localhost/127.0.0.1:9099]
2026-01-12T21:58:37.829+01:00  INFO 59125 --- [annonceService] [vice-producer-1] org.apache.kafka.clients.NetworkClient   : [Producer clientId=annonceService-producer-1] Node -1 disconnected.
2026-01-12T21:58:37.829+01:00  WARN 59125 --- [annonceService] [vice-producer-1] org.apache.kafka.clients.NetworkClient   : [Producer clientId=annonceService-producer-1] Connection to node -1 (localhost/127.0.0.1:9099) could not be established. Node may not be available.
2026-01-12T21:58:37.829+01:00  WARN 59125 --- [annonceService] [vice-producer-1] org.apache.kafka.clients.NetworkClient   : [Producer clientId=annonceService-producer-1] Bootstrap broker localhost:9099 (id: -1 rack: null isFenced: false) disconnected
2026-01-12T21:58:38.832+01:00  INFO 59125 --- [annonceService] [vice-producer-1] org.apache.kafka.clients.NetworkClient   : [Producer clientId=annonceService-producer-1] Node -1 disconnected.
2026-01-12T21:58:38.832+01:00  WARN 59125 --- [annonceService] [vice-producer-1] org.apache.kafka.clients.NetworkClient   : [Producer clientId=annonceService-producer-1] Connection to node -1 (localhost/127.0.0.1:9099) could not be established. Node may not be available.
2026-01-12T21:58:38.832+01:00  WARN 59125 --- [annonceService] [vice-producer-1] org.apache.kafka.clients.NetworkClient   : [Producer clientId=annonceService-producer-1] Bootstrap broker localhost:9099 (id: -1 rack: null isFenced: false) disconnected
2026-01-12T21:58:39.757+01:00  INFO 59125 --- [annonceService] [vice-producer-1] org.apache.kafka.clients.Metadata        : [Producer clientId=annonceService-producer-1] Rebootstrapping with [localhost/127.0.0.1:9099]
2026-01-12T21:58:39.814+01:00  INFO 59125 --- [annonceService] [vice-producer-1] org.apache.kafka.clients.NetworkClient   : [Producer clientId=annonceService-producer-1] Node -1 disconnected.
2026-01-12T21:58:39.815+01:00  WARN 59125 --- [annonceService] [vice-producer-1] org.apache.kafka.clients.NetworkClient   : [Producer clientId=annonceService-producer-1] Connection to node -1 (localhost/127.0.0.1:9099) could not be established. Node may not be available.
2026-01-12T21:58:39.815+01:00  WARN 59125 --- [annonceService] [vice-producer-1] org.apache.kafka.clients.NetworkClient   : [Producer clientId=annonceService-producer-1] Bootstrap broker localhost:9099 (id: -1 rack: null isFenced: false) disconnected
2026-01-12T21:58:40.726+01:00  INFO 59125 --- [annonceService] [vice-producer-1] org.apache.kafka.clients.Metadata        : [Producer clientId=annonceService-producer-1] Rebootstrapping with [localhost/127.0.0.1:9099]
2026-01-12T21:58:40.806+01:00  INFO 59125 --- [annonceService] [vice-producer-1] org.apache.kafka.clients.NetworkClient   : [Producer clientId=annonceService-producer-1] Node -1 disconnected.
2026-01-12T21:58:40.806+01:00  WARN 59125 --- [annonceService] [vice-producer-1] org.apache.kafka.clients.NetworkClient   : [Producer clientId=annonceService-producer-1] Connection to node -1 (localhost/127.0.0.1:9099) could not be established. Node may not be available.
2026-01-12T21:58:40.806+01:00  WARN 59125 --- [annonceService] [vice-producer-1] org.apache.kafka.clients.NetworkClient   : [Producer clientId=annonceService-producer-1] Bootstrap broker localhost:9099 (id: -1 rack: null isFenced: false) disconnected
2026-01-12T21:58:40.913+01:00  INFO 59125 --- [annonceService] [vice-producer-1] org.apache.kafka.clients.Metadata        : [Producer clientId=annonceService-producer-1] Rebootstrapping with [localhost/127.0.0.1:9099]
2026-01-12T21:58:40.965+01:00  INFO 59125 --- [annonceService] [vice-producer-1] org.apache.kafka.clients.Metadata        : [Producer clientId=annonceService-producer-1] Rebootstrapping with [localhost/127.0.0.1:9099]
2026-01-12T21:58:41.016+01:00  INFO 59125 --- [annonceService] [vice-producer-1] org.apache.kafka.clients.Metadata        : [Producer clientId=annonceService-producer-1] Rebootstrapping with [localhost/127.0.0.1:9099]
2026-01-12T21:58:41.068+01:00  INFO 59125 --- [annonceService] [vice-producer-1] org.apache.kafka.clients.Metadata        : [Producer clientId=annonceService-producer-1] Rebootstrapping with [localhost/127.0.0.1:9099]
2026-01-12T21:58:41.119+01:00  INFO 59125 --- [annonceService] [vice-producer-1] org.apache.kafka.clients.Metadata        : [Producer clientId=annonceService-producer-1] Rebootstrapping with [localhost/127.0.0.1:9099]
2026-01-12T21:58:41.171+01:00  INFO 59125 --- [annonceService] [vice-producer-1] org.apache.kafka.clients.Metadata        : [Producer clientId=annonceService-producer-1] Rebootstrapping with [localhost/127.0.0.1:9099]
2026-01-12T21:58:41.222+01:00  INFO 59125 --- [annonceService] [vice-producer-1] org.apache.kafka.clients.Metadata        : [Producer clientId=annonceService-producer-1] Rebootstrapping with [localhost/127.0.0.1:9099]
2026-01-12T21:58:41.273+01:00  INFO 59125 --- [annonceService] [vice-producer-1] org.apache.kafka.clients.Metadata        : [Producer clientId=annonceService-producer-1] Rebootstrapping with [localhost/127.0.0.1:9099]
2026-01-12T21:58:41.324+01:00  INFO 59125 --- [annonceService] [vice-producer-1] org.apache.kafka.clients.Metadata        : [Producer clientId=annonceService-producer-1] Rebootstrapping with [localhost/127.0.0.1:9099]
2026-01-12T21:58:41.376+01:00  INFO 59125 --- [annonceService] [vice-producer-1] org.apache.kafka.clients.Metadata        : [Producer clientId=annonceService-producer-1] Rebootstrapping with [localhost/127.0.0.1:9099]
2026-01-12T21:58:41.430+01:00  INFO 59125 --- [annonceService] [vice-producer-1] org.apache.kafka.clients.Metadata        : [Producer clientId=annonceService-producer-1] Rebootstrapping with [localhost/127.0.0.1:9099]
2026-01-12T21:58:41.481+01:00  INFO 59125 --- [annonceService] [vice-producer-1] org.apache.kafka.clients.Metadata        : [Producer clientId=annonceService-producer-1] Rebootstrapping with [localhost/127.0.0.1:9099]
2026-01-12T21:58:41.532+01:00  INFO 59125 --- [annonceService] [vice-producer-1] org.apache.kafka.clients.Metadata        : [Producer clientId=annonceService-producer-1] Rebootstrapping with [localhost/127.0.0.1:9099]
2026-01-12T21:58:41.583+01:00  INFO 59125 --- [annonceService] [vice-producer-1] org.apache.kafka.clients.Metadata        : [Producer clientId=annonceService-producer-1] Rebootstrapping with [localhost/127.0.0.1:9099]
2026-01-12T21:58:41.634+01:00  INFO 59125 --- [annonceService] [vice-producer-1] org.apache.kafka.clients.Metadata        : [Producer clientId=annonceService-producer-1] Rebootstrapping with [localhost/127.0.0.1:9099]
2026-01-12T21:58:41.687+01:00  INFO 59125 --- [annonceService] [vice-producer-1] org.apache.kafka.clients.Metadata        : [Producer clientId=annonceService-producer-1] Rebootstrapping with [localhost/127.0.0.1:9099]
2026-01-12T21:58:41.739+01:00  INFO 59125 --- [annonceService] [vice-producer-1] org.apache.kafka.clients.Metadata        : [Producer clientId=annonceService-producer-1] Rebootstrapping with [localhost/127.0.0.1:9099]
2026-01-12T21:58:41.790+01:00  INFO 59125 --- [annonceService] [vice-producer-1] org.apache.kafka.clients.Metadata        : [Producer clientId=annonceService-producer-1] Rebootstrapping with [localhost/127.0.0.1:9099]
2026-01-12T21:58:41.842+01:00  INFO 59125 --- [annonceService] [vice-producer-1] org.apache.kafka.clients.NetworkClient   : [Producer clientId=annonceService-producer-1] Node -1 disconnected.
2026-01-12T21:58:41.842+01:00  WARN 59125 --- [annonceService] [vice-producer-1] org.apache.kafka.clients.NetworkClient   : [Producer clientId=annonceService-producer-1] Connection to node -1 (localhost/127.0.0.1:9099) could not be established. Node may not be available.
2026-01-12T21:58:41.842+01:00  WARN 59125 --- [annonceService] [vice-producer-1] org.apache.kafka.clients.NetworkClient   : [Producer clientId=annonceService-producer-1] Bootstrap broker localhost:9099 (id: -1 rack: null isFenced: false) disconnected
2026-01-12T21:58:42.846+01:00  INFO 59125 --- [annonceService] [vice-producer-1] org.apache.kafka.clients.NetworkClient   : [Producer clientId=annonceService-producer-1] Node -1 disconnected.
2026-01-12T21:58:42.846+01:00  WARN 59125 --- [annonceService] [vice-producer-1] org.apache.kafka.clients.NetworkClient   : [Producer clientId=annonceService-producer-1] Connection to node -1 (localhost/127.0.0.1:9099) could not be established. Node may not be available.
2026-01-12T21:58:42.846+01:00  WARN 59125 --- [annonceService] [vice-producer-1] org.apache.kafka.clients.NetworkClient   : [Producer clientId=annonceService-producer-1] Bootstrap broker localhost:9099 (id: -1 rack: null isFenced: false) disconnected
2026-01-12T21:58:43.768+01:00  INFO 59125 --- [annonceService] [vice-producer-1] org.apache.kafka.clients.Metadata        : [Producer clientId=annonceService-producer-1] Rebootstrapping with [localhost/127.0.0.1:9099]
2026-01-12T21:58:43.826+01:00  INFO 59125 --- [annonceService] [vice-producer-1] org.apache.kafka.clients.NetworkClient   : [Producer clientId=annonceService-producer-1] Node -1 disconnected.
2026-01-12T21:58:43.826+01:00  WARN 59125 --- [annonceService] [vice-producer-1] org.apache.kafka.clients.NetworkClient   : [Producer clientId=annonceService-producer-1] Connection to node -1 (localhost/127.0.0.1:9099) could not be established. Node may not be available.
2026-01-12T21:58:43.826+01:00  WARN 59125 --- [annonceService] [vice-producer-1] org.apache.kafka.clients.NetworkClient   : [Producer clientId=annonceService-producer-1] Bootstrap broker localhost:9099 (id: -1 rack: null isFenced: false) disconnected
2026-01-12T21:58:43.931+01:00  INFO 59125 --- [annonceService] [vice-producer-1] org.apache.kafka.clients.Metadata        : [Producer clientId=annonceService-producer-1] Rebootstrapping with [localhost/127.0.0.1:9099]
2026-01-12T21:58:43.982+01:00  INFO 59125 --- [annonceService] [vice-producer-1] org.apache.kafka.clients.Metadata        : [Producer clientId=annonceService-producer-1] Rebootstrapping with [localhost/127.0.0.1:9099]
2026-01-12T21:58:44.033+01:00  INFO 59125 --- [annonceService] [vice-producer-1] org.apache.kafka.clients.Metadata        : [Producer clientId=annonceService-producer-1] Rebootstrapping with [localhost/127.0.0.1:9099]
2026-01-12T21:58:44.084+01:00  INFO 59125 --- [annonceService] [vice-producer-1] org.apache.kafka.clients.Metadata        : [Producer clientId=annonceService-producer-1] Rebootstrapping with [localhost/127.0.0.1:9099]
2026-01-12T21:58:44.135+01:00  INFO 59125 --- [annonceService] [vice-producer-1] org.apache.kafka.clients.Metadata        : [Producer clientId=annonceService-producer-1] Rebootstrapping with [localhost/127.0.0.1:9099]
2026-01-12T21:58:44.188+01:00  INFO 59125 --- [annonceService] [vice-producer-1] org.apache.kafka.clients.Metadata        : [Producer clientId=annonceService-producer-1] Rebootstrapping with [localhost/127.0.0.1:9099]
2026-01-12T21:58:44.239+01:00  INFO 59125 --- [annonceService] [vice-producer-1] org.apache.kafka.clients.Metadata        : [Producer clientId=annonceService-producer-1] Rebootstrapping with [localhost/127.0.0.1:9099]
2026-01-12T21:58:44.291+01:00  INFO 59125 --- [annonceService] [vice-producer-1] org.apache.kafka.clients.Metadata        : [Producer clientId=annonceService-producer-1] Rebootstrapping with [localhost/127.0.0.1:9099]
2026-01-12T21:58:44.342+01:00  INFO 59125 --- [annonceService] [vice-producer-1] org.apache.kafka.clients.Metadata        : [Producer clientId=annonceService-producer-1] Rebootstrapping with [localhost/127.0.0.1:9099]
2026-01-12T21:58:44.394+01:00  INFO 59125 --- [annonceService] [vice-producer-1] org.apache.kafka.clients.Metadata        : [Producer clientId=annonceService-producer-1] Rebootstrapping with [localhost/127.0.0.1:9099]
2026-01-12T21:58:44.445+01:00  INFO 59125 --- [annonceService] [vice-producer-1] org.apache.kafka.clients.Metadata        : [Producer clientId=annonceService-producer-1] Rebootstrapping with [localhost/127.0.0.1:9099]
2026-01-12T21:58:44.497+01:00  INFO 59125 --- [annonceService] [vice-producer-1] org.apache.kafka.clients.Metadata        : [Producer clientId=annonceService-producer-1] Rebootstrapping with [localhost/127.0.0.1:9099]
2026-01-12T21:58:44.548+01:00  INFO 59125 --- [annonceService] [vice-producer-1] org.apache.kafka.clients.Metadata        : [Producer clientId=annonceService-producer-1] Rebootstrapping with [localhost/127.0.0.1:9099]
2026-01-12T21:58:44.600+01:00  INFO 59125 --- [annonceService] [vice-producer-1] org.apache.kafka.clients.Metadata        : [Producer clientId=annonceService-producer-1] Rebootstrapping with [localhost/127.0.0.1:9099]
2026-01-12T21:58:44.651+01:00  INFO 59125 --- [annonceService] [vice-producer-1] org.apache.kafka.clients.Metadata        : [Producer clientId=annonceService-producer-1] Rebootstrapping with [localhost/127.0.0.1:9099]
2026-01-12T21:58:44.702+01:00  INFO 59125 --- [annonceService] [vice-producer-1] org.apache.kafka.clients.Metadata        : [Producer clientId=annonceService-producer-1] Rebootstrapping with [localhost/127.0.0.1:9099]
2026-01-12T21:58:44.754+01:00  INFO 59125 --- [annonceService] [vice-producer-1] org.apache.kafka.clients.Metadata        : [Producer clientId=annonceService-producer-1] Rebootstrapping with [localhost/127.0.0.1:9099]
2026-01-12T21:58:44.805+01:00  INFO 59125 --- [annonceService] [vice-producer-1] org.apache.kafka.clients.Metadata        : [Producer clientId=annonceService-producer-1] Rebootstrapping with [localhost/127.0.0.1:9099]
2026-01-12T21:58:44.856+01:00  INFO 59125 --- [annonceService] [vice-producer-1] org.apache.kafka.clients.NetworkClient   : [Producer clientId=annonceService-producer-1] Node -1 disconnected.
2026-01-12T21:58:44.856+01:00  WARN 59125 --- [annonceService] [vice-producer-1] org.apache.kafka.clients.NetworkClient   : [Producer clientId=annonceService-producer-1] Connection to node -1 (localhost/127.0.0.1:9099) could not be established. Node may not be available.
2026-01-12T21:58:44.856+01:00  WARN 59125 --- [annonceService] [vice-producer-1] org.apache.kafka.clients.NetworkClient   : [Producer clientId=annonceService-producer-1] Bootstrap broker localhost:9099 (id: -1 rack: null isFenced: false) disconnected
2026-01-12T21:58:45.725+01:00  INFO 59125 --- [annonceService] [vice-producer-1] org.apache.kafka.clients.NetworkClient   : [Producer clientId=annonceService-producer-1] Node -1 disconnected.
2026-01-12T21:58:45.725+01:00  WARN 59125 --- [annonceService] [vice-producer-1] org.apache.kafka.clients.NetworkClient   : [Producer clientId=annonceService-producer-1] Connection to node -1 (localhost/127.0.0.1:9099) could not be established. Node may not be available.
2026-01-12T21:58:45.725+01:00  WARN 59125 --- [annonceService] [vice-producer-1] org.apache.kafka.clients.NetworkClient   : [Producer clientId=annonceService-producer-1] Bootstrap broker localhost:9099 (id: -1 rack: null isFenced: false) disconnected
2026-01-12T21:58:45.857+01:00  INFO 59125 --- [annonceService] [vice-producer-1] org.apache.kafka.clients.Metadata        : [Producer clientId=annonceService-producer-1] Rebootstrapping with [localhost/127.0.0.1:9099]
2026-01-12T21:58:45.908+01:00  INFO 59125 --- [annonceService] [vice-producer-1] org.apache.kafka.clients.Metadata        : [Producer clientId=annonceService-producer-1] Rebootstrapping with [localhost/127.0.0.1:9099]
2026-01-12T21:58:45.960+01:00  INFO 59125 --- [annonceService] [vice-producer-1] org.apache.kafka.clients.Metadata        : [Producer clientId=annonceService-producer-1] Rebootstrapping with [localhost/127.0.0.1:9099]
2026-01-12T21:58:46.011+01:00  INFO 59125 --- [annonceService] [vice-producer-1] org.apache.kafka.clients.Metadata        : [Producer clientId=annonceService-producer-1] Rebootstrapping with [localhost/127.0.0.1:9099]
2026-01-12T21:58:46.062+01:00  INFO 59125 --- [annonceService] [vice-producer-1] org.apache.kafka.clients.Metadata        : [Producer clientId=annonceService-producer-1] Rebootstrapping with [localhost/127.0.0.1:9099]
2026-01-12T21:58:46.113+01:00  INFO 59125 --- [annonceService] [vice-producer-1] org.apache.kafka.clients.Metadata        : [Producer clientId=annonceService-producer-1] Rebootstrapping with [localhost/127.0.0.1:9099]
2026-01-12T21:58:46.164+01:00  INFO 59125 --- [annonceService] [vice-producer-1] org.apache.kafka.clients.Metadata        : [Producer clientId=annonceService-producer-1] Rebootstrapping with [localhost/127.0.0.1:9099]
2026-01-12T21:58:46.216+01:00  INFO 59125 --- [annonceService] [vice-producer-1] org.apache.kafka.clients.Metadata        : [Producer clientId=annonceService-producer-1] Rebootstrapping with [localhost/127.0.0.1:9099]
2026-01-12T21:58:46.267+01:00  INFO 59125 --- [annonceService] [vice-producer-1] org.apache.kafka.clients.Metadata        : [Producer clientId=annonceService-producer-1] Rebootstrapping with [localhost/127.0.0.1:9099]
2026-01-12T21:58:46.318+01:00  INFO 59125 --- [annonceService] [vice-producer-1] org.apache.kafka.clients.Metadata        : [Producer clientId=annonceService-producer-1] Rebootstrapping with [localhost/127.0.0.1:9099]
2026-01-12T21:58:46.369+01:00  INFO 59125 --- [annonceService] [vice-producer-1] org.apache.kafka.clients.Metadata        : [Producer clientId=annonceService-producer-1] Rebootstrapping with [localhost/127.0.0.1:9099]
2026-01-12T21:58:46.420+01:00  INFO 59125 --- [annonceService] [vice-producer-1] org.apache.kafka.clients.Metadata        : [Producer clientId=annonceService-producer-1] Rebootstrapping with [localhost/127.0.0.1:9099]
2026-01-12T21:58:46.472+01:00  INFO 59125 --- [annonceService] [vice-producer-1] org.apache.kafka.clients.Metadata        : [Producer clientId=annonceService-producer-1] Rebootstrapping with [localhost/127.0.0.1:9099]
2026-01-12T21:58:46.523+01:00  INFO 59125 --- [annonceService] [vice-producer-1] org.apache.kafka.clients.Metadata        : [Producer clientId=annonceService-producer-1] Rebootstrapping with [localhost/127.0.0.1:9099]
2026-01-12T21:58:46.575+01:00  INFO 59125 --- [annonceService] [vice-producer-1] org.apache.kafka.clients.Metadata        : [Producer clientId=annonceService-producer-1] Rebootstrapping with [localhost/127.0.0.1:9099]
2026-01-12T21:58:46.626+01:00  INFO 59125 --- [annonceService] [vice-producer-1] org.apache.kafka.clients.Metadata        : [Producer clientId=annonceService-producer-1] Rebootstrapping with [localhost/127.0.0.1:9099]
2026-01-12T21:58:46.677+01:00  INFO 59125 --- [annonceService] [vice-producer-1] org.apache.kafka.clients.NetworkClient   : [Producer clientId=annonceService-producer-1] Node -1 disconnected.
2026-01-12T21:58:46.677+01:00  WARN 59125 --- [annonceService] [vice-producer-1] org.apache.kafka.clients.NetworkClient   : [Producer clientId=annonceService-producer-1] Connection to node -1 (localhost/127.0.0.1:9099) could not be established. Node may not be available.
2026-01-12T21:58:46.677+01:00  WARN 59125 --- [annonceService] [vice-producer-1] org.apache.kafka.clients.NetworkClient   : [Producer clientId=annonceService-producer-1] Bootstrap broker localhost:9099 (id: -1 rack: null isFenced: false) disconnected
2026-01-12T21:58:47.546+01:00  INFO 59125 --- [annonceService] [vice-producer-1] org.apache.kafka.clients.NetworkClient   : [Producer clientId=annonceService-producer-1] Node -1 disconnected.
2026-01-12T21:58:47.548+01:00  WARN 59125 --- [annonceService] [vice-producer-1] org.apache.kafka.clients.NetworkClient   : [Producer clientId=annonceService-producer-1] Connection to node -1 (localhost/127.0.0.1:9099) could not be established. Node may not be available.
2026-01-12T21:58:47.548+01:00  WARN 59125 --- [annonceService] [vice-producer-1] org.apache.kafka.clients.NetworkClient   : [Producer clientId=annonceService-producer-1] Bootstrap broker localhost:9099 (id: -1 rack: null isFenced: false) disconnected
2026-01-12T21:58:47.679+01:00  INFO 59125 --- [annonceService] [vice-producer-1] org.apache.kafka.clients.Metadata        : [Producer clientId=annonceService-producer-1] Rebootstrapping with [localhost/127.0.0.1:9099]
2026-01-12T21:58:47.731+01:00  INFO 59125 --- [annonceService] [vice-producer-1] org.apache.kafka.clients.Metadata        : [Producer clientId=annonceService-producer-1] Rebootstrapping with [localhost/127.0.0.1:9099]
2026-01-12T21:58:47.782+01:00  INFO 59125 --- [annonceService] [vice-producer-1] org.apache.kafka.clients.Metadata        : [Producer clientId=annonceService-producer-1] Rebootstrapping with [localhost/127.0.0.1:9099]
2026-01-12T21:58:47.833+01:00  INFO 59125 --- [annonceService] [vice-producer-1] org.apache.kafka.clients.Metadata        : [Producer clientId=annonceService-producer-1] Rebootstrapping with [localhost/127.0.0.1:9099]
2026-01-12T21:58:47.884+01:00  INFO 59125 --- [annonceService] [vice-producer-1] org.apache.kafka.clients.Metadata        : [Producer clientId=annonceService-producer-1] Rebootstrapping with [localhost/127.0.0.1:9099]
2026-01-12T21:58:47.935+01:00  INFO 59125 --- [annonceService] [vice-producer-1] org.apache.kafka.clients.Metadata        : [Producer clientId=annonceService-producer-1] Rebootstrapping with [localhost/127.0.0.1:9099]
2026-01-12T21:58:47.986+01:00  INFO 59125 --- [annonceService] [vice-producer-1] org.apache.kafka.clients.Metadata        : [Producer clientId=annonceService-producer-1] Rebootstrapping with [localhost/127.0.0.1:9099]
2026-01-12T21:58:48.038+01:00  INFO 59125 --- [annonceService] [vice-producer-1] org.apache.kafka.clients.Metadata        : [Producer clientId=annonceService-producer-1] Rebootstrapping with [localhost/127.0.0.1:9099]
2026-01-12T21:58:48.091+01:00  INFO 59125 --- [annonceService] [vice-producer-1] org.apache.kafka.clients.Metadata        : [Producer clientId=annonceService-producer-1] Rebootstrapping with [localhost/127.0.0.1:9099]
2026-01-12T21:58:48.142+01:00  INFO 59125 --- [annonceService] [vice-producer-1] org.apache.kafka.clients.Metadata        : [Producer clientId=annonceService-producer-1] Rebootstrapping with [localhost/127.0.0.1:9099]
2026-01-12T21:58:48.196+01:00  INFO 59125 --- [annonceService] [vice-producer-1] org.apache.kafka.clients.Metadata        : [Producer clientId=annonceService-producer-1] Rebootstrapping with [localhost/127.0.0.1:9099]
2026-01-12T21:58:48.248+01:00  INFO 59125 --- [annonceService] [vice-producer-1] org.apache.kafka.clients.Metadata        : [Producer clientId=annonceService-producer-1] Rebootstrapping with [localhost/127.0.0.1:9099]
2026-01-12T21:58:48.299+01:00  INFO 59125 --- [annonceService] [vice-producer-1] org.apache.kafka.clients.Metadata        : [Producer clientId=annonceService-producer-1] Rebootstrapping with [localhost/127.0.0.1:9099]
2026-01-12T21:58:48.350+01:00  INFO 59125 --- [annonceService] [vice-producer-1] org.apache.kafka.clients.Metadata        : [Producer clientId=annonceService-producer-1] Rebootstrapping with [localhost/127.0.0.1:9099]
2026-01-12T21:58:48.402+01:00  INFO 59125 --- [annonceService] [vice-producer-1] org.apache.kafka.clients.Metadata        : [Producer clientId=annonceService-producer-1] Rebootstrapping with [localhost/127.0.0.1:9099]
2026-01-12T21:58:48.454+01:00  INFO 59125 --- [annonceService] [vice-producer-1] org.apache.kafka.clients.Metadata        : [Producer clientId=annonceService-producer-1] Rebootstrapping with [localhost/127.0.0.1:9099]
2026-01-12T21:58:48.505+01:00  INFO 59125 --- [annonceService] [vice-producer-1] org.apache.kafka.clients.Metadata        : [Producer clientId=annonceService-producer-1] Rebootstrapping with [localhost/127.0.0.1:9099]
2026-01-12T21:58:48.556+01:00  INFO 59125 --- [annonceService] [vice-producer-1] org.apache.kafka.clients.NetworkClient   : [Producer clientId=annonceService-producer-1] Node -1 disconnected.
2026-01-12T21:58:48.557+01:00  WARN 59125 --- [annonceService] [vice-producer-1] org.apache.kafka.clients.NetworkClient   : [Producer clientId=annonceService-producer-1] Connection to node -1 (localhost/127.0.0.1:9099) could not be established. Node may not be available.
2026-01-12T21:58:48.557+01:00  WARN 59125 --- [annonceService] [vice-producer-1] org.apache.kafka.clients.NetworkClient   : [Producer clientId=annonceService-producer-1] Bootstrap broker localhost:9099 (id: -1 rack: null isFenced: false) disconnected
2026-01-12T21:58:49.480+01:00  INFO 59125 --- [annonceService] [vice-producer-1] org.apache.kafka.clients.Metadata        : [Producer clientId=annonceService-producer-1] Rebootstrapping with [localhost/127.0.0.1:9099]
2026-01-12T21:58:49.559+01:00  INFO 59125 --- [annonceService] [vice-producer-1] org.apache.kafka.clients.NetworkClient   : [Producer clientId=annonceService-producer-1] Node -1 disconnected.
2026-01-12T21:58:49.559+01:00  WARN 59125 --- [annonceService] [vice-producer-1] org.apache.kafka.clients.NetworkClient   : [Producer clientId=annonceService-producer-1] Connection to node -1 (localhost/127.0.0.1:9099) could not be established. Node may not be available.
2026-01-12T21:58:49.559+01:00  WARN 59125 --- [annonceService] [vice-producer-1] org.apache.kafka.clients.NetworkClient   : [Producer clientId=annonceService-producer-1] Bootstrap broker localhost:9099 (id: -1 rack: null isFenced: false) disconnected
2026-01-12T21:58:50.481+01:00  INFO 59125 --- [annonceService] [vice-producer-1] org.apache.kafka.clients.NetworkClient   : [Producer clientId=annonceService-producer-1] Node -1 disconnected.
2026-01-12T21:58:50.482+01:00  WARN 59125 --- [annonceService] [vice-producer-1] org.apache.kafka.clients.NetworkClient   : [Producer clientId=annonceService-producer-1] Connection to node -1 (localhost/127.0.0.1:9099) could not be established. Node may not be available.
2026-01-12T21:58:50.482+01:00  WARN 59125 --- [annonceService] [vice-producer-1] org.apache.kafka.clients.NetworkClient   : [Producer clientId=annonceService-producer-1] Bootstrap broker localhost:9099 (id: -1 rack: null isFenced: false) disconnected
2026-01-12T21:58:50.584+01:00  INFO 59125 --- [annonceService] [vice-producer-1] org.apache.kafka.clients.Metadata        : [Producer clientId=annonceService-producer-1] Rebootstrapping with [localhost/127.0.0.1:9099]
2026-01-12T21:58:50.635+01:00  INFO 59125 --- [annonceService] [vice-producer-1] org.apache.kafka.clients.Metadata        : [Producer clientId=annonceService-producer-1] Rebootstrapping with [localhost/127.0.0.1:9099]
2026-01-12T21:58:50.686+01:00  INFO 59125 --- [annonceService] [vice-producer-1] org.apache.kafka.clients.Metadata        : [Producer clientId=annonceService-producer-1] Rebootstrapping with [localhost/127.0.0.1:9099]
2026-01-12T21:58:50.737+01:00  INFO 59125 --- [annonceService] [vice-producer-1] org.apache.kafka.clients.Metadata        : [Producer clientId=annonceService-producer-1] Rebootstrapping with [localhost/127.0.0.1:9099]
2026-01-12T21:58:50.789+01:00  INFO 59125 --- [annonceService] [vice-producer-1] org.apache.kafka.clients.Metadata        : [Producer clientId=annonceService-producer-1] Rebootstrapping with [localhost/127.0.0.1:9099]
2026-01-12T21:58:50.840+01:00  INFO 59125 --- [annonceService] [vice-producer-1] org.apache.kafka.clients.Metadata        : [Producer clientId=annonceService-producer-1] Rebootstrapping with [localhost/127.0.0.1:9099]
2026-01-12T21:58:50.891+01:00  INFO 59125 --- [annonceService] [vice-producer-1] org.apache.kafka.clients.Metadata        : [Producer clientId=annonceService-producer-1] Rebootstrapping with [localhost/127.0.0.1:9099]
2026-01-12T21:58:50.944+01:00  INFO 59125 --- [annonceService] [vice-producer-1] org.apache.kafka.clients.Metadata        : [Producer clientId=annonceService-producer-1] Rebootstrapping with [localhost/127.0.0.1:9099]
2026-01-12T21:58:50.995+01:00  INFO 59125 --- [annonceService] [vice-producer-1] org.apache.kafka.clients.Metadata        : [Producer clientId=annonceService-producer-1] Rebootstrapping with [localhost/127.0.0.1:9099]
2026-01-12T21:58:51.047+01:00  INFO 59125 --- [annonceService] [vice-producer-1] org.apache.kafka.clients.Metadata        : [Producer clientId=annonceService-producer-1] Rebootstrapping with [localhost/127.0.0.1:9099]
2026-01-12T21:58:51.098+01:00  INFO 59125 --- [annonceService] [vice-producer-1] org.apache.kafka.clients.Metadata        : [Producer clientId=annonceService-producer-1] Rebootstrapping with [localhost/127.0.0.1:9099]
2026-01-12T21:58:51.149+01:00  INFO 59125 --- [annonceService] [vice-producer-1] org.apache.kafka.clients.Metadata        : [Producer clientId=annonceService-producer-1] Rebootstrapping with [localhost/127.0.0.1:9099]
2026-01-12T21:58:51.201+01:00  INFO 59125 --- [annonceService] [vice-producer-1] org.apache.kafka.clients.Metadata        : [Producer clientId=annonceService-producer-1] Rebootstrapping with [localhost/127.0.0.1:9099]
2026-01-12T21:58:51.252+01:00  INFO 59125 --- [annonceService] [vice-producer-1] org.apache.kafka.clients.Metadata        : [Producer clientId=annonceService-producer-1] Rebootstrapping with [localhost/127.0.0.1:9099]
2026-01-12T21:58:51.303+01:00  INFO 59125 --- [annonceService] [vice-producer-1] org.apache.kafka.clients.Metadata        : [Producer clientId=annonceService-producer-1] Rebootstrapping with [localhost/127.0.0.1:9099]
2026-01-12T21:58:51.354+01:00  INFO 59125 --- [annonceService] [vice-producer-1] org.apache.kafka.clients.Metadata        : [Producer clientId=annonceService-producer-1] Rebootstrapping with [localhost/127.0.0.1:9099]
2026-01-12T21:58:51.406+01:00  INFO 59125 --- [annonceService] [vice-producer-1] org.apache.kafka.clients.Metadata        : [Producer clientId=annonceService-producer-1] Rebootstrapping with [localhost/127.0.0.1:9099]
2026-01-12T21:58:51.457+01:00  INFO 59125 --- [annonceService] [vice-producer-1] org.apache.kafka.clients.Metadata        : [Producer clientId=annonceService-producer-1] Rebootstrapping with [localhost/127.0.0.1:9099]
2026-01-12T21:58:51.509+01:00  INFO 59125 --- [annonceService] [vice-producer-1] org.apache.kafka.clients.NetworkClient   : [Producer clientId=annonceService-producer-1] Node -1 disconnected.
2026-01-12T21:58:51.509+01:00  WARN 59125 --- [annonceService] [vice-producer-1] org.apache.kafka.clients.NetworkClient   : [Producer clientId=annonceService-producer-1] Connection to node -1 (localhost/127.0.0.1:9099) could not be established. Node may not be available.
2026-01-12T21:58:51.509+01:00  WARN 59125 --- [annonceService] [vice-producer-1] org.apache.kafka.clients.NetworkClient   : [Producer clientId=annonceService-producer-1] Bootstrap broker localhost:9099 (id: -1 rack: null isFenced: false) disconnected
2026-01-12T21:58:52.384+01:00  INFO 59125 --- [annonceService] [vice-producer-1] org.apache.kafka.clients.NetworkClient   : [Producer clientId=annonceService-producer-1] Node -1 disconnected.
2026-01-12T21:58:52.385+01:00  WARN 59125 --- [annonceService] [vice-producer-1] org.apache.kafka.clients.NetworkClient   : [Producer clientId=annonceService-producer-1] Connection to node -1 (localhost/127.0.0.1:9099) could not be established. Node may not be available.
2026-01-12T21:58:52.385+01:00  WARN 59125 --- [annonceService] [vice-producer-1] org.apache.kafka.clients.NetworkClient   : [Producer clientId=annonceService-producer-1] Bootstrap broker localhost:9099 (id: -1 rack: null isFenced: false) disconnected
2026-01-12T21:58:53.386+01:00  INFO 59125 --- [annonceService] [vice-producer-1] org.apache.kafka.clients.NetworkClient   : [Producer clientId=annonceService-producer-1] Node -1 disconnected.
2026-01-12T21:58:53.386+01:00  WARN 59125 --- [annonceService] [vice-producer-1] org.apache.kafka.clients.NetworkClient   : [Producer clientId=annonceService-producer-1] Connection to node -1 (localhost/127.0.0.1:9099) could not be established. Node may not be available.
2026-01-12T21:58:53.386+01:00  WARN 59125 --- [annonceService] [vice-producer-1] org.apache.kafka.clients.NetworkClient   : [Producer clientId=annonceService-producer-1] Bootstrap broker localhost:9099 (id: -1 rack: null isFenced: false) disconnected
2026-01-12T21:58:54.307+01:00  INFO 59125 --- [annonceService] [vice-producer-1] org.apache.kafka.clients.Metadata        : [Producer clientId=annonceService-producer-1] Rebootstrapping with [localhost/127.0.0.1:9099]
2026-01-12T21:58:54.388+01:00  INFO 59125 --- [annonceService] [vice-producer-1] org.apache.kafka.clients.NetworkClient   : [Producer clientId=annonceService-producer-1] Node -1 disconnected.
2026-01-12T21:58:54.389+01:00  WARN 59125 --- [annonceService] [vice-producer-1] org.apache.kafka.clients.NetworkClient   : [Producer clientId=annonceService-producer-1] Connection to node -1 (localhost/127.0.0.1:9099) could not be established. Node may not be available.
2026-01-12T21:58:54.389+01:00  WARN 59125 --- [annonceService] [vice-producer-1] org.apache.kafka.clients.NetworkClient   : [Producer clientId=annonceService-producer-1] Bootstrap broker localhost:9099 (id: -1 rack: null isFenced: false) disconnected
2026-01-12T21:58:55.390+01:00  INFO 59125 --- [annonceService] [vice-producer-1] org.apache.kafka.clients.NetworkClient   : [Producer clientId=annonceService-producer-1] Node -1 disconnected.
2026-01-12T21:58:55.390+01:00  WARN 59125 --- [annonceService] [vice-producer-1] org.apache.kafka.clients.NetworkClient   : [Producer clientId=annonceService-producer-1] Connection to node -1 (localhost/127.0.0.1:9099) could not be established. Node may not be available.
2026-01-12T21:58:55.390+01:00  WARN 59125 --- [annonceService] [vice-producer-1] org.apache.kafka.clients.NetworkClient   : [Producer clientId=annonceService-producer-1] Bootstrap broker localhost:9099 (id: -1 rack: null isFenced: false) disconnected
2026-01-12T21:58:56.259+01:00  INFO 59125 --- [annonceService] [vice-producer-1] org.apache.kafka.clients.Metadata        : [Producer clientId=annonceService-producer-1] Rebootstrapping with [localhost/127.0.0.1:9099]
2026-01-12T21:58:56.365+01:00  INFO 59125 --- [annonceService] [vice-producer-1] org.apache.kafka.clients.NetworkClient   : [Producer clientId=annonceService-producer-1] Node -1 disconnected.
2026-01-12T21:58:56.365+01:00  WARN 59125 --- [annonceService] [vice-producer-1] org.apache.kafka.clients.NetworkClient   : [Producer clientId=annonceService-producer-1] Connection to node -1 (localhost/127.0.0.1:9099) could not be established. Node may not be available.
2026-01-12T21:58:56.365+01:00  WARN 59125 --- [annonceService] [vice-producer-1] org.apache.kafka.clients.NetworkClient   : [Producer clientId=annonceService-producer-1] Bootstrap broker localhost:9099 (id: -1 rack: null isFenced: false) disconnected
2026-01-12T21:58:56.468+01:00  INFO 59125 --- [annonceService] [vice-producer-1] org.apache.kafka.clients.Metadata        : [Producer clientId=annonceService-producer-1] Rebootstrapping with [localhost/127.0.0.1:9099]
2026-01-12T21:58:56.520+01:00  INFO 59125 --- [annonceService] [vice-producer-1] org.apache.kafka.clients.Metadata        : [Producer clientId=annonceService-producer-1] Rebootstrapping with [localhost/127.0.0.1:9099]
2026-01-12T21:58:56.571+01:00  INFO 59125 --- [annonceService] [vice-producer-1] org.apache.kafka.clients.Metadata        : [Producer clientId=annonceService-producer-1] Rebootstrapping with [localhost/127.0.0.1:9099]
2026-01-12T21:58:56.623+01:00  INFO 59125 --- [annonceService] [vice-producer-1] org.apache.kafka.clients.Metadata        : [Producer clientId=annonceService-producer-1] Rebootstrapping with [localhost/127.0.0.1:9099]
2026-01-12T21:58:56.674+01:00  INFO 59125 --- [annonceService] [vice-producer-1] org.apache.kafka.clients.Metadata        : [Producer clientId=annonceService-producer-1] Rebootstrapping with [localhost/127.0.0.1:9099]
2026-01-12T21:58:56.726+01:00  INFO 59125 --- [annonceService] [vice-producer-1] org.apache.kafka.clients.Metadata        : [Producer clientId=annonceService-producer-1] Rebootstrapping with [localhost/127.0.0.1:9099]
2026-01-12T21:58:56.776+01:00  INFO 59125 --- [annonceService] [vice-producer-1] org.apache.kafka.clients.Metadata        : [Producer clientId=annonceService-producer-1] Rebootstrapping with [localhost/127.0.0.1:9099]
2026-01-12T21:58:56.833+01:00  INFO 59125 --- [annonceService] [vice-producer-1] org.apache.kafka.clients.Metadata        : [Producer clientId=annonceService-producer-1] Rebootstrapping with [localhost/127.0.0.1:9099]
2026-01-12T21:58:56.884+01:00  INFO 59125 --- [annonceService] [vice-producer-1] org.apache.kafka.clients.Metadata        : [Producer clientId=annonceService-producer-1] Rebootstrapping with [localhost/127.0.0.1:9099]
2026-01-12T21:58:56.935+01:00  INFO 59125 --- [annonceService] [vice-producer-1] org.apache.kafka.clients.Metadata        : [Producer clientId=annonceService-producer-1] Rebootstrapping with [localhost/127.0.0.1:9099]
2026-01-12T21:58:56.989+01:00  INFO 59125 --- [annonceService] [vice-producer-1] org.apache.kafka.clients.Metadata        : [Producer clientId=annonceService-producer-1] Rebootstrapping with [localhost/127.0.0.1:9099]
2026-01-12T21:58:57.040+01:00  INFO 59125 --- [annonceService] [vice-producer-1] org.apache.kafka.clients.Metadata        : [Producer clientId=annonceService-producer-1] Rebootstrapping with [localhost/127.0.0.1:9099]
2026-01-12T21:58:57.092+01:00  INFO 59125 --- [annonceService] [vice-producer-1] org.apache.kafka.clients.Metadata        : [Producer clientId=annonceService-producer-1] Rebootstrapping with [localhost/127.0.0.1:9099]
2026-01-12T21:58:57.144+01:00  INFO 59125 --- [annonceService] [vice-producer-1] org.apache.kafka.clients.Metadata        : [Producer clientId=annonceService-producer-1] Rebootstrapping with [localhost/127.0.0.1:9099]
2026-01-12T21:58:57.195+01:00  INFO 59125 --- [annonceService] [vice-producer-1] org.apache.kafka.clients.Metadata        : [Producer clientId=annonceService-producer-1] Rebootstrapping with [localhost/127.0.0.1:9099]
2026-01-12T21:58:57.249+01:00  INFO 59125 --- [annonceService] [vice-producer-1] org.apache.kafka.clients.Metadata        : [Producer clientId=annonceService-producer-1] Rebootstrapping with [localhost/127.0.0.1:9099]
2026-01-12T21:58:57.299+01:00  INFO 59125 --- [annonceService] [vice-producer-1] org.apache.kafka.clients.Metadata        : [Producer clientId=annonceService-producer-1] Rebootstrapping with [localhost/127.0.0.1:9099]
2026-01-12T21:58:57.351+01:00  INFO 59125 --- [annonceService] [vice-producer-1] org.apache.kafka.clients.Metadata        : [Producer clientId=annonceService-producer-1] Rebootstrapping with [localhost/127.0.0.1:9099]
2026-01-12T21:58:57.405+01:00  INFO 59125 --- [annonceService] [vice-producer-1] org.apache.kafka.clients.NetworkClient   : [Producer clientId=annonceService-producer-1] Node -1 disconnected.
2026-01-12T21:58:57.405+01:00  WARN 59125 --- [annonceService] [vice-producer-1] org.apache.kafka.clients.NetworkClient   : [Producer clientId=annonceService-producer-1] Connection to node -1 (localhost/127.0.0.1:9099) could not be established. Node may not be available.
2026-01-12T21:58:57.405+01:00  WARN 59125 --- [annonceService] [vice-producer-1] org.apache.kafka.clients.NetworkClient   : [Producer clientId=annonceService-producer-1] Bootstrap broker localhost:9099 (id: -1 rack: null isFenced: false) disconnected
2026-01-12T21:58:58.377+01:00  INFO 59125 --- [annonceService] [vice-producer-1] org.apache.kafka.clients.Metadata        : [Producer clientId=annonceService-producer-1] Rebootstrapping with [localhost/127.0.0.1:9099]
2026-01-12T21:58:58.429+01:00  INFO 59125 --- [annonceService] [vice-producer-1] org.apache.kafka.clients.NetworkClient   : [Producer clientId=annonceService-producer-1] Node -1 disconnected.
2026-01-12T21:58:58.430+01:00  WARN 59125 --- [annonceService] [vice-producer-1] org.apache.kafka.clients.NetworkClient   : [Producer clientId=annonceService-producer-1] Connection to node -1 (localhost/127.0.0.1:9099) could not be established. Node may not be available.
2026-01-12T21:58:58.430+01:00  WARN 59125 --- [annonceService] [vice-producer-1] org.apache.kafka.clients.NetworkClient   : [Producer clientId=annonceService-producer-1] Bootstrap broker localhost:9099 (id: -1 rack: null isFenced: false) disconnected
2026-01-12T21:58:59.398+01:00  INFO 59125 --- [annonceService] [vice-producer-1] org.apache.kafka.clients.Metadata        : [Producer clientId=annonceService-producer-1] Rebootstrapping with [localhost/127.0.0.1:9099]
2026-01-12T21:58:59.451+01:00  INFO 59125 --- [annonceService] [vice-producer-1] org.apache.kafka.clients.NetworkClient   : [Producer clientId=annonceService-producer-1] Node -1 disconnected.
2026-01-12T21:58:59.451+01:00  WARN 59125 --- [annonceService] [vice-producer-1] org.apache.kafka.clients.NetworkClient   : [Producer clientId=annonceService-producer-1] Connection to node -1 (localhost/127.0.0.1:9099) could not be established. Node may not be available.
2026-01-12T21:58:59.452+01:00  WARN 59125 --- [annonceService] [vice-producer-1] org.apache.kafka.clients.NetworkClient   : [Producer clientId=annonceService-producer-1] Bootstrap broker localhost:9099 (id: -1 rack: null isFenced: false) disconnected
2026-01-12T21:59:00.424+01:00  INFO 59125 --- [annonceService] [vice-producer-1] org.apache.kafka.clients.Metadata        : [Producer clientId=annonceService-producer-1] Rebootstrapping with [localhost/127.0.0.1:9099]
2026-01-12T21:59:00.477+01:00  INFO 59125 --- [annonceService] [vice-producer-1] org.apache.kafka.clients.NetworkClient   : [Producer clientId=annonceService-producer-1] Node -1 disconnected.
2026-01-12T21:59:00.478+01:00  WARN 59125 --- [annonceService] [vice-producer-1] org.apache.kafka.clients.NetworkClient   : [Producer clientId=annonceService-producer-1] Connection to node -1 (localhost/127.0.0.1:9099) could not be established. Node may not be available.
2026-01-12T21:59:00.478+01:00  WARN 59125 --- [annonceService] [vice-producer-1] org.apache.kafka.clients.NetworkClient   : [Producer clientId=annonceService-producer-1] Bootstrap broker localhost:9099 (id: -1 rack: null isFenced: false) disconnected
